[{"id": 0, "parent": 51, "children": [], "label": "chair", "path": ["/data/S3DIS/Stanford3dDataset_v1.2_Aligned_Version/Area_1/conferenceRoom_2/Annotations/chair_8.txt"]}, {"id": 1, "parent": 48, "children": [], "label": "chair", "path": ["/data/S3DIS/Stanford3dDataset_v1.2_Aligned_Version/Area_1/conferenceRoom_2/Annotations/chair_21.txt"]}, {"id": 2, "parent": 53, "children": [], "label": "floor", "path": ["/data/S3DIS/Stanford3dDataset_v1.2_Aligned_Version/Area_1/conferenceRoom_2/Annotations/floor_1.txt"]}, {"id": 3, "parent": 57, "children": [], "label": "door", "path": ["/data/S3DIS/Stanford3dDataset_v1.2_Aligned_Version/Area_1/conferenceRoom_2/Annotations/door_1.txt"]}, {"id": 4, "parent": 63, "children": [], "label": "bookcase", "path": ["/data/S3DIS/Stanford3dDataset_v1.2_Aligned_Version/Area_1/conferenceRoom_2/Annotations/bookcase_2.txt"]}, {"id": 5, "parent": 50, "children": [], "label": "table", "path": ["/data/S3DIS/Stanford3dDataset_v1.2_Aligned_Version/Area_1/conferenceRoom_2/Annotations/table_2.txt"]}, {"id": 7, "parent": 55, "children": [], "label": "ceiling", "path": ["/data/S3DIS/Stanford3dDataset_v1.2_Aligned_Version/Area_1/conferenceRoom_2/Annotations/ceiling_1.txt"]}, {"id": 8, "parent": 51, "children": [], "label": "chair", "path": ["/data/S3DIS/Stanford3dDataset_v1.2_Aligned_Version/Area_1/conferenceRoom_2/Annotations/chair_10.txt"]}, {"id": 9, "parent": -1, "children": [], "label": "clutter", "path": ["/data/S3DIS/Stanford3dDataset_v1.2_Aligned_Version/Area_1/conferenceRoom_2/Annotations/clutter_2.txt"]}, {"id": 10, "parent": 47, "children": [], "label": "wall", "path": ["/data/S3DIS/Stanford3dDataset_v1.2_Aligned_Version/Area_1/conferenceRoom_2/Annotations/wall_2.txt"]}, {"id": 11, "parent": 48, "children": [], "label": "chair", "path": ["/data/S3DIS/Stanford3dDataset_v1.2_Aligned_Version/Area_1/conferenceRoom_2/Annotations/chair_16.txt"]}, {"id": 12, "parent": 52, "children": [], "label": "column", "path": ["/data/S3DIS/Stanford3dDataset_v1.2_Aligned_Version/Area_1/conferenceRoom_2/Annotations/column_4.txt"]}, {"id": 13, "parent": -1, "children": [], "label": "clutter", "path": ["/data/S3DIS/Stanford3dDataset_v1.2_Aligned_Version/Area_1/conferenceRoom_2/Annotations/clutter_1.txt"]}, {"id": 14, "parent": 54, "children": [], "label": "beam", "path": ["/data/S3DIS/Stanford3dDataset_v1.2_Aligned_Version/Area_1/conferenceRoom_2/Annotations/beam_1.txt"]}, {"id": 15, "parent": 49, "children": [], "label": "chair", "path": ["/data/S3DIS/Stanford3dDataset_v1.2_Aligned_Version/Area_1/conferenceRoom_2/Annotations/chair_1.txt"]}, {"id": 16, "parent": 48, "children": [], "label": "chair", "path": ["/data/S3DIS/Stanford3dDataset_v1.2_Aligned_Version/Area_1/conferenceRoom_2/Annotations/chair_20.txt"]}, {"id": 17, "parent": 51, "children": [], "label": "chair", "path": ["/data/S3DIS/Stanford3dDataset_v1.2_Aligned_Version/Area_1/conferenceRoom_2/Annotations/chair_9.txt"]}, {"id": 18, "parent": 48, "children": [], "label": "chair", "path": ["/data/S3DIS/Stanford3dDataset_v1.2_Aligned_Version/Area_1/conferenceRoom_2/Annotations/chair_18.txt"]}, {"id": 19, "parent": 58, "children": [], "label": "sofa", "path": ["/data/S3DIS/Stanford3dDataset_v1.2_Aligned_Version/Area_1/conferenceRoom_2/Annotations/sofa_1.txt"]}, {"id": 20, "parent": 51, "children": [], "label": "chair", "path": ["/data/S3DIS/Stanford3dDataset_v1.2_Aligned_Version/Area_1/conferenceRoom_2/Annotations/chair_6.txt"]}, {"id": 21, "parent": 48, "children": [], "label": "chair", "path": ["/data/S3DIS/Stanford3dDataset_v1.2_Aligned_Version/Area_1/conferenceRoom_2/Annotations/chair_15.txt"]}, {"id": 22, "parent": 59, "children": [], "label": "board", "path": ["/data/S3DIS/Stanford3dDataset_v1.2_Aligned_Version/Area_1/conferenceRoom_2/Annotations/board_1.txt"]}, {"id": 23, "parent": 56, "children": [], "label": "window", "path": ["/data/S3DIS/Stanford3dDataset_v1.2_Aligned_Version/Area_1/conferenceRoom_2/Annotations/window_2.txt"]}, {"id": 24, "parent": -1, "children": [], "label": "clutter", "path": ["/data/S3DIS/Stanford3dDataset_v1.2_Aligned_Version/Area_1/conferenceRoom_2/Annotations/clutter_4.txt"]}, {"id": 25, "parent": 51, "children": [], "label": "chair", "path": ["/data/S3DIS/Stanford3dDataset_v1.2_Aligned_Version/Area_1/conferenceRoom_2/Annotations/chair_5.txt"]}, {"id": 26, "parent": 56, "children": [], "label": "window", "path": ["/data/S3DIS/Stanford3dDataset_v1.2_Aligned_Version/Area_1/conferenceRoom_2/Annotations/window_1.txt"]}, {"id": 27, "parent": 49, "children": [], "label": "chair", "path": ["/data/S3DIS/Stanford3dDataset_v1.2_Aligned_Version/Area_1/conferenceRoom_2/Annotations/chair_4.txt"]}, {"id": 28, "parent": 64, "children": [], "label": "bookcase", "path": ["/data/S3DIS/Stanford3dDataset_v1.2_Aligned_Version/Area_1/conferenceRoom_2/Annotations/bookcase_1.txt"]}, {"id": 29, "parent": 47, "children": [], "label": "wall", "path": ["/data/S3DIS/Stanford3dDataset_v1.2_Aligned_Version/Area_1/conferenceRoom_2/Annotations/wall_1.txt"]}, {"id": 30, "parent": 51, "children": [], "label": "chair", "path": ["/data/S3DIS/Stanford3dDataset_v1.2_Aligned_Version/Area_1/conferenceRoom_2/Annotations/chair_7.txt"]}, {"id": 31, "parent": 52, "children": [], "label": "column", "path": ["/data/S3DIS/Stanford3dDataset_v1.2_Aligned_Version/Area_1/conferenceRoom_2/Annotations/column_1.txt"]}, {"id": 32, "parent": 48, "children": [], "label": "chair", "path": ["/data/S3DIS/Stanford3dDataset_v1.2_Aligned_Version/Area_1/conferenceRoom_2/Annotations/chair_17.txt"]}, {"id": 33, "parent": 48, "children": [], "label": "chair", "path": ["/data/S3DIS/Stanford3dDataset_v1.2_Aligned_Version/Area_1/conferenceRoom_2/Annotations/chair_12.txt"]}, {"id": 34, "parent": 49, "children": [], "label": "chair", "path": ["/data/S3DIS/Stanford3dDataset_v1.2_Aligned_Version/Area_1/conferenceRoom_2/Annotations/chair_3.txt"]}, {"id": 35, "parent": 48, "children": [], "label": "chair", "path": ["/data/S3DIS/Stanford3dDataset_v1.2_Aligned_Version/Area_1/conferenceRoom_2/Annotations/chair_23.txt"]}, {"id": 36, "parent": 52, "children": [], "label": "column", "path": ["/data/S3DIS/Stanford3dDataset_v1.2_Aligned_Version/Area_1/conferenceRoom_2/Annotations/column_3.txt"]}, {"id": 37, "parent": 51, "children": [], "label": "chair", "path": ["/data/S3DIS/Stanford3dDataset_v1.2_Aligned_Version/Area_1/conferenceRoom_2/Annotations/chair_11.txt"]}, {"id": 38, "parent": 48, "children": [], "label": "chair", "path": ["/data/S3DIS/Stanford3dDataset_v1.2_Aligned_Version/Area_1/conferenceRoom_2/Annotations/chair_13.txt"]}, {"id": 39, "parent": 48, "children": [], "label": "chair", "path": ["/data/S3DIS/Stanford3dDataset_v1.2_Aligned_Version/Area_1/conferenceRoom_2/Annotations/chair_14.txt"]}, {"id": 40, "parent": 50, "children": [], "label": "table", "path": ["/data/S3DIS/Stanford3dDataset_v1.2_Aligned_Version/Area_1/conferenceRoom_2/Annotations/table_1.txt"]}, {"id": 41, "parent": 48, "children": [], "label": "chair", "path": ["/data/S3DIS/Stanford3dDataset_v1.2_Aligned_Version/Area_1/conferenceRoom_2/Annotations/chair_22.txt"]}, {"id": 42, "parent": 48, "children": [], "label": "chair", "path": ["/data/S3DIS/Stanford3dDataset_v1.2_Aligned_Version/Area_1/conferenceRoom_2/Annotations/chair_19.txt"]}, {"id": 43, "parent": -1, "children": [], "label": "clutter", "path": ["/data/S3DIS/Stanford3dDataset_v1.2_Aligned_Version/Area_1/conferenceRoom_2/Annotations/clutter_3.txt"]}, {"id": 44, "parent": 52, "children": [], "label": "column", "path": ["/data/S3DIS/Stanford3dDataset_v1.2_Aligned_Version/Area_1/conferenceRoom_2/Annotations/column_2.txt"]}, {"id": 45, "parent": 49, "children": [], "label": "chair", "path": ["/data/S3DIS/Stanford3dDataset_v1.2_Aligned_Version/Area_1/conferenceRoom_2/Annotations/chair_2.txt"]}, {"id": 46, "parent": 47, "children": [], "label": "wall", "path": ["/data/S3DIS/Stanford3dDataset_v1.2_Aligned_Version/Area_1/conferenceRoom_2/Annotations/wall_3.txt"]}, {"id": 47, "parent": 60, "children": [10, 29, 46], "label": "wall group", "path": ["/data/S3DIS/Stanford3dDataset_v1.2_Aligned_Version/Area_1/conferenceRoom_2/Annotations/wall_2.txt", "/data/S3DIS/Stanford3dDataset_v1.2_Aligned_Version/Area_1/conferenceRoom_2/Annotations/wall_1.txt", "/data/S3DIS/Stanford3dDataset_v1.2_Aligned_Version/Area_1/conferenceRoom_2/Annotations/wall_3.txt"]}, {"id": 48, "parent": 61, "children": [1, 11, 16, 18, 21, 32, 33, 35, 38, 39, 41, 42], "label": "chair group", "path": ["/data/S3DIS/Stanford3dDataset_v1.2_Aligned_Version/Area_1/conferenceRoom_2/Annotations/chair_21.txt", "/data/S3DIS/Stanford3dDataset_v1.2_Aligned_Version/Area_1/conferenceRoom_2/Annotations/chair_16.txt", "/data/S3DIS/Stanford3dDataset_v1.2_Aligned_Version/Area_1/conferenceRoom_2/Annotations/chair_20.txt", "/data/S3DIS/Stanford3dDataset_v1.2_Aligned_Version/Area_1/conferenceRoom_2/Annotations/chair_18.txt", "/data/S3DIS/Stanford3dDataset_v1.2_Aligned_Version/Area_1/conferenceRoom_2/Annotations/chair_15.txt", "/data/S3DIS/Stanford3dDataset_v1.2_Aligned_Version/Area_1/conferenceRoom_2/Annotations/chair_17.txt", "/data/S3DIS/Stanford3dDataset_v1.2_Aligned_Version/Area_1/conferenceRoom_2/Annotations/chair_12.txt", "/data/S3DIS/Stanford3dDataset_v1.2_Aligned_Version/Area_1/conferenceRoom_2/Annotations/chair_23.txt", "/data/S3DIS/Stanford3dDataset_v1.2_Aligned_Version/Area_1/conferenceRoom_2/Annotations/chair_13.txt", "/data/S3DIS/Stanford3dDataset_v1.2_Aligned_Version/Area_1/conferenceRoom_2/Annotations/chair_14.txt", "/data/S3DIS/Stanford3dDataset_v1.2_Aligned_Version/Area_1/conferenceRoom_2/Annotations/chair_22.txt", "/data/S3DIS/Stanford3dDataset_v1.2_Aligned_Version/Area_1/conferenceRoom_2/Annotations/chair_19.txt"]}, {"id": 49, "parent": 61, "children": [15, 27, 34, 45], "label": "chair group", "path": ["/data/S3DIS/Stanford3dDataset_v1.2_Aligned_Version/Area_1/conferenceRoom_2/Annotations/chair_1.txt", "/data/S3DIS/Stanford3dDataset_v1.2_Aligned_Version/Area_1/conferenceRoom_2/Annotations/chair_4.txt", "/data/S3DIS/Stanford3dDataset_v1.2_Aligned_Version/Area_1/conferenceRoom_2/Annotations/chair_3.txt", "/data/S3DIS/Stanford3dDataset_v1.2_Aligned_Version/Area_1/conferenceRoom_2/Annotations/chair_2.txt"]}, {"id": 50, "parent": 61, "children": [5, 40], "label": "table group", "path": ["/data/S3DIS/Stanford3dDataset_v1.2_Aligned_Version/Area_1/conferenceRoom_2/Annotations/table_2.txt", "/data/S3DIS/Stanford3dDataset_v1.2_Aligned_Version/Area_1/conferenceRoom_2/Annotations/table_1.txt"]}, {"id": 51, "parent": 61, "children": [0, 8, 17, 20, 25, 30, 37], "label": "chair group", "path": ["/data/S3DIS/Stanford3dDataset_v1.2_Aligned_Version/Area_1/conferenceRoom_2/Annotations/chair_8.txt", "/data/S3DIS/Stanford3dDataset_v1.2_Aligned_Version/Area_1/conferenceRoom_2/Annotations/chair_10.txt", "/data/S3DIS/Stanford3dDataset_v1.2_Aligned_Version/Area_1/conferenceRoom_2/Annotations/chair_9.txt", "/data/S3DIS/Stanford3dDataset_v1.2_Aligned_Version/Area_1/conferenceRoom_2/Annotations/chair_6.txt", "/data/S3DIS/Stanford3dDataset_v1.2_Aligned_Version/Area_1/conferenceRoom_2/Annotations/chair_5.txt", "/data/S3DIS/Stanford3dDataset_v1.2_Aligned_Version/Area_1/conferenceRoom_2/Annotations/chair_7.txt", "/data/S3DIS/Stanford3dDataset_v1.2_Aligned_Version/Area_1/conferenceRoom_2/Annotations/chair_11.txt"]}, {"id": 52, "parent": 60, "children": [12, 31, 36, 44], "label": "column group", "path": ["/data/S3DIS/Stanford3dDataset_v1.2_Aligned_Version/Area_1/conferenceRoom_2/Annotations/column_4.txt", "/data/S3DIS/Stanford3dDataset_v1.2_Aligned_Version/Area_1/conferenceRoom_2/Annotations/column_1.txt", "/data/S3DIS/Stanford3dDataset_v1.2_Aligned_Version/Area_1/conferenceRoom_2/Annotations/column_3.txt", "/data/S3DIS/Stanford3dDataset_v1.2_Aligned_Version/Area_1/conferenceRoom_2/Annotations/column_2.txt"]}, {"id": 53, "parent": 60, "children": [2], "label": "floor group", "path": ["/data/S3DIS/Stanford3dDataset_v1.2_Aligned_Version/Area_1/conferenceRoom_2/Annotations/floor_1.txt"]}, {"id": 54, "parent": 60, "children": [14], "label": "beam group", "path": ["/data/S3DIS/Stanford3dDataset_v1.2_Aligned_Version/Area_1/conferenceRoom_2/Annotations/beam_1.txt"]}, {"id": 55, "parent": 60, "children": [7], "label": "ceiling group", "path": ["/data/S3DIS/Stanford3dDataset_v1.2_Aligned_Version/Area_1/conferenceRoom_2/Annotations/ceiling_1.txt"]}, {"id": 56, "parent": 60, "children": [23, 26], "label": "window group", "path": ["/data/S3DIS/Stanford3dDataset_v1.2_Aligned_Version/Area_1/conferenceRoom_2/Annotations/window_2.txt", "/data/S3DIS/Stanford3dDataset_v1.2_Aligned_Version/Area_1/conferenceRoom_2/Annotations/window_1.txt"]}, {"id": 57, "parent": 62, "children": [3], "label": "door group", "path": ["/data/S3DIS/Stanford3dDataset_v1.2_Aligned_Version/Area_1/conferenceRoom_2/Annotations/door_1.txt"]}, {"id": 58, "parent": 61, "children": [19], "label": "sofa group", "path": ["/data/S3DIS/Stanford3dDataset_v1.2_Aligned_Version/Area_1/conferenceRoom_2/Annotations/sofa_1.txt"]}, {"id": 59, "parent": 60, "children": [22], "label": "board group", "path": ["/data/S3DIS/Stanford3dDataset_v1.2_Aligned_Version/Area_1/conferenceRoom_2/Annotations/board_1.txt"]}, {"id": 60, "parent": -1, "children": [47, 52, 53, 54, 55, 56, 59], "label": "building area", "path": ["/data/S3DIS/Stanford3dDataset_v1.2_Aligned_Version/Area_1/conferenceRoom_2/Annotations/wall_2.txt", "/data/S3DIS/Stanford3dDataset_v1.2_Aligned_Version/Area_1/conferenceRoom_2/Annotations/wall_1.txt", "/data/S3DIS/Stanford3dDataset_v1.2_Aligned_Version/Area_1/conferenceRoom_2/Annotations/wall_3.txt", "/data/S3DIS/Stanford3dDataset_v1.2_Aligned_Version/Area_1/conferenceRoom_2/Annotations/column_4.txt", "/data/S3DIS/Stanford3dDataset_v1.2_Aligned_Version/Area_1/conferenceRoom_2/Annotations/column_1.txt", "/data/S3DIS/Stanford3dDataset_v1.2_Aligned_Version/Area_1/conferenceRoom_2/Annotations/column_3.txt", "/data/S3DIS/Stanford3dDataset_v1.2_Aligned_Version/Area_1/conferenceRoom_2/Annotations/column_2.txt", "/data/S3DIS/Stanford3dDataset_v1.2_Aligned_Version/Area_1/conferenceRoom_2/Annotations/floor_1.txt", "/data/S3DIS/Stanford3dDataset_v1.2_Aligned_Version/Area_1/conferenceRoom_2/Annotations/beam_1.txt", "/data/S3DIS/Stanford3dDataset_v1.2_Aligned_Version/Area_1/conferenceRoom_2/Annotations/ceiling_1.txt", "/data/S3DIS/Stanford3dDataset_v1.2_Aligned_Version/Area_1/conferenceRoom_2/Annotations/window_2.txt", "/data/S3DIS/Stanford3dDataset_v1.2_Aligned_Version/Area_1/conferenceRoom_2/Annotations/window_1.txt", "/data/S3DIS/Stanford3dDataset_v1.2_Aligned_Version/Area_1/conferenceRoom_2/Annotations/board_1.txt"]}, {"id": 61, "parent": -1, "children": [48, 49, 50, 51, 58], "label": "meeting area", "path": ["/data/S3DIS/Stanford3dDataset_v1.2_Aligned_Version/Area_1/conferenceRoom_2/Annotations/chair_21.txt", "/data/S3DIS/Stanford3dDataset_v1.2_Aligned_Version/Area_1/conferenceRoom_2/Annotations/chair_16.txt", "/data/S3DIS/Stanford3dDataset_v1.2_Aligned_Version/Area_1/conferenceRoom_2/Annotations/chair_20.txt", "/data/S3DIS/Stanford3dDataset_v1.2_Aligned_Version/Area_1/conferenceRoom_2/Annotations/chair_18.txt", "/data/S3DIS/Stanford3dDataset_v1.2_Aligned_Version/Area_1/conferenceRoom_2/Annotations/chair_15.txt", "/data/S3DIS/Stanford3dDataset_v1.2_Aligned_Version/Area_1/conferenceRoom_2/Annotations/chair_17.txt", "/data/S3DIS/Stanford3dDataset_v1.2_Aligned_Version/Area_1/conferenceRoom_2/Annotations/chair_12.txt", "/data/S3DIS/Stanford3dDataset_v1.2_Aligned_Version/Area_1/conferenceRoom_2/Annotations/chair_23.txt", "/data/S3DIS/Stanford3dDataset_v1.2_Aligned_Version/Area_1/conferenceRoom_2/Annotations/chair_13.txt", "/data/S3DIS/Stanford3dDataset_v1.2_Aligned_Version/Area_1/conferenceRoom_2/Annotations/chair_14.txt", "/data/S3DIS/Stanford3dDataset_v1.2_Aligned_Version/Area_1/conferenceRoom_2/Annotations/chair_22.txt", "/data/S3DIS/Stanford3dDataset_v1.2_Aligned_Version/Area_1/conferenceRoom_2/Annotations/chair_19.txt", "/data/S3DIS/Stanford3dDataset_v1.2_Aligned_Version/Area_1/conferenceRoom_2/Annotations/chair_1.txt", "/data/S3DIS/Stanford3dDataset_v1.2_Aligned_Version/Area_1/conferenceRoom_2/Annotations/chair_4.txt", "/data/S3DIS/Stanford3dDataset_v1.2_Aligned_Version/Area_1/conferenceRoom_2/Annotations/chair_3.txt", "/data/S3DIS/Stanford3dDataset_v1.2_Aligned_Version/Area_1/conferenceRoom_2/Annotations/chair_2.txt", "/data/S3DIS/Stanford3dDataset_v1.2_Aligned_Version/Area_1/conferenceRoom_2/Annotations/table_2.txt", "/data/S3DIS/Stanford3dDataset_v1.2_Aligned_Version/Area_1/conferenceRoom_2/Annotations/table_1.txt", "/data/S3DIS/Stanford3dDataset_v1.2_Aligned_Version/Area_1/conferenceRoom_2/Annotations/chair_8.txt", "/data/S3DIS/Stanford3dDataset_v1.2_Aligned_Version/Area_1/conferenceRoom_2/Annotations/chair_10.txt", "/data/S3DIS/Stanford3dDataset_v1.2_Aligned_Version/Area_1/conferenceRoom_2/Annotations/chair_9.txt", "/data/S3DIS/Stanford3dDataset_v1.2_Aligned_Version/Area_1/conferenceRoom_2/Annotations/chair_6.txt", "/data/S3DIS/Stanford3dDataset_v1.2_Aligned_Version/Area_1/conferenceRoom_2/Annotations/chair_5.txt", "/data/S3DIS/Stanford3dDataset_v1.2_Aligned_Version/Area_1/conferenceRoom_2/Annotations/chair_7.txt", "/data/S3DIS/Stanford3dDataset_v1.2_Aligned_Version/Area_1/conferenceRoom_2/Annotations/chair_11.txt", "/data/S3DIS/Stanford3dDataset_v1.2_Aligned_Version/Area_1/conferenceRoom_2/Annotations/sofa_1.txt"]}, {"id": 62, "parent": -1, "children": [57], "label": "entrance area", "path": ["/data/S3DIS/Stanford3dDataset_v1.2_Aligned_Version/Area_1/conferenceRoom_2/Annotations/door_1.txt"]}, {"id": 63, "parent": 66, "children": [4], "label": "bookcase group", "path": ["/data/S3DIS/Stanford3dDataset_v1.2_Aligned_Version/Area_1/conferenceRoom_2/Annotations/bookcase_2.txt"]}, {"id": 64, "parent": 65, "children": [28], "label": "bookcase group", "path": ["/data/S3DIS/Stanford3dDataset_v1.2_Aligned_Version/Area_1/conferenceRoom_2/Annotations/bookcase_1.txt"]}, {"id": 65, "parent": -1, "children": [64], "label": "case area", "path": ["/data/S3DIS/Stanford3dDataset_v1.2_Aligned_Version/Area_1/conferenceRoom_2/Annotations/bookcase_1.txt"]}, {"id": 66, "parent": -1, "children": [63], "label": "case area", "path": ["/data/S3DIS/Stanford3dDataset_v1.2_Aligned_Version/Area_1/conferenceRoom_2/Annotations/bookcase_2.txt"]}]