[
  {
    "id": 0,
    "parent": 27,
    "children": [],
    "label": "floor",
    "path": [
      "/data/S3DIS/Stanford3dDataset_v1.2_Aligned_Version/Area_1/copyRoom_1/Annotations/floor_1.txt"
    ]
  },
  {
    "id": 1,
    "parent": 23,
    "children": [],
    "label": "door",
    "path": [
      "/data/S3DIS/Stanford3dDataset_v1.2_Aligned_Version/Area_1/copyRoom_1/Annotations/door_1.txt"
    ]
  },
  {
    "id": 2,
    "parent": 24,
    "children": [],
    "label": "bookcase",
    "path": [
      "/data/S3DIS/Stanford3dDataset_v1.2_Aligned_Version/Area_1/copyRoom_1/Annotations/bookcase_2.txt"
    ]
  },
  {
    "id": 3,
    "parent": -1,
    "children": [],
    "label": "clutter",
    "path": [
      "/data/S3DIS/Stanford3dDataset_v1.2_Aligned_Version/Area_1/copyRoom_1/Annotations/clutter_5.txt"
    ]
  },
  {
    "id": 4,
    "parent": 27,
    "children": [],
    "label": "ceiling",
    "path": [
      "/data/S3DIS/Stanford3dDataset_v1.2_Aligned_Version/Area_1/copyRoom_1/Annotations/ceiling_1.txt"
    ]
  },
  {
    "id": 5,
    "parent": 24,
    "children": [],
    "label": "bookcase",
    "path": [
      "/data/S3DIS/Stanford3dDataset_v1.2_Aligned_Version/Area_1/copyRoom_1/Annotations/bookcase_3.txt"
    ]
  },
  {
    "id": 6,
    "parent": -1,
    "children": [],
    "label": "clutter",
    "path": [
      "/data/S3DIS/Stanford3dDataset_v1.2_Aligned_Version/Area_1/copyRoom_1/Annotations/clutter_9.txt"
    ]
  },
  {
    "id": 7,
    "parent": -1,
    "children": [],
    "label": "clutter",
    "path": [
      "/data/S3DIS/Stanford3dDataset_v1.2_Aligned_Version/Area_1/copyRoom_1/Annotations/clutter_2.txt"
    ]
  },
  {
    "id": 8,
    "parent": 22,
    "children": [],
    "label": "wall",
    "path": [
      "/data/S3DIS/Stanford3dDataset_v1.2_Aligned_Version/Area_1/copyRoom_1/Annotations/wall_2.txt"
    ]
  },
  {
    "id": 9,
    "parent": -1,
    "children": [],
    "label": "clutter",
    "path": [
      "/data/S3DIS/Stanford3dDataset_v1.2_Aligned_Version/Area_1/copyRoom_1/Annotations/clutter_1.txt"
    ]
  },
  {
    "id": 10,
    "parent": 27,
    "children": [],
    "label": "beam",
    "path": [
      "/data/S3DIS/Stanford3dDataset_v1.2_Aligned_Version/Area_1/copyRoom_1/Annotations/beam_1.txt"
    ]
  },
  {
    "id": 11,
    "parent": -1,
    "children": [],
    "label": "clutter",
    "path": [
      "/data/S3DIS/Stanford3dDataset_v1.2_Aligned_Version/Area_1/copyRoom_1/Annotations/clutter_7.txt"
    ]
  },
  {
    "id": 12,
    "parent": -1,
    "children": [],
    "label": "clutter",
    "path": [
      "/data/S3DIS/Stanford3dDataset_v1.2_Aligned_Version/Area_1/copyRoom_1/Annotations/clutter_8.txt"
    ]
  },
  {
    "id": 13,
    "parent": -1,
    "children": [],
    "label": "clutter",
    "path": [
      "/data/S3DIS/Stanford3dDataset_v1.2_Aligned_Version/Area_1/copyRoom_1/Annotations/clutter_6.txt"
    ]
  },
  {
    "id": 14,
    "parent": -1,
    "children": [],
    "label": "clutter",
    "path": [
      "/data/S3DIS/Stanford3dDataset_v1.2_Aligned_Version/Area_1/copyRoom_1/Annotations/clutter_10.txt"
    ]
  },
  {
    "id": 15,
    "parent": -1,
    "children": [],
    "label": "clutter",
    "path": [
      "/data/S3DIS/Stanford3dDataset_v1.2_Aligned_Version/Area_1/copyRoom_1/Annotations/clutter_4.txt"
    ]
  },
  {
    "id": 16,
    "parent": 25,
    "children": [],
    "label": "bookcase",
    "path": [
      "/data/S3DIS/Stanford3dDataset_v1.2_Aligned_Version/Area_1/copyRoom_1/Annotations/bookcase_1.txt"
    ]
  },
  {
    "id": 17,
    "parent": 22,
    "children": [],
    "label": "wall",
    "path": [
      "/data/S3DIS/Stanford3dDataset_v1.2_Aligned_Version/Area_1/copyRoom_1/Annotations/wall_1.txt"
    ]
  },
  {
    "id": 18,
    "parent": 28,
    "children": [],
    "label": "table",
    "path": [
      "/data/S3DIS/Stanford3dDataset_v1.2_Aligned_Version/Area_1/copyRoom_1/Annotations/table_1.txt"
    ]
  },
  {
    "id": 19,
    "parent": 22,
    "children": [],
    "label": "wall",
    "path": [
      "/data/S3DIS/Stanford3dDataset_v1.2_Aligned_Version/Area_1/copyRoom_1/Annotations/wall_4.txt"
    ]
  },
  {
    "id": 20,
    "parent": -1,
    "children": [],
    "label": "clutter",
    "path": [
      "/data/S3DIS/Stanford3dDataset_v1.2_Aligned_Version/Area_1/copyRoom_1/Annotations/clutter_3.txt"
    ]
  },
  {
    "id": 21,
    "parent": 22,
    "children": [],
    "label": "wall",
    "path": [
      "/data/S3DIS/Stanford3dDataset_v1.2_Aligned_Version/Area_1/copyRoom_1/Annotations/wall_3.txt"
    ]
  },
  {
    "id": 22,
    "parent": 27,
    "children": [
      8,
      17,
      19,
      21
    ],
    "label": "wall group",
    "path": [
      "/data/S3DIS/Stanford3dDataset_v1.2_Aligned_Version/Area_1/copyRoom_1/Annotations/wall_2.txt",
      "/data/S3DIS/Stanford3dDataset_v1.2_Aligned_Version/Area_1/copyRoom_1/Annotations/wall_1.txt",
      "/data/S3DIS/Stanford3dDataset_v1.2_Aligned_Version/Area_1/copyRoom_1/Annotations/wall_4.txt",
      "/data/S3DIS/Stanford3dDataset_v1.2_Aligned_Version/Area_1/copyRoom_1/Annotations/wall_3.txt"
    ]
  },
  {
    "id": 23,
    "parent": -1,
    "children": [
      1
    ],
    "label": "entrance area",
    "path": [
      "/data/S3DIS/Stanford3dDataset_v1.2_Aligned_Version/Area_1/copyRoom_1/Annotations/door_1.txt"
    ]
  },
  {
    "id": 24,
    "parent": 26,
    "children": [
      2,
      5
    ],
    "label": "case group",
    "path": [
      "/data/S3DIS/Stanford3dDataset_v1.2_Aligned_Version/Area_1/copyRoom_1/Annotations/bookcase_2.txt",
      "/data/S3DIS/Stanford3dDataset_v1.2_Aligned_Version/Area_1/copyRoom_1/Annotations/bookcase_3.txt"
    ]
  },
  {
    "id": 25,
    "parent": 26,
    "children": [
      16
    ],
    "label": "case group",
    "path": [
      "/data/S3DIS/Stanford3dDataset_v1.2_Aligned_Version/Area_1/copyRoom_1/Annotations/bookcase_1.txt"
    ]
  },
  {
    "id": 26,
    "parent": -1,
    "children": [
      24,
      25
    ],
    "label": "case area",
    "path": [
      "/data/S3DIS/Stanford3dDataset_v1.2_Aligned_Version/Area_1/copyRoom_1/Annotations/bookcase_2.txt",
      "/data/S3DIS/Stanford3dDataset_v1.2_Aligned_Version/Area_1/copyRoom_1/Annotations/bookcase_3.txt",
      "/data/S3DIS/Stanford3dDataset_v1.2_Aligned_Version/Area_1/copyRoom_1/Annotations/bookcase_1.txt"
    ]
  },
  {
    "id": 27,
    "parent": -1,
    "children": [
      0,
      4,
      10,
      22
    ],
    "label": "building area",
    "path": [
      "/data/S3DIS/Stanford3dDataset_v1.2_Aligned_Version/Area_1/copyRoom_1/Annotations/floor_1.txt",
      "/data/S3DIS/Stanford3dDataset_v1.2_Aligned_Version/Area_1/copyRoom_1/Annotations/ceiling_1.txt",
      "/data/S3DIS/Stanford3dDataset_v1.2_Aligned_Version/Area_1/copyRoom_1/Annotations/beam_1.txt",
      "/data/S3DIS/Stanford3dDataset_v1.2_Aligned_Version/Area_1/copyRoom_1/Annotations/wall_2.txt",
      "/data/S3DIS/Stanford3dDataset_v1.2_Aligned_Version/Area_1/copyRoom_1/Annotations/wall_1.txt",
      "/data/S3DIS/Stanford3dDataset_v1.2_Aligned_Version/Area_1/copyRoom_1/Annotations/wall_4.txt",
      "/data/S3DIS/Stanford3dDataset_v1.2_Aligned_Version/Area_1/copyRoom_1/Annotations/wall_3.txt"
    ]
  },
  {
    "id": 28,
    "parent": -1,
    "children": [
      18
    ],
    "label": "table area",
    "path": [
      "/data/S3DIS/Stanford3dDataset_v1.2_Aligned_Version/Area_1/copyRoom_1/Annotations/table_1.txt"
    ]
  }
]