[{"id": 0, "parent": 109, "children": [], "label": "ceiling", "path": ["/data/S3DIS/Stanford3dDataset_v1.2_Aligned_Version/Area_1/hallway_6/Annotations/ceiling_2.txt"]}, {"id": 1, "parent": 112, "children": [], "label": "floor", "path": ["/data/S3DIS/Stanford3dDataset_v1.2_Aligned_Version/Area_1/hallway_6/Annotations/floor_1.txt"]}, {"id": 2, "parent": 114, "children": [], "label": "door", "path": ["/data/S3DIS/Stanford3dDataset_v1.2_Aligned_Version/Area_1/hallway_6/Annotations/door_12.txt"]}, {"id": 3, "parent": -1, "children": [], "label": "clutter", "path": ["/data/S3DIS/Stanford3dDataset_v1.2_Aligned_Version/Area_1/hallway_6/Annotations/clutter_13.txt"]}, {"id": 4, "parent": 130, "children": [], "label": "bookcase", "path": ["/data/S3DIS/Stanford3dDataset_v1.2_Aligned_Version/Area_1/hallway_6/Annotations/bookcase_7.txt"]}, {"id": 5, "parent": 115, "children": [], "label": "door", "path": ["/data/S3DIS/Stanford3dDataset_v1.2_Aligned_Version/Area_1/hallway_6/Annotations/door_1.txt"]}, {"id": 6, "parent": 108, "children": [], "label": "wall", "path": ["/data/S3DIS/Stanford3dDataset_v1.2_Aligned_Version/Area_1/hallway_6/Annotations/wall_6.txt"]}, {"id": 7, "parent": 128, "children": [], "label": "bookcase", "path": ["/data/S3DIS/Stanford3dDataset_v1.2_Aligned_Version/Area_1/hallway_6/Annotations/bookcase_2.txt"]}, {"id": 8, "parent": -1, "children": [], "label": "clutter", "path": ["/data/S3DIS/Stanford3dDataset_v1.2_Aligned_Version/Area_1/hallway_6/Annotations/clutter_25.txt"]}, {"id": 9, "parent": -1, "children": [], "label": "clutter", "path": ["/data/S3DIS/Stanford3dDataset_v1.2_Aligned_Version/Area_1/hallway_6/Annotations/clutter_5.txt"]}, {"id": 10, "parent": 116, "children": [], "label": "door", "path": ["/data/S3DIS/Stanford3dDataset_v1.2_Aligned_Version/Area_1/hallway_6/Annotations/door_3.txt"]}, {"id": 11, "parent": 108, "children": [], "label": "wall", "path": ["/data/S3DIS/Stanford3dDataset_v1.2_Aligned_Version/Area_1/hallway_6/Annotations/wall_16.txt"]}, {"id": 12, "parent": -1, "children": [], "label": "clutter", "path": ["/data/S3DIS/Stanford3dDataset_v1.2_Aligned_Version/Area_1/hallway_6/Annotations/clutter_16.txt"]}, {"id": 13, "parent": -1, "children": [], "label": "clutter", "path": ["/data/S3DIS/Stanford3dDataset_v1.2_Aligned_Version/Area_1/hallway_6/Annotations/clutter_33.txt"]}, {"id": 14, "parent": 126, "children": [], "label": "beam", "path": ["/data/S3DIS/Stanford3dDataset_v1.2_Aligned_Version/Area_1/hallway_6/Annotations/beam_6.txt"]}, {"id": 15, "parent": -1, "children": [], "label": "clutter", "path": ["/data/S3DIS/Stanford3dDataset_v1.2_Aligned_Version/Area_1/hallway_6/Annotations/clutter_36.txt"]}, {"id": 16, "parent": 117, "children": [], "label": "door", "path": ["/data/S3DIS/Stanford3dDataset_v1.2_Aligned_Version/Area_1/hallway_6/Annotations/door_5.txt"]}, {"id": 17, "parent": 127, "children": [], "label": "column", "path": ["/data/S3DIS/Stanford3dDataset_v1.2_Aligned_Version/Area_1/hallway_6/Annotations/column_12.txt"]}, {"id": 18, "parent": 118, "children": [], "label": "door", "path": ["/data/S3DIS/Stanford3dDataset_v1.2_Aligned_Version/Area_1/hallway_6/Annotations/door_9.txt"]}, {"id": 19, "parent": -1, "children": [], "label": "clutter", "path": ["/data/S3DIS/Stanford3dDataset_v1.2_Aligned_Version/Area_1/hallway_6/Annotations/clutter_27.txt"]}, {"id": 20, "parent": 110, "children": [], "label": "ceiling", "path": ["/data/S3DIS/Stanford3dDataset_v1.2_Aligned_Version/Area_1/hallway_6/Annotations/ceiling_1.txt"]}, {"id": 21, "parent": 128, "children": [], "label": "bookcase", "path": ["/data/S3DIS/Stanford3dDataset_v1.2_Aligned_Version/Area_1/hallway_6/Annotations/bookcase_3.txt"]}, {"id": 22, "parent": 113, "children": [], "label": "beam", "path": ["/data/S3DIS/Stanford3dDataset_v1.2_Aligned_Version/Area_1/hallway_6/Annotations/beam_5.txt"]}, {"id": 23, "parent": -1, "children": [], "label": "clutter", "path": ["/data/S3DIS/Stanford3dDataset_v1.2_Aligned_Version/Area_1/hallway_6/Annotations/clutter_26.txt"]}, {"id": 24, "parent": -1, "children": [], "label": "clutter", "path": ["/data/S3DIS/Stanford3dDataset_v1.2_Aligned_Version/Area_1/hallway_6/Annotations/clutter_35.txt"]}, {"id": 25, "parent": 119, "children": [], "label": "door", "path": ["/data/S3DIS/Stanford3dDataset_v1.2_Aligned_Version/Area_1/hallway_6/Annotations/door_2.txt"]}, {"id": 26, "parent": 127, "children": [], "label": "column", "path": ["/data/S3DIS/Stanford3dDataset_v1.2_Aligned_Version/Area_1/hallway_6/Annotations/column_9.txt"]}, {"id": 27, "parent": 108, "children": [], "label": "wall", "path": ["/data/S3DIS/Stanford3dDataset_v1.2_Aligned_Version/Area_1/hallway_6/Annotations/wall_10.txt"]}, {"id": 28, "parent": -1, "children": [], "label": "clutter", "path": ["/data/S3DIS/Stanford3dDataset_v1.2_Aligned_Version/Area_1/hallway_6/Annotations/clutter_9.txt"]}, {"id": 29, "parent": 126, "children": [], "label": "beam", "path": ["/data/S3DIS/Stanford3dDataset_v1.2_Aligned_Version/Area_1/hallway_6/Annotations/beam_4.txt"]}, {"id": 30, "parent": 120, "children": [], "label": "door", "path": ["/data/S3DIS/Stanford3dDataset_v1.2_Aligned_Version/Area_1/hallway_6/Annotations/door_14.txt"]}, {"id": 31, "parent": -1, "children": [], "label": "clutter", "path": ["/data/S3DIS/Stanford3dDataset_v1.2_Aligned_Version/Area_1/hallway_6/Annotations/clutter_2.txt"]}, {"id": 32, "parent": 108, "children": [], "label": "wall", "path": ["/data/S3DIS/Stanford3dDataset_v1.2_Aligned_Version/Area_1/hallway_6/Annotations/wall_2.txt"]}, {"id": 33, "parent": 121, "children": [], "label": "door", "path": ["/data/S3DIS/Stanford3dDataset_v1.2_Aligned_Version/Area_1/hallway_6/Annotations/door_7.txt"]}, {"id": 34, "parent": -1, "children": [], "label": "clutter", "path": ["/data/S3DIS/Stanford3dDataset_v1.2_Aligned_Version/Area_1/hallway_6/Annotations/clutter_20.txt"]}, {"id": 35, "parent": 129, "children": [], "label": "bookcase", "path": ["/data/S3DIS/Stanford3dDataset_v1.2_Aligned_Version/Area_1/hallway_6/Annotations/bookcase_8.txt"]}, {"id": 36, "parent": 108, "children": [], "label": "wall", "path": ["/data/S3DIS/Stanford3dDataset_v1.2_Aligned_Version/Area_1/hallway_6/Annotations/wall_13.txt"]}, {"id": 37, "parent": 108, "children": [], "label": "wall", "path": ["/data/S3DIS/Stanford3dDataset_v1.2_Aligned_Version/Area_1/hallway_6/Annotations/wall_18.txt"]}, {"id": 38, "parent": 127, "children": [], "label": "column", "path": ["/data/S3DIS/Stanford3dDataset_v1.2_Aligned_Version/Area_1/hallway_6/Annotations/column_4.txt"]}, {"id": 39, "parent": -1, "children": [], "label": "clutter", "path": ["/data/S3DIS/Stanford3dDataset_v1.2_Aligned_Version/Area_1/hallway_6/Annotations/clutter_1.txt"]}, {"id": 40, "parent": 111, "children": [], "label": "ceiling", "path": ["/data/S3DIS/Stanford3dDataset_v1.2_Aligned_Version/Area_1/hallway_6/Annotations/ceiling_3.txt"]}, {"id": 41, "parent": 126, "children": [], "label": "beam", "path": ["/data/S3DIS/Stanford3dDataset_v1.2_Aligned_Version/Area_1/hallway_6/Annotations/beam_1.txt"]}, {"id": 42, "parent": -1, "children": [], "label": "clutter", "path": ["/data/S3DIS/Stanford3dDataset_v1.2_Aligned_Version/Area_1/hallway_6/Annotations/clutter_12.txt"]}, {"id": 43, "parent": 108, "children": [], "label": "wall", "path": ["/data/S3DIS/Stanford3dDataset_v1.2_Aligned_Version/Area_1/hallway_6/Annotations/wall_12.txt"]}, {"id": 44, "parent": 122, "children": [], "label": "door", "path": ["/data/S3DIS/Stanford3dDataset_v1.2_Aligned_Version/Area_1/hallway_6/Annotations/door_13.txt"]}, {"id": 45, "parent": 108, "children": [], "label": "wall", "path": ["/data/S3DIS/Stanford3dDataset_v1.2_Aligned_Version/Area_1/hallway_6/Annotations/wall_11.txt"]}, {"id": 46, "parent": -1, "children": [], "label": "clutter", "path": ["/data/S3DIS/Stanford3dDataset_v1.2_Aligned_Version/Area_1/hallway_6/Annotations/clutter_7.txt"]}, {"id": 47, "parent": 108, "children": [], "label": "wall", "path": ["/data/S3DIS/Stanford3dDataset_v1.2_Aligned_Version/Area_1/hallway_6/Annotations/wall_17.txt"]}, {"id": 48, "parent": -1, "children": [], "label": "clutter", "path": ["/data/S3DIS/Stanford3dDataset_v1.2_Aligned_Version/Area_1/hallway_6/Annotations/clutter_8.txt"]}, {"id": 49, "parent": 108, "children": [], "label": "wall", "path": ["/data/S3DIS/Stanford3dDataset_v1.2_Aligned_Version/Area_1/hallway_6/Annotations/wall_7.txt"]}, {"id": 50, "parent": 127, "children": [], "label": "column", "path": ["/data/S3DIS/Stanford3dDataset_v1.2_Aligned_Version/Area_1/hallway_6/Annotations/column_5.txt"]}, {"id": 51, "parent": 123, "children": [], "label": "door", "path": ["/data/S3DIS/Stanford3dDataset_v1.2_Aligned_Version/Area_1/hallway_6/Annotations/door_6.txt"]}, {"id": 52, "parent": -1, "children": [], "label": "clutter", "path": ["/data/S3DIS/Stanford3dDataset_v1.2_Aligned_Version/Area_1/hallway_6/Annotations/clutter_34.txt"]}, {"id": 53, "parent": 129, "children": [], "label": "bookcase", "path": ["/data/S3DIS/Stanford3dDataset_v1.2_Aligned_Version/Area_1/hallway_6/Annotations/bookcase_4.txt"]}, {"id": 54, "parent": 126, "children": [], "label": "beam", "path": ["/data/S3DIS/Stanford3dDataset_v1.2_Aligned_Version/Area_1/hallway_6/Annotations/beam_3.txt"]}, {"id": 55, "parent": -1, "children": [], "label": "clutter", "path": ["/data/S3DIS/Stanford3dDataset_v1.2_Aligned_Version/Area_1/hallway_6/Annotations/clutter_30.txt"]}, {"id": 56, "parent": 108, "children": [], "label": "wall", "path": ["/data/S3DIS/Stanford3dDataset_v1.2_Aligned_Version/Area_1/hallway_6/Annotations/wall_5.txt"]}, {"id": 57, "parent": 108, "children": [], "label": "wall", "path": ["/data/S3DIS/Stanford3dDataset_v1.2_Aligned_Version/Area_1/hallway_6/Annotations/wall_20.txt"]}, {"id": 58, "parent": -1, "children": [], "label": "clutter", "path": ["/data/S3DIS/Stanford3dDataset_v1.2_Aligned_Version/Area_1/hallway_6/Annotations/clutter_6.txt"]}, {"id": 59, "parent": -1, "children": [], "label": "clutter", "path": ["/data/S3DIS/Stanford3dDataset_v1.2_Aligned_Version/Area_1/hallway_6/Annotations/clutter_19.txt"]}, {"id": 60, "parent": 108, "children": [], "label": "wall", "path": ["/data/S3DIS/Stanford3dDataset_v1.2_Aligned_Version/Area_1/hallway_6/Annotations/wall_15.txt"]}, {"id": 61, "parent": -1, "children": [], "label": "clutter", "path": ["/data/S3DIS/Stanford3dDataset_v1.2_Aligned_Version/Area_1/hallway_6/Annotations/clutter_10.txt"]}, {"id": 62, "parent": -1, "children": [], "label": "clutter", "path": ["/data/S3DIS/Stanford3dDataset_v1.2_Aligned_Version/Area_1/hallway_6/Annotations/clutter_18.txt"]}, {"id": 63, "parent": -1, "children": [], "label": "clutter", "path": ["/data/S3DIS/Stanford3dDataset_v1.2_Aligned_Version/Area_1/hallway_6/Annotations/clutter_4.txt"]}, {"id": 64, "parent": -1, "children": [], "label": "clutter", "path": ["/data/S3DIS/Stanford3dDataset_v1.2_Aligned_Version/Area_1/hallway_6/Annotations/clutter_11.txt"]}, {"id": 65, "parent": -1, "children": [], "label": "clutter", "path": ["/data/S3DIS/Stanford3dDataset_v1.2_Aligned_Version/Area_1/hallway_6/Annotations/clutter_32.txt"]}, {"id": 66, "parent": 108, "children": [], "label": "wall", "path": ["/data/S3DIS/Stanford3dDataset_v1.2_Aligned_Version/Area_1/hallway_6/Annotations/wall_9.txt"]}, {"id": 67, "parent": -1, "children": [], "label": "clutter", "path": ["/data/S3DIS/Stanford3dDataset_v1.2_Aligned_Version/Area_1/hallway_6/Annotations/clutter_31.txt"]}, {"id": 68, "parent": 126, "children": [], "label": "beam", "path": ["/data/S3DIS/Stanford3dDataset_v1.2_Aligned_Version/Area_1/hallway_6/Annotations/beam_7.txt"]}, {"id": 69, "parent": -1, "children": [], "label": "clutter", "path": ["/data/S3DIS/Stanford3dDataset_v1.2_Aligned_Version/Area_1/hallway_6/Annotations/clutter_37.txt"]}, {"id": 70, "parent": 127, "children": [], "label": "column", "path": ["/data/S3DIS/Stanford3dDataset_v1.2_Aligned_Version/Area_1/hallway_6/Annotations/column_8.txt"]}, {"id": 71, "parent": 124, "children": [], "label": "door", "path": ["/data/S3DIS/Stanford3dDataset_v1.2_Aligned_Version/Area_1/hallway_6/Annotations/door_15.txt"]}, {"id": 72, "parent": -1, "children": [], "label": "clutter", "path": ["/data/S3DIS/Stanford3dDataset_v1.2_Aligned_Version/Area_1/hallway_6/Annotations/clutter_29.txt"]}, {"id": 73, "parent": 131, "children": [], "label": "bookcase", "path": ["/data/S3DIS/Stanford3dDataset_v1.2_Aligned_Version/Area_1/hallway_6/Annotations/bookcase_1.txt"]}, {"id": 74, "parent": -1, "children": [], "label": "clutter", "path": ["/data/S3DIS/Stanford3dDataset_v1.2_Aligned_Version/Area_1/hallway_6/Annotations/clutter_21.txt"]}, {"id": 75, "parent": 108, "children": [], "label": "wall", "path": ["/data/S3DIS/Stanford3dDataset_v1.2_Aligned_Version/Area_1/hallway_6/Annotations/wall_1.txt"]}, {"id": 76, "parent": 108, "children": [], "label": "wall", "path": ["/data/S3DIS/Stanford3dDataset_v1.2_Aligned_Version/Area_1/hallway_6/Annotations/wall_14.txt"]}, {"id": 77, "parent": 125, "children": [], "label": "door", "path": ["/data/S3DIS/Stanford3dDataset_v1.2_Aligned_Version/Area_1/hallway_6/Annotations/door_8.txt"]}, {"id": 78, "parent": 127, "children": [], "label": "column", "path": ["/data/S3DIS/Stanford3dDataset_v1.2_Aligned_Version/Area_1/hallway_6/Annotations/column_1.txt"]}, {"id": 79, "parent": 126, "children": [], "label": "beam", "path": ["/data/S3DIS/Stanford3dDataset_v1.2_Aligned_Version/Area_1/hallway_6/Annotations/beam_2.txt"]}, {"id": 80, "parent": -1, "children": [], "label": "clutter", "path": ["/data/S3DIS/Stanford3dDataset_v1.2_Aligned_Version/Area_1/hallway_6/Annotations/clutter_38.txt"]}, {"id": 81, "parent": 127, "children": [], "label": "column", "path": ["/data/S3DIS/Stanford3dDataset_v1.2_Aligned_Version/Area_1/hallway_6/Annotations/column_7.txt"]}, {"id": 82, "parent": -1, "children": [], "label": "clutter", "path": ["/data/S3DIS/Stanford3dDataset_v1.2_Aligned_Version/Area_1/hallway_6/Annotations/clutter_28.txt"]}, {"id": 83, "parent": 127, "children": [], "label": "column", "path": ["/data/S3DIS/Stanford3dDataset_v1.2_Aligned_Version/Area_1/hallway_6/Annotations/column_3.txt"]}, {"id": 84, "parent": -1, "children": [], "label": "clutter", "path": ["/data/S3DIS/Stanford3dDataset_v1.2_Aligned_Version/Area_1/hallway_6/Annotations/clutter_23.txt"]}, {"id": 85, "parent": 128, "children": [], "label": "bookcase", "path": ["/data/S3DIS/Stanford3dDataset_v1.2_Aligned_Version/Area_1/hallway_6/Annotations/bookcase_6.txt"]}, {"id": 86, "parent": -1, "children": [], "label": "clutter", "path": ["/data/S3DIS/Stanford3dDataset_v1.2_Aligned_Version/Area_1/hallway_6/Annotations/clutter_14.txt"]}, {"id": 87, "parent": -1, "children": [], "label": "clutter", "path": ["/data/S3DIS/Stanford3dDataset_v1.2_Aligned_Version/Area_1/hallway_6/Annotations/clutter_22.txt"]}, {"id": 88, "parent": 127, "children": [], "label": "column", "path": ["/data/S3DIS/Stanford3dDataset_v1.2_Aligned_Version/Area_1/hallway_6/Annotations/column_10.txt"]}, {"id": 89, "parent": 136, "children": [], "label": "door", "path": ["/data/S3DIS/Stanford3dDataset_v1.2_Aligned_Version/Area_1/hallway_6/Annotations/door_16.txt"]}, {"id": 90, "parent": 137, "children": [], "label": "door", "path": ["/data/S3DIS/Stanford3dDataset_v1.2_Aligned_Version/Area_1/hallway_6/Annotations/door_4.txt"]}, {"id": 91, "parent": 132, "children": [], "label": "bookcase", "path": ["/data/S3DIS/Stanford3dDataset_v1.2_Aligned_Version/Area_1/hallway_6/Annotations/bookcase_10.txt"]}, {"id": 93, "parent": 108, "children": [], "label": "wall", "path": ["/data/S3DIS/Stanford3dDataset_v1.2_Aligned_Version/Area_1/hallway_6/Annotations/wall_4.txt"]}, {"id": 94, "parent": 108, "children": [], "label": "wall", "path": ["/data/S3DIS/Stanford3dDataset_v1.2_Aligned_Version/Area_1/hallway_6/Annotations/wall_19.txt"]}, {"id": 95, "parent": -1, "children": [], "label": "clutter", "path": ["/data/S3DIS/Stanford3dDataset_v1.2_Aligned_Version/Area_1/hallway_6/Annotations/clutter_15.txt"]}, {"id": 96, "parent": 135, "children": [], "label": "door", "path": ["/data/S3DIS/Stanford3dDataset_v1.2_Aligned_Version/Area_1/hallway_6/Annotations/door_10.txt"]}, {"id": 97, "parent": 108, "children": [], "label": "wall", "path": ["/data/S3DIS/Stanford3dDataset_v1.2_Aligned_Version/Area_1/hallway_6/Annotations/wall_8.txt"]}, {"id": 98, "parent": 128, "children": [], "label": "bookcase", "path": ["/data/S3DIS/Stanford3dDataset_v1.2_Aligned_Version/Area_1/hallway_6/Annotations/bookcase_9.txt"]}, {"id": 99, "parent": 127, "children": [], "label": "column", "path": ["/data/S3DIS/Stanford3dDataset_v1.2_Aligned_Version/Area_1/hallway_6/Annotations/column_11.txt"]}, {"id": 100, "parent": -1, "children": [], "label": "clutter", "path": ["/data/S3DIS/Stanford3dDataset_v1.2_Aligned_Version/Area_1/hallway_6/Annotations/clutter_3.txt"]}, {"id": 101, "parent": -1, "children": [], "label": "clutter", "path": ["/data/S3DIS/Stanford3dDataset_v1.2_Aligned_Version/Area_1/hallway_6/Annotations/clutter_24.txt"]}, {"id": 102, "parent": 127, "children": [], "label": "column", "path": ["/data/S3DIS/Stanford3dDataset_v1.2_Aligned_Version/Area_1/hallway_6/Annotations/column_6.txt"]}, {"id": 103, "parent": -1, "children": [], "label": "clutter", "path": ["/data/S3DIS/Stanford3dDataset_v1.2_Aligned_Version/Area_1/hallway_6/Annotations/clutter_17.txt"]}, {"id": 104, "parent": 127, "children": [], "label": "column", "path": ["/data/S3DIS/Stanford3dDataset_v1.2_Aligned_Version/Area_1/hallway_6/Annotations/column_2.txt"]}, {"id": 105, "parent": 134, "children": [], "label": "door", "path": ["/data/S3DIS/Stanford3dDataset_v1.2_Aligned_Version/Area_1/hallway_6/Annotations/door_11.txt"]}, {"id": 106, "parent": 133, "children": [], "label": "bookcase", "path": ["/data/S3DIS/Stanford3dDataset_v1.2_Aligned_Version/Area_1/hallway_6/Annotations/bookcase_5.txt"]}, {"id": 107, "parent": 108, "children": [], "label": "wall", "path": ["/data/S3DIS/Stanford3dDataset_v1.2_Aligned_Version/Area_1/hallway_6/Annotations/wall_3.txt"]}, {"id": 108, "parent": 138, "children": [6, 11, 27, 32, 36, 37, 43, 45, 47, 49, 56, 57, 60, 66, 75, 76, 93, 94, 97, 107], "label": "wall group", "path": ["/data/S3DIS/Stanford3dDataset_v1.2_Aligned_Version/Area_1/hallway_6/Annotations/wall_6.txt", "/data/S3DIS/Stanford3dDataset_v1.2_Aligned_Version/Area_1/hallway_6/Annotations/wall_16.txt", "/data/S3DIS/Stanford3dDataset_v1.2_Aligned_Version/Area_1/hallway_6/Annotations/wall_10.txt", "/data/S3DIS/Stanford3dDataset_v1.2_Aligned_Version/Area_1/hallway_6/Annotations/wall_2.txt", "/data/S3DIS/Stanford3dDataset_v1.2_Aligned_Version/Area_1/hallway_6/Annotations/wall_13.txt", "/data/S3DIS/Stanford3dDataset_v1.2_Aligned_Version/Area_1/hallway_6/Annotations/wall_18.txt", "/data/S3DIS/Stanford3dDataset_v1.2_Aligned_Version/Area_1/hallway_6/Annotations/wall_12.txt", "/data/S3DIS/Stanford3dDataset_v1.2_Aligned_Version/Area_1/hallway_6/Annotations/wall_11.txt", "/data/S3DIS/Stanford3dDataset_v1.2_Aligned_Version/Area_1/hallway_6/Annotations/wall_17.txt", "/data/S3DIS/Stanford3dDataset_v1.2_Aligned_Version/Area_1/hallway_6/Annotations/wall_7.txt", "/data/S3DIS/Stanford3dDataset_v1.2_Aligned_Version/Area_1/hallway_6/Annotations/wall_5.txt", "/data/S3DIS/Stanford3dDataset_v1.2_Aligned_Version/Area_1/hallway_6/Annotations/wall_20.txt", "/data/S3DIS/Stanford3dDataset_v1.2_Aligned_Version/Area_1/hallway_6/Annotations/wall_15.txt", "/data/S3DIS/Stanford3dDataset_v1.2_Aligned_Version/Area_1/hallway_6/Annotations/wall_9.txt", "/data/S3DIS/Stanford3dDataset_v1.2_Aligned_Version/Area_1/hallway_6/Annotations/wall_1.txt", "/data/S3DIS/Stanford3dDataset_v1.2_Aligned_Version/Area_1/hallway_6/Annotations/wall_14.txt", "/data/S3DIS/Stanford3dDataset_v1.2_Aligned_Version/Area_1/hallway_6/Annotations/wall_4.txt", "/data/S3DIS/Stanford3dDataset_v1.2_Aligned_Version/Area_1/hallway_6/Annotations/wall_19.txt", "/data/S3DIS/Stanford3dDataset_v1.2_Aligned_Version/Area_1/hallway_6/Annotations/wall_8.txt", "/data/S3DIS/Stanford3dDataset_v1.2_Aligned_Version/Area_1/hallway_6/Annotations/wall_3.txt"]}, {"id": 109, "parent": 138, "children": [0], "label": "ceiling group", "path": ["/data/S3DIS/Stanford3dDataset_v1.2_Aligned_Version/Area_1/hallway_6/Annotations/ceiling_2.txt"]}, {"id": 110, "parent": 138, "children": [20], "label": "ceiling group", "path": ["/data/S3DIS/Stanford3dDataset_v1.2_Aligned_Version/Area_1/hallway_6/Annotations/ceiling_1.txt"]}, {"id": 111, "parent": 138, "children": [40], "label": "ceiling group", "path": ["/data/S3DIS/Stanford3dDataset_v1.2_Aligned_Version/Area_1/hallway_6/Annotations/ceiling_3.txt"]}, {"id": 112, "parent": 138, "children": [1], "label": "floor group", "path": ["/data/S3DIS/Stanford3dDataset_v1.2_Aligned_Version/Area_1/hallway_6/Annotations/floor_1.txt"]}, {"id": 113, "parent": 138, "children": [22], "label": "beam group", "path": ["/data/S3DIS/Stanford3dDataset_v1.2_Aligned_Version/Area_1/hallway_6/Annotations/beam_5.txt"]}, {"id": 114, "parent": 139, "children": [2], "label": "door group", "path": ["/data/S3DIS/Stanford3dDataset_v1.2_Aligned_Version/Area_1/hallway_6/Annotations/door_12.txt"]}, {"id": 115, "parent": 140, "children": [5], "label": "door group", "path": ["/data/S3DIS/Stanford3dDataset_v1.2_Aligned_Version/Area_1/hallway_6/Annotations/door_1.txt"]}, {"id": 116, "parent": 141, "children": [10], "label": "door group", "path": ["/data/S3DIS/Stanford3dDataset_v1.2_Aligned_Version/Area_1/hallway_6/Annotations/door_3.txt"]}, {"id": 117, "parent": 142, "children": [16], "label": "door group", "path": ["/data/S3DIS/Stanford3dDataset_v1.2_Aligned_Version/Area_1/hallway_6/Annotations/door_5.txt"]}, {"id": 118, "parent": 143, "children": [18], "label": "door group", "path": ["/data/S3DIS/Stanford3dDataset_v1.2_Aligned_Version/Area_1/hallway_6/Annotations/door_9.txt"]}, {"id": 119, "parent": 144, "children": [25], "label": "door group", "path": ["/data/S3DIS/Stanford3dDataset_v1.2_Aligned_Version/Area_1/hallway_6/Annotations/door_2.txt"]}, {"id": 120, "parent": 145, "children": [30], "label": "door group", "path": ["/data/S3DIS/Stanford3dDataset_v1.2_Aligned_Version/Area_1/hallway_6/Annotations/door_14.txt"]}, {"id": 121, "parent": 146, "children": [33], "label": "door group", "path": ["/data/S3DIS/Stanford3dDataset_v1.2_Aligned_Version/Area_1/hallway_6/Annotations/door_7.txt"]}, {"id": 122, "parent": 147, "children": [44], "label": "door group", "path": ["/data/S3DIS/Stanford3dDataset_v1.2_Aligned_Version/Area_1/hallway_6/Annotations/door_13.txt"]}, {"id": 123, "parent": 148, "children": [51], "label": "door group", "path": ["/data/S3DIS/Stanford3dDataset_v1.2_Aligned_Version/Area_1/hallway_6/Annotations/door_6.txt"]}, {"id": 124, "parent": 149, "children": [71], "label": "door group", "path": ["/data/S3DIS/Stanford3dDataset_v1.2_Aligned_Version/Area_1/hallway_6/Annotations/door_15.txt"]}, {"id": 125, "parent": 150, "children": [77], "label": "door group", "path": ["/data/S3DIS/Stanford3dDataset_v1.2_Aligned_Version/Area_1/hallway_6/Annotations/door_8.txt"]}, {"id": 126, "parent": 138, "children": [14, 29, 41, 54, 68, 79], "label": "beam group", "path": ["/data/S3DIS/Stanford3dDataset_v1.2_Aligned_Version/Area_1/hallway_6/Annotations/beam_6.txt", "/data/S3DIS/Stanford3dDataset_v1.2_Aligned_Version/Area_1/hallway_6/Annotations/beam_4.txt", "/data/S3DIS/Stanford3dDataset_v1.2_Aligned_Version/Area_1/hallway_6/Annotations/beam_1.txt", "/data/S3DIS/Stanford3dDataset_v1.2_Aligned_Version/Area_1/hallway_6/Annotations/beam_3.txt", "/data/S3DIS/Stanford3dDataset_v1.2_Aligned_Version/Area_1/hallway_6/Annotations/beam_7.txt", "/data/S3DIS/Stanford3dDataset_v1.2_Aligned_Version/Area_1/hallway_6/Annotations/beam_2.txt"]}, {"id": 127, "parent": 138, "children": [17, 26, 38, 50, 70, 78, 81, 83, 88, 99, 102, 104], "label": "column group", "path": ["/data/S3DIS/Stanford3dDataset_v1.2_Aligned_Version/Area_1/hallway_6/Annotations/column_12.txt", "/data/S3DIS/Stanford3dDataset_v1.2_Aligned_Version/Area_1/hallway_6/Annotations/column_9.txt", "/data/S3DIS/Stanford3dDataset_v1.2_Aligned_Version/Area_1/hallway_6/Annotations/column_4.txt", "/data/S3DIS/Stanford3dDataset_v1.2_Aligned_Version/Area_1/hallway_6/Annotations/column_5.txt", "/data/S3DIS/Stanford3dDataset_v1.2_Aligned_Version/Area_1/hallway_6/Annotations/column_8.txt", "/data/S3DIS/Stanford3dDataset_v1.2_Aligned_Version/Area_1/hallway_6/Annotations/column_1.txt", "/data/S3DIS/Stanford3dDataset_v1.2_Aligned_Version/Area_1/hallway_6/Annotations/column_7.txt", "/data/S3DIS/Stanford3dDataset_v1.2_Aligned_Version/Area_1/hallway_6/Annotations/column_3.txt", "/data/S3DIS/Stanford3dDataset_v1.2_Aligned_Version/Area_1/hallway_6/Annotations/column_10.txt", "/data/S3DIS/Stanford3dDataset_v1.2_Aligned_Version/Area_1/hallway_6/Annotations/column_11.txt", "/data/S3DIS/Stanford3dDataset_v1.2_Aligned_Version/Area_1/hallway_6/Annotations/column_6.txt", "/data/S3DIS/Stanford3dDataset_v1.2_Aligned_Version/Area_1/hallway_6/Annotations/column_2.txt"]}, {"id": 128, "parent": 151, "children": [7, 21, 85, 98], "label": "bookcase group", "path": ["/data/S3DIS/Stanford3dDataset_v1.2_Aligned_Version/Area_1/hallway_6/Annotations/bookcase_2.txt", "/data/S3DIS/Stanford3dDataset_v1.2_Aligned_Version/Area_1/hallway_6/Annotations/bookcase_3.txt", "/data/S3DIS/Stanford3dDataset_v1.2_Aligned_Version/Area_1/hallway_6/Annotations/bookcase_6.txt", "/data/S3DIS/Stanford3dDataset_v1.2_Aligned_Version/Area_1/hallway_6/Annotations/bookcase_9.txt"]}, {"id": 129, "parent": 152, "children": [35, 53], "label": "bookcase group", "path": ["/data/S3DIS/Stanford3dDataset_v1.2_Aligned_Version/Area_1/hallway_6/Annotations/bookcase_8.txt", "/data/S3DIS/Stanford3dDataset_v1.2_Aligned_Version/Area_1/hallway_6/Annotations/bookcase_4.txt"]}, {"id": 130, "parent": 153, "children": [4], "label": "bookcase group", "path": ["/data/S3DIS/Stanford3dDataset_v1.2_Aligned_Version/Area_1/hallway_6/Annotations/bookcase_7.txt"]}, {"id": 131, "parent": 154, "children": [73], "label": "bookcase group", "path": ["/data/S3DIS/Stanford3dDataset_v1.2_Aligned_Version/Area_1/hallway_6/Annotations/bookcase_1.txt"]}, {"id": 132, "parent": 155, "children": [91], "label": "bookcase group", "path": ["/data/S3DIS/Stanford3dDataset_v1.2_Aligned_Version/Area_1/hallway_6/Annotations/bookcase_10.txt"]}, {"id": 133, "parent": 156, "children": [106], "label": "bookcase group", "path": ["/data/S3DIS/Stanford3dDataset_v1.2_Aligned_Version/Area_1/hallway_6/Annotations/bookcase_5.txt"]}, {"id": 134, "parent": 157, "children": [105], "label": "door group", "path": ["/data/S3DIS/Stanford3dDataset_v1.2_Aligned_Version/Area_1/hallway_6/Annotations/door_11.txt"]}, {"id": 135, "parent": 158, "children": [96], "label": "door group", "path": ["/data/S3DIS/Stanford3dDataset_v1.2_Aligned_Version/Area_1/hallway_6/Annotations/door_10.txt"]}, {"id": 136, "parent": 159, "children": [89], "label": "door group", "path": ["/data/S3DIS/Stanford3dDataset_v1.2_Aligned_Version/Area_1/hallway_6/Annotations/door_16.txt"]}, {"id": 137, "parent": 160, "children": [90], "label": "door group", "path": ["/data/S3DIS/Stanford3dDataset_v1.2_Aligned_Version/Area_1/hallway_6/Annotations/door_4.txt"]}, {"id": 138, "parent": -1, "children": [108, 109, 110, 111, 112, 113, 126, 127], "label": "building area", "path": ["/data/S3DIS/Stanford3dDataset_v1.2_Aligned_Version/Area_1/hallway_6/Annotations/wall_6.txt", "/data/S3DIS/Stanford3dDataset_v1.2_Aligned_Version/Area_1/hallway_6/Annotations/wall_16.txt", "/data/S3DIS/Stanford3dDataset_v1.2_Aligned_Version/Area_1/hallway_6/Annotations/wall_10.txt", "/data/S3DIS/Stanford3dDataset_v1.2_Aligned_Version/Area_1/hallway_6/Annotations/wall_2.txt", "/data/S3DIS/Stanford3dDataset_v1.2_Aligned_Version/Area_1/hallway_6/Annotations/wall_13.txt", "/data/S3DIS/Stanford3dDataset_v1.2_Aligned_Version/Area_1/hallway_6/Annotations/wall_18.txt", "/data/S3DIS/Stanford3dDataset_v1.2_Aligned_Version/Area_1/hallway_6/Annotations/wall_12.txt", "/data/S3DIS/Stanford3dDataset_v1.2_Aligned_Version/Area_1/hallway_6/Annotations/wall_11.txt", "/data/S3DIS/Stanford3dDataset_v1.2_Aligned_Version/Area_1/hallway_6/Annotations/wall_17.txt", "/data/S3DIS/Stanford3dDataset_v1.2_Aligned_Version/Area_1/hallway_6/Annotations/wall_7.txt", "/data/S3DIS/Stanford3dDataset_v1.2_Aligned_Version/Area_1/hallway_6/Annotations/wall_5.txt", "/data/S3DIS/Stanford3dDataset_v1.2_Aligned_Version/Area_1/hallway_6/Annotations/wall_20.txt", "/data/S3DIS/Stanford3dDataset_v1.2_Aligned_Version/Area_1/hallway_6/Annotations/wall_15.txt", "/data/S3DIS/Stanford3dDataset_v1.2_Aligned_Version/Area_1/hallway_6/Annotations/wall_9.txt", "/data/S3DIS/Stanford3dDataset_v1.2_Aligned_Version/Area_1/hallway_6/Annotations/wall_1.txt", "/data/S3DIS/Stanford3dDataset_v1.2_Aligned_Version/Area_1/hallway_6/Annotations/wall_14.txt", "/data/S3DIS/Stanford3dDataset_v1.2_Aligned_Version/Area_1/hallway_6/Annotations/wall_4.txt", "/data/S3DIS/Stanford3dDataset_v1.2_Aligned_Version/Area_1/hallway_6/Annotations/wall_19.txt", "/data/S3DIS/Stanford3dDataset_v1.2_Aligned_Version/Area_1/hallway_6/Annotations/wall_8.txt", "/data/S3DIS/Stanford3dDataset_v1.2_Aligned_Version/Area_1/hallway_6/Annotations/wall_3.txt", "/data/S3DIS/Stanford3dDataset_v1.2_Aligned_Version/Area_1/hallway_6/Annotations/ceiling_2.txt", "/data/S3DIS/Stanford3dDataset_v1.2_Aligned_Version/Area_1/hallway_6/Annotations/ceiling_1.txt", "/data/S3DIS/Stanford3dDataset_v1.2_Aligned_Version/Area_1/hallway_6/Annotations/ceiling_3.txt", "/data/S3DIS/Stanford3dDataset_v1.2_Aligned_Version/Area_1/hallway_6/Annotations/floor_1.txt", "/data/S3DIS/Stanford3dDataset_v1.2_Aligned_Version/Area_1/hallway_6/Annotations/beam_5.txt", "/data/S3DIS/Stanford3dDataset_v1.2_Aligned_Version/Area_1/hallway_6/Annotations/beam_6.txt", "/data/S3DIS/Stanford3dDataset_v1.2_Aligned_Version/Area_1/hallway_6/Annotations/beam_4.txt", "/data/S3DIS/Stanford3dDataset_v1.2_Aligned_Version/Area_1/hallway_6/Annotations/beam_1.txt", "/data/S3DIS/Stanford3dDataset_v1.2_Aligned_Version/Area_1/hallway_6/Annotations/beam_3.txt", "/data/S3DIS/Stanford3dDataset_v1.2_Aligned_Version/Area_1/hallway_6/Annotations/beam_7.txt", "/data/S3DIS/Stanford3dDataset_v1.2_Aligned_Version/Area_1/hallway_6/Annotations/beam_2.txt", "/data/S3DIS/Stanford3dDataset_v1.2_Aligned_Version/Area_1/hallway_6/Annotations/column_12.txt", "/data/S3DIS/Stanford3dDataset_v1.2_Aligned_Version/Area_1/hallway_6/Annotations/column_9.txt", "/data/S3DIS/Stanford3dDataset_v1.2_Aligned_Version/Area_1/hallway_6/Annotations/column_4.txt", "/data/S3DIS/Stanford3dDataset_v1.2_Aligned_Version/Area_1/hallway_6/Annotations/column_5.txt", "/data/S3DIS/Stanford3dDataset_v1.2_Aligned_Version/Area_1/hallway_6/Annotations/column_8.txt", "/data/S3DIS/Stanford3dDataset_v1.2_Aligned_Version/Area_1/hallway_6/Annotations/column_1.txt", "/data/S3DIS/Stanford3dDataset_v1.2_Aligned_Version/Area_1/hallway_6/Annotations/column_7.txt", "/data/S3DIS/Stanford3dDataset_v1.2_Aligned_Version/Area_1/hallway_6/Annotations/column_3.txt", "/data/S3DIS/Stanford3dDataset_v1.2_Aligned_Version/Area_1/hallway_6/Annotations/column_10.txt", "/data/S3DIS/Stanford3dDataset_v1.2_Aligned_Version/Area_1/hallway_6/Annotations/column_11.txt", "/data/S3DIS/Stanford3dDataset_v1.2_Aligned_Version/Area_1/hallway_6/Annotations/column_6.txt", "/data/S3DIS/Stanford3dDataset_v1.2_Aligned_Version/Area_1/hallway_6/Annotations/column_2.txt"]}, {"id": 139, "parent": -1, "children": [114], "label": "entrance area", "path": ["/data/S3DIS/Stanford3dDataset_v1.2_Aligned_Version/Area_1/hallway_6/Annotations/door_12.txt"]}, {"id": 140, "parent": -1, "children": [115], "label": "entrance area", "path": ["/data/S3DIS/Stanford3dDataset_v1.2_Aligned_Version/Area_1/hallway_6/Annotations/door_1.txt"]}, {"id": 141, "parent": -1, "children": [116], "label": "entrance area", "path": ["/data/S3DIS/Stanford3dDataset_v1.2_Aligned_Version/Area_1/hallway_6/Annotations/door_3.txt"]}, {"id": 142, "parent": -1, "children": [117], "label": "entrance area", "path": ["/data/S3DIS/Stanford3dDataset_v1.2_Aligned_Version/Area_1/hallway_6/Annotations/door_5.txt"]}, {"id": 143, "parent": -1, "children": [118], "label": "entrance area", "path": ["/data/S3DIS/Stanford3dDataset_v1.2_Aligned_Version/Area_1/hallway_6/Annotations/door_9.txt"]}, {"id": 144, "parent": -1, "children": [119], "label": "entrance area", "path": ["/data/S3DIS/Stanford3dDataset_v1.2_Aligned_Version/Area_1/hallway_6/Annotations/door_2.txt"]}, {"id": 145, "parent": -1, "children": [120], "label": "entrance area", "path": ["/data/S3DIS/Stanford3dDataset_v1.2_Aligned_Version/Area_1/hallway_6/Annotations/door_14.txt"]}, {"id": 146, "parent": -1, "children": [121], "label": "entrance area", "path": ["/data/S3DIS/Stanford3dDataset_v1.2_Aligned_Version/Area_1/hallway_6/Annotations/door_7.txt"]}, {"id": 147, "parent": -1, "children": [122], "label": "entrance area", "path": ["/data/S3DIS/Stanford3dDataset_v1.2_Aligned_Version/Area_1/hallway_6/Annotations/door_13.txt"]}, {"id": 148, "parent": -1, "children": [123], "label": "entrance area", "path": ["/data/S3DIS/Stanford3dDataset_v1.2_Aligned_Version/Area_1/hallway_6/Annotations/door_6.txt"]}, {"id": 149, "parent": -1, "children": [124], "label": "entrance area", "path": ["/data/S3DIS/Stanford3dDataset_v1.2_Aligned_Version/Area_1/hallway_6/Annotations/door_15.txt"]}, {"id": 150, "parent": -1, "children": [125], "label": "entrance area", "path": ["/data/S3DIS/Stanford3dDataset_v1.2_Aligned_Version/Area_1/hallway_6/Annotations/door_8.txt"]}, {"id": 151, "parent": -1, "children": [128], "label": "case area", "path": ["/data/S3DIS/Stanford3dDataset_v1.2_Aligned_Version/Area_1/hallway_6/Annotations/bookcase_2.txt", "/data/S3DIS/Stanford3dDataset_v1.2_Aligned_Version/Area_1/hallway_6/Annotations/bookcase_3.txt", "/data/S3DIS/Stanford3dDataset_v1.2_Aligned_Version/Area_1/hallway_6/Annotations/bookcase_6.txt", "/data/S3DIS/Stanford3dDataset_v1.2_Aligned_Version/Area_1/hallway_6/Annotations/bookcase_9.txt"]}, {"id": 152, "parent": -1, "children": [129], "label": "case area", "path": ["/data/S3DIS/Stanford3dDataset_v1.2_Aligned_Version/Area_1/hallway_6/Annotations/bookcase_8.txt", "/data/S3DIS/Stanford3dDataset_v1.2_Aligned_Version/Area_1/hallway_6/Annotations/bookcase_4.txt"]}, {"id": 153, "parent": -1, "children": [130], "label": "case area", "path": ["/data/S3DIS/Stanford3dDataset_v1.2_Aligned_Version/Area_1/hallway_6/Annotations/bookcase_7.txt"]}, {"id": 154, "parent": -1, "children": [131], "label": "case area", "path": ["/data/S3DIS/Stanford3dDataset_v1.2_Aligned_Version/Area_1/hallway_6/Annotations/bookcase_1.txt"]}, {"id": 155, "parent": -1, "children": [132], "label": "case area", "path": ["/data/S3DIS/Stanford3dDataset_v1.2_Aligned_Version/Area_1/hallway_6/Annotations/bookcase_10.txt"]}, {"id": 156, "parent": -1, "children": [133], "label": "case area", "path": ["/data/S3DIS/Stanford3dDataset_v1.2_Aligned_Version/Area_1/hallway_6/Annotations/bookcase_5.txt"]}, {"id": 157, "parent": -1, "children": [134], "label": "entrance area", "path": ["/data/S3DIS/Stanford3dDataset_v1.2_Aligned_Version/Area_1/hallway_6/Annotations/door_11.txt"]}, {"id": 158, "parent": -1, "children": [135], "label": "entrance area", "path": ["/data/S3DIS/Stanford3dDataset_v1.2_Aligned_Version/Area_1/hallway_6/Annotations/door_10.txt"]}, {"id": 159, "parent": -1, "children": [136], "label": "entrance area", "path": ["/data/S3DIS/Stanford3dDataset_v1.2_Aligned_Version/Area_1/hallway_6/Annotations/door_16.txt"]}, {"id": 160, "parent": -1, "children": [137], "label": "entrance area", "path": ["/data/S3DIS/Stanford3dDataset_v1.2_Aligned_Version/Area_1/hallway_6/Annotations/door_4.txt"]}]