[{"id": 0, "parent": 117, "children": [], "label": "door", "path": ["/data/S3DIS/Stanford3dDataset_v1.2_Aligned_Version/Area_1/hallway_7/Annotations/door_19.txt"]}, {"id": 1, "parent": 97, "children": [], "label": "ceiling", "path": ["/data/S3DIS/Stanford3dDataset_v1.2_Aligned_Version/Area_1/hallway_7/Annotations/ceiling_2.txt"]}, {"id": 2, "parent": 104, "children": [], "label": "beam", "path": ["/data/S3DIS/Stanford3dDataset_v1.2_Aligned_Version/Area_1/hallway_7/Annotations/beam_8.txt"]}, {"id": 3, "parent": 105, "children": [], "label": "floor", "path": ["/data/S3DIS/Stanford3dDataset_v1.2_Aligned_Version/Area_1/hallway_7/Annotations/floor_1.txt"]}, {"id": 4, "parent": 113, "children": [], "label": "door", "path": ["/data/S3DIS/Stanford3dDataset_v1.2_Aligned_Version/Area_1/hallway_7/Annotations/door_12.txt"]}, {"id": 5, "parent": -1, "children": [], "label": "clutter", "path": ["/data/S3DIS/Stanford3dDataset_v1.2_Aligned_Version/Area_1/hallway_7/Annotations/clutter_13.txt"]}, {"id": 6, "parent": 112, "children": [], "label": "door", "path": ["/data/S3DIS/Stanford3dDataset_v1.2_Aligned_Version/Area_1/hallway_7/Annotations/door_1.txt"]}, {"id": 7, "parent": 96, "children": [], "label": "wall", "path": ["/data/S3DIS/Stanford3dDataset_v1.2_Aligned_Version/Area_1/hallway_7/Annotations/wall_6.txt"]}, {"id": 8, "parent": 107, "children": [], "label": "bookcase", "path": ["/data/S3DIS/Stanford3dDataset_v1.2_Aligned_Version/Area_1/hallway_7/Annotations/bookcase_2.txt"]}, {"id": 9, "parent": -1, "children": [], "label": "clutter", "path": ["/data/S3DIS/Stanford3dDataset_v1.2_Aligned_Version/Area_1/hallway_7/Annotations/clutter_25.txt"]}, {"id": 10, "parent": -1, "children": [], "label": "clutter", "path": ["/data/S3DIS/Stanford3dDataset_v1.2_Aligned_Version/Area_1/hallway_7/Annotations/clutter_5.txt"]}, {"id": 11, "parent": 115, "children": [], "label": "door", "path": ["/data/S3DIS/Stanford3dDataset_v1.2_Aligned_Version/Area_1/hallway_7/Annotations/door_3.txt"]}, {"id": 12, "parent": 96, "children": [], "label": "wall", "path": ["/data/S3DIS/Stanford3dDataset_v1.2_Aligned_Version/Area_1/hallway_7/Annotations/wall_16.txt"]}, {"id": 13, "parent": -1, "children": [], "label": "clutter", "path": ["/data/S3DIS/Stanford3dDataset_v1.2_Aligned_Version/Area_1/hallway_7/Annotations/clutter_16.txt"]}, {"id": 14, "parent": -1, "children": [], "label": "clutter", "path": ["/data/S3DIS/Stanford3dDataset_v1.2_Aligned_Version/Area_1/hallway_7/Annotations/clutter_33.txt"]}, {"id": 15, "parent": 104, "children": [], "label": "beam", "path": ["/data/S3DIS/Stanford3dDataset_v1.2_Aligned_Version/Area_1/hallway_7/Annotations/beam_6.txt"]}, {"id": 16, "parent": 118, "children": [], "label": "door", "path": ["/data/S3DIS/Stanford3dDataset_v1.2_Aligned_Version/Area_1/hallway_7/Annotations/door_5.txt"]}, {"id": 17, "parent": 101, "children": [], "label": "column", "path": ["/data/S3DIS/Stanford3dDataset_v1.2_Aligned_Version/Area_1/hallway_7/Annotations/column_12.txt"]}, {"id": 18, "parent": 114, "children": [], "label": "door", "path": ["/data/S3DIS/Stanford3dDataset_v1.2_Aligned_Version/Area_1/hallway_7/Annotations/door_9.txt"]}, {"id": 19, "parent": -1, "children": [], "label": "clutter", "path": ["/data/S3DIS/Stanford3dDataset_v1.2_Aligned_Version/Area_1/hallway_7/Annotations/clutter_27.txt"]}, {"id": 20, "parent": 97, "children": [], "label": "ceiling", "path": ["/data/S3DIS/Stanford3dDataset_v1.2_Aligned_Version/Area_1/hallway_7/Annotations/ceiling_1.txt"]}, {"id": 21, "parent": 104, "children": [], "label": "beam", "path": ["/data/S3DIS/Stanford3dDataset_v1.2_Aligned_Version/Area_1/hallway_7/Annotations/beam_5.txt"]}, {"id": 22, "parent": -1, "children": [], "label": "clutter", "path": ["/data/S3DIS/Stanford3dDataset_v1.2_Aligned_Version/Area_1/hallway_7/Annotations/clutter_26.txt"]}, {"id": 23, "parent": 112, "children": [], "label": "door", "path": ["/data/S3DIS/Stanford3dDataset_v1.2_Aligned_Version/Area_1/hallway_7/Annotations/door_2.txt"]}, {"id": 24, "parent": 102, "children": [], "label": "column", "path": ["/data/S3DIS/Stanford3dDataset_v1.2_Aligned_Version/Area_1/hallway_7/Annotations/column_9.txt"]}, {"id": 25, "parent": 96, "children": [], "label": "wall", "path": ["/data/S3DIS/Stanford3dDataset_v1.2_Aligned_Version/Area_1/hallway_7/Annotations/wall_10.txt"]}, {"id": 26, "parent": -1, "children": [], "label": "clutter", "path": ["/data/S3DIS/Stanford3dDataset_v1.2_Aligned_Version/Area_1/hallway_7/Annotations/clutter_9.txt"]}, {"id": 27, "parent": 104, "children": [], "label": "beam", "path": ["/data/S3DIS/Stanford3dDataset_v1.2_Aligned_Version/Area_1/hallway_7/Annotations/beam_4.txt"]}, {"id": 28, "parent": 109, "children": [], "label": "door", "path": ["/data/S3DIS/Stanford3dDataset_v1.2_Aligned_Version/Area_1/hallway_7/Annotations/door_14.txt"]}, {"id": 29, "parent": -1, "children": [], "label": "clutter", "path": ["/data/S3DIS/Stanford3dDataset_v1.2_Aligned_Version/Area_1/hallway_7/Annotations/clutter_2.txt"]}, {"id": 30, "parent": 96, "children": [], "label": "wall", "path": ["/data/S3DIS/Stanford3dDataset_v1.2_Aligned_Version/Area_1/hallway_7/Annotations/wall_2.txt"]}, {"id": 31, "parent": 111, "children": [], "label": "door", "path": ["/data/S3DIS/Stanford3dDataset_v1.2_Aligned_Version/Area_1/hallway_7/Annotations/door_7.txt"]}, {"id": 32, "parent": -1, "children": [], "label": "clutter", "path": ["/data/S3DIS/Stanford3dDataset_v1.2_Aligned_Version/Area_1/hallway_7/Annotations/clutter_20.txt"]}, {"id": 33, "parent": 96, "children": [], "label": "wall", "path": ["/data/S3DIS/Stanford3dDataset_v1.2_Aligned_Version/Area_1/hallway_7/Annotations/wall_13.txt"]}, {"id": 34, "parent": 103, "children": [], "label": "column", "path": ["/data/S3DIS/Stanford3dDataset_v1.2_Aligned_Version/Area_1/hallway_7/Annotations/column_4.txt"]}, {"id": 35, "parent": -1, "children": [], "label": "clutter", "path": ["/data/S3DIS/Stanford3dDataset_v1.2_Aligned_Version/Area_1/hallway_7/Annotations/clutter_1.txt"]}, {"id": 36, "parent": 110, "children": [], "label": "door", "path": ["/data/S3DIS/Stanford3dDataset_v1.2_Aligned_Version/Area_1/hallway_7/Annotations/door_17.txt"]}, {"id": 37, "parent": 104, "children": [], "label": "beam", "path": ["/data/S3DIS/Stanford3dDataset_v1.2_Aligned_Version/Area_1/hallway_7/Annotations/beam_1.txt"]}, {"id": 38, "parent": -1, "children": [], "label": "clutter", "path": ["/data/S3DIS/Stanford3dDataset_v1.2_Aligned_Version/Area_1/hallway_7/Annotations/clutter_12.txt"]}, {"id": 39, "parent": 96, "children": [], "label": "wall", "path": ["/data/S3DIS/Stanford3dDataset_v1.2_Aligned_Version/Area_1/hallway_7/Annotations/wall_12.txt"]}, {"id": 40, "parent": 109, "children": [], "label": "door", "path": ["/data/S3DIS/Stanford3dDataset_v1.2_Aligned_Version/Area_1/hallway_7/Annotations/door_13.txt"]}, {"id": 41, "parent": 96, "children": [], "label": "wall", "path": ["/data/S3DIS/Stanford3dDataset_v1.2_Aligned_Version/Area_1/hallway_7/Annotations/wall_11.txt"]}, {"id": 42, "parent": -1, "children": [], "label": "clutter", "path": ["/data/S3DIS/Stanford3dDataset_v1.2_Aligned_Version/Area_1/hallway_7/Annotations/clutter_7.txt"]}, {"id": 43, "parent": 96, "children": [], "label": "wall", "path": ["/data/S3DIS/Stanford3dDataset_v1.2_Aligned_Version/Area_1/hallway_7/Annotations/wall_17.txt"]}, {"id": 44, "parent": -1, "children": [], "label": "clutter", "path": ["/data/S3DIS/Stanford3dDataset_v1.2_Aligned_Version/Area_1/hallway_7/Annotations/clutter_8.txt"]}, {"id": 45, "parent": 96, "children": [], "label": "wall", "path": ["/data/S3DIS/Stanford3dDataset_v1.2_Aligned_Version/Area_1/hallway_7/Annotations/wall_7.txt"]}, {"id": 46, "parent": 103, "children": [], "label": "column", "path": ["/data/S3DIS/Stanford3dDataset_v1.2_Aligned_Version/Area_1/hallway_7/Annotations/column_5.txt"]}, {"id": 47, "parent": 119, "children": [], "label": "door", "path": ["/data/S3DIS/Stanford3dDataset_v1.2_Aligned_Version/Area_1/hallway_7/Annotations/door_6.txt"]}, {"id": 48, "parent": -1, "children": [], "label": "clutter", "path": ["/data/S3DIS/Stanford3dDataset_v1.2_Aligned_Version/Area_1/hallway_7/Annotations/clutter_34.txt"]}, {"id": 49, "parent": 104, "children": [], "label": "beam", "path": ["/data/S3DIS/Stanford3dDataset_v1.2_Aligned_Version/Area_1/hallway_7/Annotations/beam_3.txt"]}, {"id": 50, "parent": -1, "children": [], "label": "clutter", "path": ["/data/S3DIS/Stanford3dDataset_v1.2_Aligned_Version/Area_1/hallway_7/Annotations/clutter_30.txt"]}, {"id": 51, "parent": 96, "children": [], "label": "wall", "path": ["/data/S3DIS/Stanford3dDataset_v1.2_Aligned_Version/Area_1/hallway_7/Annotations/wall_5.txt"]}, {"id": 52, "parent": -1, "children": [], "label": "clutter", "path": ["/data/S3DIS/Stanford3dDataset_v1.2_Aligned_Version/Area_1/hallway_7/Annotations/clutter_6.txt"]}, {"id": 53, "parent": -1, "children": [], "label": "clutter", "path": ["/data/S3DIS/Stanford3dDataset_v1.2_Aligned_Version/Area_1/hallway_7/Annotations/clutter_19.txt"]}, {"id": 54, "parent": 96, "children": [], "label": "wall", "path": ["/data/S3DIS/Stanford3dDataset_v1.2_Aligned_Version/Area_1/hallway_7/Annotations/wall_15.txt"]}, {"id": 55, "parent": -1, "children": [], "label": "clutter", "path": ["/data/S3DIS/Stanford3dDataset_v1.2_Aligned_Version/Area_1/hallway_7/Annotations/clutter_10.txt"]}, {"id": 56, "parent": -1, "children": [], "label": "clutter", "path": ["/data/S3DIS/Stanford3dDataset_v1.2_Aligned_Version/Area_1/hallway_7/Annotations/clutter_18.txt"]}, {"id": 57, "parent": 111, "children": [], "label": "door", "path": ["/data/S3DIS/Stanford3dDataset_v1.2_Aligned_Version/Area_1/hallway_7/Annotations/door_18.txt"]}, {"id": 58, "parent": -1, "children": [], "label": "clutter", "path": ["/data/S3DIS/Stanford3dDataset_v1.2_Aligned_Version/Area_1/hallway_7/Annotations/clutter_4.txt"]}, {"id": 59, "parent": -1, "children": [], "label": "clutter", "path": ["/data/S3DIS/Stanford3dDataset_v1.2_Aligned_Version/Area_1/hallway_7/Annotations/clutter_11.txt"]}, {"id": 60, "parent": -1, "children": [], "label": "clutter", "path": ["/data/S3DIS/Stanford3dDataset_v1.2_Aligned_Version/Area_1/hallway_7/Annotations/clutter_32.txt"]}, {"id": 61, "parent": 96, "children": [], "label": "wall", "path": ["/data/S3DIS/Stanford3dDataset_v1.2_Aligned_Version/Area_1/hallway_7/Annotations/wall_9.txt"]}, {"id": 62, "parent": -1, "children": [], "label": "clutter", "path": ["/data/S3DIS/Stanford3dDataset_v1.2_Aligned_Version/Area_1/hallway_7/Annotations/clutter_31.txt"]}, {"id": 63, "parent": 104, "children": [], "label": "beam", "path": ["/data/S3DIS/Stanford3dDataset_v1.2_Aligned_Version/Area_1/hallway_7/Annotations/beam_7.txt"]}, {"id": 64, "parent": 102, "children": [], "label": "column", "path": ["/data/S3DIS/Stanford3dDataset_v1.2_Aligned_Version/Area_1/hallway_7/Annotations/column_8.txt"]}, {"id": 65, "parent": 116, "children": [], "label": "door", "path": ["/data/S3DIS/Stanford3dDataset_v1.2_Aligned_Version/Area_1/hallway_7/Annotations/door_15.txt"]}, {"id": 66, "parent": -1, "children": [], "label": "clutter", "path": ["/data/S3DIS/Stanford3dDataset_v1.2_Aligned_Version/Area_1/hallway_7/Annotations/clutter_29.txt"]}, {"id": 67, "parent": 108, "children": [], "label": "bookcase", "path": ["/data/S3DIS/Stanford3dDataset_v1.2_Aligned_Version/Area_1/hallway_7/Annotations/bookcase_1.txt"]}, {"id": 68, "parent": -1, "children": [], "label": "clutter", "path": ["/data/S3DIS/Stanford3dDataset_v1.2_Aligned_Version/Area_1/hallway_7/Annotations/clutter_21.txt"]}, {"id": 69, "parent": 96, "children": [], "label": "wall", "path": ["/data/S3DIS/Stanford3dDataset_v1.2_Aligned_Version/Area_1/hallway_7/Annotations/wall_1.txt"]}, {"id": 70, "parent": 96, "children": [], "label": "wall", "path": ["/data/S3DIS/Stanford3dDataset_v1.2_Aligned_Version/Area_1/hallway_7/Annotations/wall_14.txt"]}, {"id": 71, "parent": 113, "children": [], "label": "door", "path": ["/data/S3DIS/Stanford3dDataset_v1.2_Aligned_Version/Area_1/hallway_7/Annotations/door_8.txt"]}, {"id": 72, "parent": 98, "children": [], "label": "column", "path": ["/data/S3DIS/Stanford3dDataset_v1.2_Aligned_Version/Area_1/hallway_7/Annotations/column_1.txt"]}, {"id": 73, "parent": 104, "children": [], "label": "beam", "path": ["/data/S3DIS/Stanford3dDataset_v1.2_Aligned_Version/Area_1/hallway_7/Annotations/beam_2.txt"]}, {"id": 74, "parent": 99, "children": [], "label": "column", "path": ["/data/S3DIS/Stanford3dDataset_v1.2_Aligned_Version/Area_1/hallway_7/Annotations/column_7.txt"]}, {"id": 75, "parent": -1, "children": [], "label": "clutter", "path": ["/data/S3DIS/Stanford3dDataset_v1.2_Aligned_Version/Area_1/hallway_7/Annotations/clutter_28.txt"]}, {"id": 76, "parent": 101, "children": [], "label": "column", "path": ["/data/S3DIS/Stanford3dDataset_v1.2_Aligned_Version/Area_1/hallway_7/Annotations/column_3.txt"]}, {"id": 77, "parent": -1, "children": [], "label": "clutter", "path": ["/data/S3DIS/Stanford3dDataset_v1.2_Aligned_Version/Area_1/hallway_7/Annotations/clutter_23.txt"]}, {"id": 78, "parent": -1, "children": [], "label": "clutter", "path": ["/data/S3DIS/Stanford3dDataset_v1.2_Aligned_Version/Area_1/hallway_7/Annotations/clutter_14.txt"]}, {"id": 79, "parent": -1, "children": [], "label": "clutter", "path": ["/data/S3DIS/Stanford3dDataset_v1.2_Aligned_Version/Area_1/hallway_7/Annotations/clutter_22.txt"]}, {"id": 80, "parent": 100, "children": [], "label": "column", "path": ["/data/S3DIS/Stanford3dDataset_v1.2_Aligned_Version/Area_1/hallway_7/Annotations/column_10.txt"]}, {"id": 81, "parent": 120, "children": [], "label": "door", "path": ["/data/S3DIS/Stanford3dDataset_v1.2_Aligned_Version/Area_1/hallway_7/Annotations/door_16.txt"]}, {"id": 82, "parent": 115, "children": [], "label": "door", "path": ["/data/S3DIS/Stanford3dDataset_v1.2_Aligned_Version/Area_1/hallway_7/Annotations/door_4.txt"]}, {"id": 84, "parent": 96, "children": [], "label": "wall", "path": ["/data/S3DIS/Stanford3dDataset_v1.2_Aligned_Version/Area_1/hallway_7/Annotations/wall_4.txt"]}, {"id": 85, "parent": -1, "children": [], "label": "clutter", "path": ["/data/S3DIS/Stanford3dDataset_v1.2_Aligned_Version/Area_1/hallway_7/Annotations/clutter_15.txt"]}, {"id": 86, "parent": 110, "children": [], "label": "door", "path": ["/data/S3DIS/Stanford3dDataset_v1.2_Aligned_Version/Area_1/hallway_7/Annotations/door_10.txt"]}, {"id": 87, "parent": 96, "children": [], "label": "wall", "path": ["/data/S3DIS/Stanford3dDataset_v1.2_Aligned_Version/Area_1/hallway_7/Annotations/wall_8.txt"]}, {"id": 88, "parent": 100, "children": [], "label": "column", "path": ["/data/S3DIS/Stanford3dDataset_v1.2_Aligned_Version/Area_1/hallway_7/Annotations/column_11.txt"]}, {"id": 89, "parent": -1, "children": [], "label": "clutter", "path": ["/data/S3DIS/Stanford3dDataset_v1.2_Aligned_Version/Area_1/hallway_7/Annotations/clutter_3.txt"]}, {"id": 90, "parent": -1, "children": [], "label": "clutter", "path": ["/data/S3DIS/Stanford3dDataset_v1.2_Aligned_Version/Area_1/hallway_7/Annotations/clutter_24.txt"]}, {"id": 91, "parent": 99, "children": [], "label": "column", "path": ["/data/S3DIS/Stanford3dDataset_v1.2_Aligned_Version/Area_1/hallway_7/Annotations/column_6.txt"]}, {"id": 92, "parent": -1, "children": [], "label": "clutter", "path": ["/data/S3DIS/Stanford3dDataset_v1.2_Aligned_Version/Area_1/hallway_7/Annotations/clutter_17.txt"]}, {"id": 93, "parent": 98, "children": [], "label": "column", "path": ["/data/S3DIS/Stanford3dDataset_v1.2_Aligned_Version/Area_1/hallway_7/Annotations/column_2.txt"]}, {"id": 94, "parent": 114, "children": [], "label": "door", "path": ["/data/S3DIS/Stanford3dDataset_v1.2_Aligned_Version/Area_1/hallway_7/Annotations/door_11.txt"]}, {"id": 95, "parent": 96, "children": [], "label": "wall", "path": ["/data/S3DIS/Stanford3dDataset_v1.2_Aligned_Version/Area_1/hallway_7/Annotations/wall_3.txt"]}, {"id": 96, "parent": 106, "children": [7, 12, 25, 30, 33, 39, 41, 43, 45, 51, 54, 61, 69, 70, 84, 87, 95], "label": "wall group", "path": ["/data/S3DIS/Stanford3dDataset_v1.2_Aligned_Version/Area_1/hallway_7/Annotations/wall_6.txt", "/data/S3DIS/Stanford3dDataset_v1.2_Aligned_Version/Area_1/hallway_7/Annotations/wall_16.txt", "/data/S3DIS/Stanford3dDataset_v1.2_Aligned_Version/Area_1/hallway_7/Annotations/wall_10.txt", "/data/S3DIS/Stanford3dDataset_v1.2_Aligned_Version/Area_1/hallway_7/Annotations/wall_2.txt", "/data/S3DIS/Stanford3dDataset_v1.2_Aligned_Version/Area_1/hallway_7/Annotations/wall_13.txt", "/data/S3DIS/Stanford3dDataset_v1.2_Aligned_Version/Area_1/hallway_7/Annotations/wall_12.txt", "/data/S3DIS/Stanford3dDataset_v1.2_Aligned_Version/Area_1/hallway_7/Annotations/wall_11.txt", "/data/S3DIS/Stanford3dDataset_v1.2_Aligned_Version/Area_1/hallway_7/Annotations/wall_17.txt", "/data/S3DIS/Stanford3dDataset_v1.2_Aligned_Version/Area_1/hallway_7/Annotations/wall_7.txt", "/data/S3DIS/Stanford3dDataset_v1.2_Aligned_Version/Area_1/hallway_7/Annotations/wall_5.txt", "/data/S3DIS/Stanford3dDataset_v1.2_Aligned_Version/Area_1/hallway_7/Annotations/wall_15.txt", "/data/S3DIS/Stanford3dDataset_v1.2_Aligned_Version/Area_1/hallway_7/Annotations/wall_9.txt", "/data/S3DIS/Stanford3dDataset_v1.2_Aligned_Version/Area_1/hallway_7/Annotations/wall_1.txt", "/data/S3DIS/Stanford3dDataset_v1.2_Aligned_Version/Area_1/hallway_7/Annotations/wall_14.txt", "/data/S3DIS/Stanford3dDataset_v1.2_Aligned_Version/Area_1/hallway_7/Annotations/wall_4.txt", "/data/S3DIS/Stanford3dDataset_v1.2_Aligned_Version/Area_1/hallway_7/Annotations/wall_8.txt", "/data/S3DIS/Stanford3dDataset_v1.2_Aligned_Version/Area_1/hallway_7/Annotations/wall_3.txt"]}, {"id": 97, "parent": 106, "children": [1, 20], "label": "ceiling group", "path": ["/data/S3DIS/Stanford3dDataset_v1.2_Aligned_Version/Area_1/hallway_7/Annotations/ceiling_2.txt", "/data/S3DIS/Stanford3dDataset_v1.2_Aligned_Version/Area_1/hallway_7/Annotations/ceiling_1.txt"]}, {"id": 98, "parent": 106, "children": [72, 93], "label": "column group", "path": ["/data/S3DIS/Stanford3dDataset_v1.2_Aligned_Version/Area_1/hallway_7/Annotations/column_1.txt", "/data/S3DIS/Stanford3dDataset_v1.2_Aligned_Version/Area_1/hallway_7/Annotations/column_2.txt"]}, {"id": 99, "parent": 106, "children": [74, 91], "label": "column group", "path": ["/data/S3DIS/Stanford3dDataset_v1.2_Aligned_Version/Area_1/hallway_7/Annotations/column_7.txt", "/data/S3DIS/Stanford3dDataset_v1.2_Aligned_Version/Area_1/hallway_7/Annotations/column_6.txt"]}, {"id": 100, "parent": 106, "children": [80, 88], "label": "column group", "path": ["/data/S3DIS/Stanford3dDataset_v1.2_Aligned_Version/Area_1/hallway_7/Annotations/column_10.txt", "/data/S3DIS/Stanford3dDataset_v1.2_Aligned_Version/Area_1/hallway_7/Annotations/column_11.txt"]}, {"id": 101, "parent": 106, "children": [17, 76], "label": "column group", "path": ["/data/S3DIS/Stanford3dDataset_v1.2_Aligned_Version/Area_1/hallway_7/Annotations/column_12.txt", "/data/S3DIS/Stanford3dDataset_v1.2_Aligned_Version/Area_1/hallway_7/Annotations/column_3.txt"]}, {"id": 102, "parent": 106, "children": [24, 64], "label": "column group", "path": ["/data/S3DIS/Stanford3dDataset_v1.2_Aligned_Version/Area_1/hallway_7/Annotations/column_9.txt", "/data/S3DIS/Stanford3dDataset_v1.2_Aligned_Version/Area_1/hallway_7/Annotations/column_8.txt"]}, {"id": 103, "parent": 106, "children": [34, 46], "label": "column group", "path": ["/data/S3DIS/Stanford3dDataset_v1.2_Aligned_Version/Area_1/hallway_7/Annotations/column_4.txt", "/data/S3DIS/Stanford3dDataset_v1.2_Aligned_Version/Area_1/hallway_7/Annotations/column_5.txt"]}, {"id": 104, "parent": 106, "children": [2, 15, 21, 27, 37, 49, 63, 73], "label": "beam group", "path": ["/data/S3DIS/Stanford3dDataset_v1.2_Aligned_Version/Area_1/hallway_7/Annotations/beam_8.txt", "/data/S3DIS/Stanford3dDataset_v1.2_Aligned_Version/Area_1/hallway_7/Annotations/beam_6.txt", "/data/S3DIS/Stanford3dDataset_v1.2_Aligned_Version/Area_1/hallway_7/Annotations/beam_5.txt", "/data/S3DIS/Stanford3dDataset_v1.2_Aligned_Version/Area_1/hallway_7/Annotations/beam_4.txt", "/data/S3DIS/Stanford3dDataset_v1.2_Aligned_Version/Area_1/hallway_7/Annotations/beam_1.txt", "/data/S3DIS/Stanford3dDataset_v1.2_Aligned_Version/Area_1/hallway_7/Annotations/beam_3.txt", "/data/S3DIS/Stanford3dDataset_v1.2_Aligned_Version/Area_1/hallway_7/Annotations/beam_7.txt", "/data/S3DIS/Stanford3dDataset_v1.2_Aligned_Version/Area_1/hallway_7/Annotations/beam_2.txt"]}, {"id": 105, "parent": 106, "children": [3], "label": "floor group", "path": ["/data/S3DIS/Stanford3dDataset_v1.2_Aligned_Version/Area_1/hallway_7/Annotations/floor_1.txt"]}, {"id": 106, "parent": -1, "children": [96, 97, 98, 99, 100, 101, 102, 103, 104, 105], "label": "building area", "path": ["/data/S3DIS/Stanford3dDataset_v1.2_Aligned_Version/Area_1/hallway_7/Annotations/wall_6.txt", "/data/S3DIS/Stanford3dDataset_v1.2_Aligned_Version/Area_1/hallway_7/Annotations/wall_16.txt", "/data/S3DIS/Stanford3dDataset_v1.2_Aligned_Version/Area_1/hallway_7/Annotations/wall_10.txt", "/data/S3DIS/Stanford3dDataset_v1.2_Aligned_Version/Area_1/hallway_7/Annotations/wall_2.txt", "/data/S3DIS/Stanford3dDataset_v1.2_Aligned_Version/Area_1/hallway_7/Annotations/wall_13.txt", "/data/S3DIS/Stanford3dDataset_v1.2_Aligned_Version/Area_1/hallway_7/Annotations/wall_12.txt", "/data/S3DIS/Stanford3dDataset_v1.2_Aligned_Version/Area_1/hallway_7/Annotations/wall_11.txt", "/data/S3DIS/Stanford3dDataset_v1.2_Aligned_Version/Area_1/hallway_7/Annotations/wall_17.txt", "/data/S3DIS/Stanford3dDataset_v1.2_Aligned_Version/Area_1/hallway_7/Annotations/wall_7.txt", "/data/S3DIS/Stanford3dDataset_v1.2_Aligned_Version/Area_1/hallway_7/Annotations/wall_5.txt", "/data/S3DIS/Stanford3dDataset_v1.2_Aligned_Version/Area_1/hallway_7/Annotations/wall_15.txt", "/data/S3DIS/Stanford3dDataset_v1.2_Aligned_Version/Area_1/hallway_7/Annotations/wall_9.txt", "/data/S3DIS/Stanford3dDataset_v1.2_Aligned_Version/Area_1/hallway_7/Annotations/wall_1.txt", "/data/S3DIS/Stanford3dDataset_v1.2_Aligned_Version/Area_1/hallway_7/Annotations/wall_14.txt", "/data/S3DIS/Stanford3dDataset_v1.2_Aligned_Version/Area_1/hallway_7/Annotations/wall_4.txt", "/data/S3DIS/Stanford3dDataset_v1.2_Aligned_Version/Area_1/hallway_7/Annotations/wall_8.txt", "/data/S3DIS/Stanford3dDataset_v1.2_Aligned_Version/Area_1/hallway_7/Annotations/wall_3.txt", "/data/S3DIS/Stanford3dDataset_v1.2_Aligned_Version/Area_1/hallway_7/Annotations/ceiling_2.txt", "/data/S3DIS/Stanford3dDataset_v1.2_Aligned_Version/Area_1/hallway_7/Annotations/ceiling_1.txt", "/data/S3DIS/Stanford3dDataset_v1.2_Aligned_Version/Area_1/hallway_7/Annotations/column_1.txt", "/data/S3DIS/Stanford3dDataset_v1.2_Aligned_Version/Area_1/hallway_7/Annotations/column_2.txt", "/data/S3DIS/Stanford3dDataset_v1.2_Aligned_Version/Area_1/hallway_7/Annotations/column_7.txt", "/data/S3DIS/Stanford3dDataset_v1.2_Aligned_Version/Area_1/hallway_7/Annotations/column_6.txt", "/data/S3DIS/Stanford3dDataset_v1.2_Aligned_Version/Area_1/hallway_7/Annotations/column_10.txt", "/data/S3DIS/Stanford3dDataset_v1.2_Aligned_Version/Area_1/hallway_7/Annotations/column_11.txt", "/data/S3DIS/Stanford3dDataset_v1.2_Aligned_Version/Area_1/hallway_7/Annotations/column_12.txt", "/data/S3DIS/Stanford3dDataset_v1.2_Aligned_Version/Area_1/hallway_7/Annotations/column_3.txt", "/data/S3DIS/Stanford3dDataset_v1.2_Aligned_Version/Area_1/hallway_7/Annotations/column_9.txt", "/data/S3DIS/Stanford3dDataset_v1.2_Aligned_Version/Area_1/hallway_7/Annotations/column_8.txt", "/data/S3DIS/Stanford3dDataset_v1.2_Aligned_Version/Area_1/hallway_7/Annotations/column_4.txt", "/data/S3DIS/Stanford3dDataset_v1.2_Aligned_Version/Area_1/hallway_7/Annotations/column_5.txt", "/data/S3DIS/Stanford3dDataset_v1.2_Aligned_Version/Area_1/hallway_7/Annotations/beam_8.txt", "/data/S3DIS/Stanford3dDataset_v1.2_Aligned_Version/Area_1/hallway_7/Annotations/beam_6.txt", "/data/S3DIS/Stanford3dDataset_v1.2_Aligned_Version/Area_1/hallway_7/Annotations/beam_5.txt", "/data/S3DIS/Stanford3dDataset_v1.2_Aligned_Version/Area_1/hallway_7/Annotations/beam_4.txt", "/data/S3DIS/Stanford3dDataset_v1.2_Aligned_Version/Area_1/hallway_7/Annotations/beam_1.txt", "/data/S3DIS/Stanford3dDataset_v1.2_Aligned_Version/Area_1/hallway_7/Annotations/beam_3.txt", "/data/S3DIS/Stanford3dDataset_v1.2_Aligned_Version/Area_1/hallway_7/Annotations/beam_7.txt", "/data/S3DIS/Stanford3dDataset_v1.2_Aligned_Version/Area_1/hallway_7/Annotations/beam_2.txt", "/data/S3DIS/Stanford3dDataset_v1.2_Aligned_Version/Area_1/hallway_7/Annotations/floor_1.txt"]}, {"id": 107, "parent": 121, "children": [8], "label": "bookcase group", "path": ["/data/S3DIS/Stanford3dDataset_v1.2_Aligned_Version/Area_1/hallway_7/Annotations/bookcase_2.txt"]}, {"id": 108, "parent": 122, "children": [67], "label": "bookcase group", "path": ["/data/S3DIS/Stanford3dDataset_v1.2_Aligned_Version/Area_1/hallway_7/Annotations/bookcase_1.txt"]}, {"id": 109, "parent": 123, "children": [28, 40], "label": "door group", "path": ["/data/S3DIS/Stanford3dDataset_v1.2_Aligned_Version/Area_1/hallway_7/Annotations/door_14.txt", "/data/S3DIS/Stanford3dDataset_v1.2_Aligned_Version/Area_1/hallway_7/Annotations/door_13.txt"]}, {"id": 110, "parent": 124, "children": [36, 86], "label": "door group", "path": ["/data/S3DIS/Stanford3dDataset_v1.2_Aligned_Version/Area_1/hallway_7/Annotations/door_17.txt", "/data/S3DIS/Stanford3dDataset_v1.2_Aligned_Version/Area_1/hallway_7/Annotations/door_10.txt"]}, {"id": 111, "parent": 125, "children": [31, 57], "label": "door group", "path": ["/data/S3DIS/Stanford3dDataset_v1.2_Aligned_Version/Area_1/hallway_7/Annotations/door_7.txt", "/data/S3DIS/Stanford3dDataset_v1.2_Aligned_Version/Area_1/hallway_7/Annotations/door_18.txt"]}, {"id": 112, "parent": 126, "children": [6, 23], "label": "door group", "path": ["/data/S3DIS/Stanford3dDataset_v1.2_Aligned_Version/Area_1/hallway_7/Annotations/door_1.txt", "/data/S3DIS/Stanford3dDataset_v1.2_Aligned_Version/Area_1/hallway_7/Annotations/door_2.txt"]}, {"id": 113, "parent": 127, "children": [4, 71], "label": "door group", "path": ["/data/S3DIS/Stanford3dDataset_v1.2_Aligned_Version/Area_1/hallway_7/Annotations/door_12.txt", "/data/S3DIS/Stanford3dDataset_v1.2_Aligned_Version/Area_1/hallway_7/Annotations/door_8.txt"]}, {"id": 114, "parent": 128, "children": [18, 94], "label": "door group", "path": ["/data/S3DIS/Stanford3dDataset_v1.2_Aligned_Version/Area_1/hallway_7/Annotations/door_9.txt", "/data/S3DIS/Stanford3dDataset_v1.2_Aligned_Version/Area_1/hallway_7/Annotations/door_11.txt"]}, {"id": 115, "parent": 129, "children": [11, 82], "label": "door group", "path": ["/data/S3DIS/Stanford3dDataset_v1.2_Aligned_Version/Area_1/hallway_7/Annotations/door_3.txt", "/data/S3DIS/Stanford3dDataset_v1.2_Aligned_Version/Area_1/hallway_7/Annotations/door_4.txt"]}, {"id": 116, "parent": 130, "children": [65], "label": "door group", "path": ["/data/S3DIS/Stanford3dDataset_v1.2_Aligned_Version/Area_1/hallway_7/Annotations/door_15.txt"]}, {"id": 117, "parent": 131, "children": [0], "label": "door group", "path": ["/data/S3DIS/Stanford3dDataset_v1.2_Aligned_Version/Area_1/hallway_7/Annotations/door_19.txt"]}, {"id": 118, "parent": 132, "children": [16], "label": "door group", "path": ["/data/S3DIS/Stanford3dDataset_v1.2_Aligned_Version/Area_1/hallway_7/Annotations/door_5.txt"]}, {"id": 119, "parent": 133, "children": [47], "label": "door group", "path": ["/data/S3DIS/Stanford3dDataset_v1.2_Aligned_Version/Area_1/hallway_7/Annotations/door_6.txt"]}, {"id": 120, "parent": 134, "children": [81], "label": "door group", "path": ["/data/S3DIS/Stanford3dDataset_v1.2_Aligned_Version/Area_1/hallway_7/Annotations/door_16.txt"]}, {"id": 121, "parent": -1, "children": [107], "label": "case area", "path": ["/data/S3DIS/Stanford3dDataset_v1.2_Aligned_Version/Area_1/hallway_7/Annotations/bookcase_2.txt"]}, {"id": 122, "parent": -1, "children": [108], "label": "case area", "path": ["/data/S3DIS/Stanford3dDataset_v1.2_Aligned_Version/Area_1/hallway_7/Annotations/bookcase_1.txt"]}, {"id": 123, "parent": -1, "children": [109], "label": "entrance area", "path": ["/data/S3DIS/Stanford3dDataset_v1.2_Aligned_Version/Area_1/hallway_7/Annotations/door_14.txt", "/data/S3DIS/Stanford3dDataset_v1.2_Aligned_Version/Area_1/hallway_7/Annotations/door_13.txt"]}, {"id": 124, "parent": -1, "children": [110], "label": "entrance area", "path": ["/data/S3DIS/Stanford3dDataset_v1.2_Aligned_Version/Area_1/hallway_7/Annotations/door_17.txt", "/data/S3DIS/Stanford3dDataset_v1.2_Aligned_Version/Area_1/hallway_7/Annotations/door_10.txt"]}, {"id": 125, "parent": -1, "children": [111], "label": "entrance area", "path": ["/data/S3DIS/Stanford3dDataset_v1.2_Aligned_Version/Area_1/hallway_7/Annotations/door_7.txt", "/data/S3DIS/Stanford3dDataset_v1.2_Aligned_Version/Area_1/hallway_7/Annotations/door_18.txt"]}, {"id": 126, "parent": -1, "children": [112], "label": "entrance area", "path": ["/data/S3DIS/Stanford3dDataset_v1.2_Aligned_Version/Area_1/hallway_7/Annotations/door_1.txt", "/data/S3DIS/Stanford3dDataset_v1.2_Aligned_Version/Area_1/hallway_7/Annotations/door_2.txt"]}, {"id": 127, "parent": -1, "children": [113], "label": "entrance area", "path": ["/data/S3DIS/Stanford3dDataset_v1.2_Aligned_Version/Area_1/hallway_7/Annotations/door_12.txt", "/data/S3DIS/Stanford3dDataset_v1.2_Aligned_Version/Area_1/hallway_7/Annotations/door_8.txt"]}, {"id": 128, "parent": -1, "children": [114], "label": "entrance area", "path": ["/data/S3DIS/Stanford3dDataset_v1.2_Aligned_Version/Area_1/hallway_7/Annotations/door_9.txt", "/data/S3DIS/Stanford3dDataset_v1.2_Aligned_Version/Area_1/hallway_7/Annotations/door_11.txt"]}, {"id": 129, "parent": -1, "children": [115], "label": "entrance area", "path": ["/data/S3DIS/Stanford3dDataset_v1.2_Aligned_Version/Area_1/hallway_7/Annotations/door_3.txt", "/data/S3DIS/Stanford3dDataset_v1.2_Aligned_Version/Area_1/hallway_7/Annotations/door_4.txt"]}, {"id": 130, "parent": -1, "children": [116], "label": "entrance area", "path": ["/data/S3DIS/Stanford3dDataset_v1.2_Aligned_Version/Area_1/hallway_7/Annotations/door_15.txt"]}, {"id": 131, "parent": -1, "children": [117], "label": "entrance area", "path": ["/data/S3DIS/Stanford3dDataset_v1.2_Aligned_Version/Area_1/hallway_7/Annotations/door_19.txt"]}, {"id": 132, "parent": -1, "children": [118], "label": "entrance area", "path": ["/data/S3DIS/Stanford3dDataset_v1.2_Aligned_Version/Area_1/hallway_7/Annotations/door_5.txt"]}, {"id": 133, "parent": -1, "children": [119], "label": "entrance area", "path": ["/data/S3DIS/Stanford3dDataset_v1.2_Aligned_Version/Area_1/hallway_7/Annotations/door_6.txt"]}, {"id": 134, "parent": -1, "children": [120], "label": "entrance area", "path": ["/data/S3DIS/Stanford3dDataset_v1.2_Aligned_Version/Area_1/hallway_7/Annotations/door_16.txt"]}]