[
  {
    "id": 0,
    "parent": 33,
    "children": [],
    "label": "floor",
    "path": [
      "/data/S3DIS/Stanford3dDataset_v1.2_Aligned_Version/Area_1/office_5/Annotations/floor_1.txt"
    ]
  },
  {
    "id": 1,
    "parent": -1,
    "children": [],
    "label": "clutter",
    "path": [
      "/data/S3DIS/Stanford3dDataset_v1.2_Aligned_Version/Area_1/office_5/Annotations/clutter_13.txt"
    ]
  },
  {
    "id": 2,
    "parent": 42,
    "children": [],
    "label": "door",
    "path": [
      "/data/S3DIS/Stanford3dDataset_v1.2_Aligned_Version/Area_1/office_5/Annotations/door_1.txt"
    ]
  },
  {
    "id": 3,
    "parent": -1,
    "children": [],
    "label": "clutter",
    "path": [
      "/data/S3DIS/Stanford3dDataset_v1.2_Aligned_Version/Area_1/office_5/Annotations/clutter_5.txt"
    ]
  },
  {
    "id": 4,
    "parent": -1,
    "children": [],
    "label": "clutter",
    "path": [
      "/data/S3DIS/Stanford3dDataset_v1.2_Aligned_Version/Area_1/office_5/Annotations/clutter_16.txt"
    ]
  },
  {
    "id": 5,
    "parent": 40,
    "children": [],
    "label": "table",
    "path": [
      "/data/S3DIS/Stanford3dDataset_v1.2_Aligned_Version/Area_1/office_5/Annotations/table_2.txt"
    ]
  },
  {
    "id": 6,
    "parent": 34,
    "children": [],
    "label": "ceiling",
    "path": [
      "/data/S3DIS/Stanford3dDataset_v1.2_Aligned_Version/Area_1/office_5/Annotations/ceiling_1.txt"
    ]
  },
  {
    "id": 7,
    "parent": -1,
    "children": [],
    "label": "clutter",
    "path": [
      "/data/S3DIS/Stanford3dDataset_v1.2_Aligned_Version/Area_1/office_5/Annotations/clutter_9.txt"
    ]
  },
  {
    "id": 8,
    "parent": -1,
    "children": [],
    "label": "clutter",
    "path": [
      "/data/S3DIS/Stanford3dDataset_v1.2_Aligned_Version/Area_1/office_5/Annotations/clutter_2.txt"
    ]
  },
  {
    "id": 9,
    "parent": 32,
    "children": [],
    "label": "wall",
    "path": [
      "/data/S3DIS/Stanford3dDataset_v1.2_Aligned_Version/Area_1/office_5/Annotations/wall_2.txt"
    ]
  },
  {
    "id": 10,
    "parent": -1,
    "children": [],
    "label": "clutter",
    "path": [
      "/data/S3DIS/Stanford3dDataset_v1.2_Aligned_Version/Area_1/office_5/Annotations/clutter_1.txt"
    ]
  },
  {
    "id": 11,
    "parent": 35,
    "children": [],
    "label": "beam",
    "path": [
      "/data/S3DIS/Stanford3dDataset_v1.2_Aligned_Version/Area_1/office_5/Annotations/beam_1.txt"
    ]
  },
  {
    "id": 12,
    "parent": -1,
    "children": [],
    "label": "clutter",
    "path": [
      "/data/S3DIS/Stanford3dDataset_v1.2_Aligned_Version/Area_1/office_5/Annotations/clutter_12.txt"
    ]
  },
  {
    "id": 13,
    "parent": -1,
    "children": [],
    "label": "clutter",
    "path": [
      "/data/S3DIS/Stanford3dDataset_v1.2_Aligned_Version/Area_1/office_5/Annotations/clutter_7.txt"
    ]
  },
  {
    "id": 14,
    "parent": 39,
    "children": [],
    "label": "chair",
    "path": [
      "/data/S3DIS/Stanford3dDataset_v1.2_Aligned_Version/Area_1/office_5/Annotations/chair_1.txt"
    ]
  },
  {
    "id": 15,
    "parent": -1,
    "children": [],
    "label": "clutter",
    "path": [
      "/data/S3DIS/Stanford3dDataset_v1.2_Aligned_Version/Area_1/office_5/Annotations/clutter_8.txt"
    ]
  },
  {
    "id": 16,
    "parent": -1,
    "children": [],
    "label": "clutter",
    "path": [
      "/data/S3DIS/Stanford3dDataset_v1.2_Aligned_Version/Area_1/office_5/Annotations/clutter_6.txt"
    ]
  },
  {
    "id": 17,
    "parent": -1,
    "children": [],
    "label": "clutter",
    "path": [
      "/data/S3DIS/Stanford3dDataset_v1.2_Aligned_Version/Area_1/office_5/Annotations/clutter_10.txt"
    ]
  },
  {
    "id": 18,
    "parent": -1,
    "children": [],
    "label": "clutter",
    "path": [
      "/data/S3DIS/Stanford3dDataset_v1.2_Aligned_Version/Area_1/office_5/Annotations/clutter_4.txt"
    ]
  },
  {
    "id": 19,
    "parent": -1,
    "children": [],
    "label": "clutter",
    "path": [
      "/data/S3DIS/Stanford3dDataset_v1.2_Aligned_Version/Area_1/office_5/Annotations/clutter_11.txt"
    ]
  },
  {
    "id": 20,
    "parent": 37,
    "children": [],
    "label": "window",
    "path": [
      "/data/S3DIS/Stanford3dDataset_v1.2_Aligned_Version/Area_1/office_5/Annotations/window_1.txt"
    ]
  },
  {
    "id": 21,
    "parent": 38,
    "children": [],
    "label": "bookcase",
    "path": [
      "/data/S3DIS/Stanford3dDataset_v1.2_Aligned_Version/Area_1/office_5/Annotations/bookcase_1.txt"
    ]
  },
  {
    "id": 22,
    "parent": 32,
    "children": [],
    "label": "wall",
    "path": [
      "/data/S3DIS/Stanford3dDataset_v1.2_Aligned_Version/Area_1/office_5/Annotations/wall_1.txt"
    ]
  },
  {
    "id": 23,
    "parent": 36,
    "children": [],
    "label": "column",
    "path": [
      "/data/S3DIS/Stanford3dDataset_v1.2_Aligned_Version/Area_1/office_5/Annotations/column_1.txt"
    ]
  },
  {
    "id": 24,
    "parent": 39,
    "children": [],
    "label": "chair",
    "path": [
      "/data/S3DIS/Stanford3dDataset_v1.2_Aligned_Version/Area_1/office_5/Annotations/chair_3.txt"
    ]
  },
  {
    "id": 25,
    "parent": -1,
    "children": [],
    "label": "clutter",
    "path": [
      "/data/S3DIS/Stanford3dDataset_v1.2_Aligned_Version/Area_1/office_5/Annotations/clutter_14.txt"
    ]
  },
  {
    "id": 26,
    "parent": 40,
    "children": [],
    "label": "table",
    "path": [
      "/data/S3DIS/Stanford3dDataset_v1.2_Aligned_Version/Area_1/office_5/Annotations/table_1.txt"
    ]
  },
  {
    "id": 27,
    "parent": 32,
    "children": [],
    "label": "wall",
    "path": [
      "/data/S3DIS/Stanford3dDataset_v1.2_Aligned_Version/Area_1/office_5/Annotations/wall_4.txt"
    ]
  },
  {
    "id": 28,
    "parent": -1,
    "children": [],
    "label": "clutter",
    "path": [
      "/data/S3DIS/Stanford3dDataset_v1.2_Aligned_Version/Area_1/office_5/Annotations/clutter_15.txt"
    ]
  },
  {
    "id": 29,
    "parent": -1,
    "children": [],
    "label": "clutter",
    "path": [
      "/data/S3DIS/Stanford3dDataset_v1.2_Aligned_Version/Area_1/office_5/Annotations/clutter_3.txt"
    ]
  },
  {
    "id": 30,
    "parent": 39,
    "children": [],
    "label": "chair",
    "path": [
      "/data/S3DIS/Stanford3dDataset_v1.2_Aligned_Version/Area_1/office_5/Annotations/chair_2.txt"
    ]
  },
  {
    "id": 31,
    "parent": 32,
    "children": [],
    "label": "wall",
    "path": [
      "/data/S3DIS/Stanford3dDataset_v1.2_Aligned_Version/Area_1/office_5/Annotations/wall_3.txt"
    ]
  },
  {
    "id": 32,
    "parent": 43,
    "children": [
      9,
      22,
      27,
      31
    ],
    "label": "wall group",
    "path": [
      "/data/S3DIS/Stanford3dDataset_v1.2_Aligned_Version/Area_1/office_5/Annotations/wall_2.txt",
      "/data/S3DIS/Stanford3dDataset_v1.2_Aligned_Version/Area_1/office_5/Annotations/wall_1.txt",
      "/data/S3DIS/Stanford3dDataset_v1.2_Aligned_Version/Area_1/office_5/Annotations/wall_4.txt",
      "/data/S3DIS/Stanford3dDataset_v1.2_Aligned_Version/Area_1/office_5/Annotations/wall_3.txt"
    ]
  },
  {
    "id": 33,
    "parent": 43,
    "children": [
      0
    ],
    "label": "floor group",
    "path": [
      "/data/S3DIS/Stanford3dDataset_v1.2_Aligned_Version/Area_1/office_5/Annotations/floor_1.txt"
    ]
  },
  {
    "id": 34,
    "parent": 43,
    "children": [
      6
    ],
    "label": "ceiling group",
    "path": [
      "/data/S3DIS/Stanford3dDataset_v1.2_Aligned_Version/Area_1/office_5/Annotations/ceiling_1.txt"
    ]
  },
  {
    "id": 35,
    "parent": 43,
    "children": [
      11
    ],
    "label": "beam group",
    "path": [
      "/data/S3DIS/Stanford3dDataset_v1.2_Aligned_Version/Area_1/office_5/Annotations/beam_1.txt"
    ]
  },
  {
    "id": 36,
    "parent": 43,
    "children": [
      23
    ],
    "label": "column group",
    "path": [
      "/data/S3DIS/Stanford3dDataset_v1.2_Aligned_Version/Area_1/office_5/Annotations/column_1.txt"
    ]
  },
  {
    "id": 37,
    "parent": 43,
    "children": [
      20
    ],
    "label": "window group",
    "path": [
      "/data/S3DIS/Stanford3dDataset_v1.2_Aligned_Version/Area_1/office_5/Annotations/window_1.txt"
    ]
  },
  {
    "id": 38,
    "parent": 45,
    "children": [
      21
    ],
    "label": "bookcase group",
    "path": [
      "/data/S3DIS/Stanford3dDataset_v1.2_Aligned_Version/Area_1/office_5/Annotations/bookcase_1.txt"
    ]
  },
  {
    "id": 39,
    "parent": 41,
    "children": [
      14,
      24,
      30
    ],
    "label": "chair group",
    "path": [
      "/data/S3DIS/Stanford3dDataset_v1.2_Aligned_Version/Area_1/office_5/Annotations/chair_1.txt",
      "/data/S3DIS/Stanford3dDataset_v1.2_Aligned_Version/Area_1/office_5/Annotations/chair_3.txt",
      "/data/S3DIS/Stanford3dDataset_v1.2_Aligned_Version/Area_1/office_5/Annotations/chair_2.txt"
    ]
  },
  {
    "id": 40,
    "parent": 41,
    "children": [
      5,
      26
    ],
    "label": "table group",
    "path": [
      "/data/S3DIS/Stanford3dDataset_v1.2_Aligned_Version/Area_1/office_5/Annotations/table_2.txt",
      "/data/S3DIS/Stanford3dDataset_v1.2_Aligned_Version/Area_1/office_5/Annotations/table_1.txt"
    ]
  },
  {
    "id": 41,
    "parent": -1,
    "children": [
      39,
      40
    ],
    "label": "office area",
    "path": [
      "/data/S3DIS/Stanford3dDataset_v1.2_Aligned_Version/Area_1/office_5/Annotations/chair_1.txt",
      "/data/S3DIS/Stanford3dDataset_v1.2_Aligned_Version/Area_1/office_5/Annotations/chair_3.txt",
      "/data/S3DIS/Stanford3dDataset_v1.2_Aligned_Version/Area_1/office_5/Annotations/chair_2.txt",
      "/data/S3DIS/Stanford3dDataset_v1.2_Aligned_Version/Area_1/office_5/Annotations/table_2.txt",
      "/data/S3DIS/Stanford3dDataset_v1.2_Aligned_Version/Area_1/office_5/Annotations/table_1.txt"
    ]
  },
  {
    "id": 42,
    "parent": 44,
    "children": [
      2
    ],
    "label": "door group",
    "path": [
      "/data/S3DIS/Stanford3dDataset_v1.2_Aligned_Version/Area_1/office_5/Annotations/door_1.txt"
    ]
  },
  {
    "id": 43,
    "parent": -1,
    "children": [
      32,
      33,
      34,
      35,
      36,
      37
    ],
    "label": "building area",
    "path": [
      "/data/S3DIS/Stanford3dDataset_v1.2_Aligned_Version/Area_1/office_5/Annotations/wall_2.txt",
      "/data/S3DIS/Stanford3dDataset_v1.2_Aligned_Version/Area_1/office_5/Annotations/wall_1.txt",
      "/data/S3DIS/Stanford3dDataset_v1.2_Aligned_Version/Area_1/office_5/Annotations/wall_4.txt",
      "/data/S3DIS/Stanford3dDataset_v1.2_Aligned_Version/Area_1/office_5/Annotations/wall_3.txt",
      "/data/S3DIS/Stanford3dDataset_v1.2_Aligned_Version/Area_1/office_5/Annotations/floor_1.txt",
      "/data/S3DIS/Stanford3dDataset_v1.2_Aligned_Version/Area_1/office_5/Annotations/ceiling_1.txt",
      "/data/S3DIS/Stanford3dDataset_v1.2_Aligned_Version/Area_1/office_5/Annotations/beam_1.txt",
      "/data/S3DIS/Stanford3dDataset_v1.2_Aligned_Version/Area_1/office_5/Annotations/column_1.txt",
      "/data/S3DIS/Stanford3dDataset_v1.2_Aligned_Version/Area_1/office_5/Annotations/window_1.txt"
    ]
  },
  {
    "id": 44,
    "parent": -1,
    "children": [
      42
    ],
    "label": "entrance area",
    "path": [
      "/data/S3DIS/Stanford3dDataset_v1.2_Aligned_Version/Area_1/office_5/Annotations/door_1.txt"
    ]
  },
  {
    "id": 45,
    "parent": -1,
    "children": [
      38
    ],
    "label": "case area",
    "path": [
      "/data/S3DIS/Stanford3dDataset_v1.2_Aligned_Version/Area_1/office_5/Annotations/bookcase_1.txt"
    ]
  }
]