[{"id": 0, "parent": 36, "children": [], "label": "floor", "path": ["/data/S3DIS/Stanford3dDataset_v1.2_Aligned_Version/Area_1/office_26/Annotations/floor_1.txt"]}, {"id": 1, "parent": -1, "children": [], "label": "clutter", "path": ["/data/S3DIS/Stanford3dDataset_v1.2_Aligned_Version/Area_1/office_26/Annotations/clutter_13.txt"]}, {"id": 2, "parent": 41, "children": [], "label": "door", "path": ["/data/S3DIS/Stanford3dDataset_v1.2_Aligned_Version/Area_1/office_26/Annotations/door_1.txt"]}, {"id": 3, "parent": 44, "children": [], "label": "bookcase", "path": ["/data/S3DIS/Stanford3dDataset_v1.2_Aligned_Version/Area_1/office_26/Annotations/bookcase_2.txt"]}, {"id": 4, "parent": -1, "children": [], "label": "clutter", "path": ["/data/S3DIS/Stanford3dDataset_v1.2_Aligned_Version/Area_1/office_26/Annotations/clutter_5.txt"]}, {"id": 5, "parent": 37, "children": [], "label": "ceiling", "path": ["/data/S3DIS/Stanford3dDataset_v1.2_Aligned_Version/Area_1/office_26/Annotations/ceiling_1.txt"]}, {"id": 6, "parent": 45, "children": [], "label": "bookcase", "path": ["/data/S3DIS/Stanford3dDataset_v1.2_Aligned_Version/Area_1/office_26/Annotations/bookcase_3.txt"]}, {"id": 7, "parent": -1, "children": [], "label": "clutter", "path": ["/data/S3DIS/Stanford3dDataset_v1.2_Aligned_Version/Area_1/office_26/Annotations/clutter_9.txt"]}, {"id": 8, "parent": -1, "children": [], "label": "clutter", "path": ["/data/S3DIS/Stanford3dDataset_v1.2_Aligned_Version/Area_1/office_26/Annotations/clutter_2.txt"]}, {"id": 9, "parent": 35, "children": [], "label": "wall", "path": ["/data/S3DIS/Stanford3dDataset_v1.2_Aligned_Version/Area_1/office_26/Annotations/wall_2.txt"]}, {"id": 10, "parent": -1, "children": [], "label": "clutter", "path": ["/data/S3DIS/Stanford3dDataset_v1.2_Aligned_Version/Area_1/office_26/Annotations/clutter_1.txt"]}, {"id": 11, "parent": 39, "children": [], "label": "board", "path": ["/data/S3DIS/Stanford3dDataset_v1.2_Aligned_Version/Area_1/office_26/Annotations/board_2.txt"]}, {"id": 12, "parent": 38, "children": [], "label": "beam", "path": ["/data/S3DIS/Stanford3dDataset_v1.2_Aligned_Version/Area_1/office_26/Annotations/beam_1.txt"]}, {"id": 13, "parent": -1, "children": [], "label": "clutter", "path": ["/data/S3DIS/Stanford3dDataset_v1.2_Aligned_Version/Area_1/office_26/Annotations/clutter_12.txt"]}, {"id": 14, "parent": -1, "children": [], "label": "clutter", "path": ["/data/S3DIS/Stanford3dDataset_v1.2_Aligned_Version/Area_1/office_26/Annotations/clutter_7.txt"]}, {"id": 15, "parent": 46, "children": [], "label": "chair", "path": ["/data/S3DIS/Stanford3dDataset_v1.2_Aligned_Version/Area_1/office_26/Annotations/chair_1.txt"]}, {"id": 16, "parent": -1, "children": [], "label": "clutter", "path": ["/data/S3DIS/Stanford3dDataset_v1.2_Aligned_Version/Area_1/office_26/Annotations/clutter_8.txt"]}, {"id": 17, "parent": -1, "children": [], "label": "clutter", "path": ["/data/S3DIS/Stanford3dDataset_v1.2_Aligned_Version/Area_1/office_26/Annotations/clutter_6.txt"]}, {"id": 18, "parent": -1, "children": [], "label": "clutter", "path": ["/data/S3DIS/Stanford3dDataset_v1.2_Aligned_Version/Area_1/office_26/Annotations/clutter_10.txt"]}, {"id": 19, "parent": 39, "children": [], "label": "board", "path": ["/data/S3DIS/Stanford3dDataset_v1.2_Aligned_Version/Area_1/office_26/Annotations/board_1.txt"]}, {"id": 20, "parent": -1, "children": [], "label": "clutter", "path": ["/data/S3DIS/Stanford3dDataset_v1.2_Aligned_Version/Area_1/office_26/Annotations/clutter_4.txt"]}, {"id": 21, "parent": 46, "children": [], "label": "chair", "path": ["/data/S3DIS/Stanford3dDataset_v1.2_Aligned_Version/Area_1/office_26/Annotations/chair_5.txt"]}, {"id": 22, "parent": -1, "children": [], "label": "clutter", "path": ["/data/S3DIS/Stanford3dDataset_v1.2_Aligned_Version/Area_1/office_26/Annotations/clutter_11.txt"]}, {"id": 23, "parent": 42, "children": [], "label": "window", "path": ["/data/S3DIS/Stanford3dDataset_v1.2_Aligned_Version/Area_1/office_26/Annotations/window_1.txt"]}, {"id": 24, "parent": 46, "children": [], "label": "chair", "path": ["/data/S3DIS/Stanford3dDataset_v1.2_Aligned_Version/Area_1/office_26/Annotations/chair_4.txt"]}, {"id": 25, "parent": 43, "children": [], "label": "bookcase", "path": ["/data/S3DIS/Stanford3dDataset_v1.2_Aligned_Version/Area_1/office_26/Annotations/bookcase_1.txt"]}, {"id": 26, "parent": 35, "children": [], "label": "wall", "path": ["/data/S3DIS/Stanford3dDataset_v1.2_Aligned_Version/Area_1/office_26/Annotations/wall_1.txt"]}, {"id": 27, "parent": 40, "children": [], "label": "column", "path": ["/data/S3DIS/Stanford3dDataset_v1.2_Aligned_Version/Area_1/office_26/Annotations/column_1.txt"]}, {"id": 28, "parent": 38, "children": [], "label": "beam", "path": ["/data/S3DIS/Stanford3dDataset_v1.2_Aligned_Version/Area_1/office_26/Annotations/beam_2.txt"]}, {"id": 29, "parent": 46, "children": [], "label": "chair", "path": ["/data/S3DIS/Stanford3dDataset_v1.2_Aligned_Version/Area_1/office_26/Annotations/chair_3.txt"]}, {"id": 30, "parent": 47, "children": [], "label": "table", "path": ["/data/S3DIS/Stanford3dDataset_v1.2_Aligned_Version/Area_1/office_26/Annotations/table_1.txt"]}, {"id": 31, "parent": 35, "children": [], "label": "wall", "path": ["/data/S3DIS/Stanford3dDataset_v1.2_Aligned_Version/Area_1/office_26/Annotations/wall_4.txt"]}, {"id": 32, "parent": -1, "children": [], "label": "clutter", "path": ["/data/S3DIS/Stanford3dDataset_v1.2_Aligned_Version/Area_1/office_26/Annotations/clutter_3.txt"]}, {"id": 33, "parent": 46, "children": [], "label": "chair", "path": ["/data/S3DIS/Stanford3dDataset_v1.2_Aligned_Version/Area_1/office_26/Annotations/chair_2.txt"]}, {"id": 34, "parent": 35, "children": [], "label": "wall", "path": ["/data/S3DIS/Stanford3dDataset_v1.2_Aligned_Version/Area_1/office_26/Annotations/wall_3.txt"]}, {"id": 35, "parent": 48, "children": [9, 26, 31, 34], "label": "wall group", "path": ["/data/S3DIS/Stanford3dDataset_v1.2_Aligned_Version/Area_1/office_26/Annotations/wall_2.txt", "/data/S3DIS/Stanford3dDataset_v1.2_Aligned_Version/Area_1/office_26/Annotations/wall_1.txt", "/data/S3DIS/Stanford3dDataset_v1.2_Aligned_Version/Area_1/office_26/Annotations/wall_4.txt", "/data/S3DIS/Stanford3dDataset_v1.2_Aligned_Version/Area_1/office_26/Annotations/wall_3.txt"]}, {"id": 36, "parent": 48, "children": [0], "label": "floor group", "path": ["/data/S3DIS/Stanford3dDataset_v1.2_Aligned_Version/Area_1/office_26/Annotations/floor_1.txt"]}, {"id": 37, "parent": 48, "children": [5], "label": "ceiling group", "path": ["/data/S3DIS/Stanford3dDataset_v1.2_Aligned_Version/Area_1/office_26/Annotations/ceiling_1.txt"]}, {"id": 38, "parent": 48, "children": [12, 28], "label": "beam group", "path": ["/data/S3DIS/Stanford3dDataset_v1.2_Aligned_Version/Area_1/office_26/Annotations/beam_1.txt", "/data/S3DIS/Stanford3dDataset_v1.2_Aligned_Version/Area_1/office_26/Annotations/beam_2.txt"]}, {"id": 39, "parent": 48, "children": [11, 19], "label": "board group", "path": ["/data/S3DIS/Stanford3dDataset_v1.2_Aligned_Version/Area_1/office_26/Annotations/board_2.txt", "/data/S3DIS/Stanford3dDataset_v1.2_Aligned_Version/Area_1/office_26/Annotations/board_1.txt"]}, {"id": 40, "parent": 48, "children": [27], "label": "column group", "path": ["/data/S3DIS/Stanford3dDataset_v1.2_Aligned_Version/Area_1/office_26/Annotations/column_1.txt"]}, {"id": 41, "parent": 53, "children": [2], "label": "door group", "path": ["/data/S3DIS/Stanford3dDataset_v1.2_Aligned_Version/Area_1/office_26/Annotations/door_1.txt"]}, {"id": 42, "parent": 48, "children": [23], "label": "window group", "path": ["/data/S3DIS/Stanford3dDataset_v1.2_Aligned_Version/Area_1/office_26/Annotations/window_1.txt"]}, {"id": 43, "parent": 50, "children": [25], "label": "bookcase group", "path": ["/data/S3DIS/Stanford3dDataset_v1.2_Aligned_Version/Area_1/office_26/Annotations/bookcase_1.txt"]}, {"id": 44, "parent": 51, "children": [3], "label": "bookcase group", "path": ["/data/S3DIS/Stanford3dDataset_v1.2_Aligned_Version/Area_1/office_26/Annotations/bookcase_2.txt"]}, {"id": 45, "parent": 52, "children": [6], "label": "bookcase group", "path": ["/data/S3DIS/Stanford3dDataset_v1.2_Aligned_Version/Area_1/office_26/Annotations/bookcase_3.txt"]}, {"id": 46, "parent": 49, "children": [15, 21, 24, 29, 33], "label": "chair group", "path": ["/data/S3DIS/Stanford3dDataset_v1.2_Aligned_Version/Area_1/office_26/Annotations/chair_1.txt", "/data/S3DIS/Stanford3dDataset_v1.2_Aligned_Version/Area_1/office_26/Annotations/chair_5.txt", "/data/S3DIS/Stanford3dDataset_v1.2_Aligned_Version/Area_1/office_26/Annotations/chair_4.txt", "/data/S3DIS/Stanford3dDataset_v1.2_Aligned_Version/Area_1/office_26/Annotations/chair_3.txt", "/data/S3DIS/Stanford3dDataset_v1.2_Aligned_Version/Area_1/office_26/Annotations/chair_2.txt"]}, {"id": 47, "parent": 49, "children": [30], "label": "table group", "path": ["/data/S3DIS/Stanford3dDataset_v1.2_Aligned_Version/Area_1/office_26/Annotations/table_1.txt"]}, {"id": 48, "parent": -1, "children": [35, 36, 37, 38, 39, 40, 42], "label": "building area", "path": ["/data/S3DIS/Stanford3dDataset_v1.2_Aligned_Version/Area_1/office_26/Annotations/wall_2.txt", "/data/S3DIS/Stanford3dDataset_v1.2_Aligned_Version/Area_1/office_26/Annotations/wall_1.txt", "/data/S3DIS/Stanford3dDataset_v1.2_Aligned_Version/Area_1/office_26/Annotations/wall_4.txt", "/data/S3DIS/Stanford3dDataset_v1.2_Aligned_Version/Area_1/office_26/Annotations/wall_3.txt", "/data/S3DIS/Stanford3dDataset_v1.2_Aligned_Version/Area_1/office_26/Annotations/floor_1.txt", "/data/S3DIS/Stanford3dDataset_v1.2_Aligned_Version/Area_1/office_26/Annotations/ceiling_1.txt", "/data/S3DIS/Stanford3dDataset_v1.2_Aligned_Version/Area_1/office_26/Annotations/beam_1.txt", "/data/S3DIS/Stanford3dDataset_v1.2_Aligned_Version/Area_1/office_26/Annotations/beam_2.txt", "/data/S3DIS/Stanford3dDataset_v1.2_Aligned_Version/Area_1/office_26/Annotations/board_2.txt", "/data/S3DIS/Stanford3dDataset_v1.2_Aligned_Version/Area_1/office_26/Annotations/board_1.txt", "/data/S3DIS/Stanford3dDataset_v1.2_Aligned_Version/Area_1/office_26/Annotations/column_1.txt", "/data/S3DIS/Stanford3dDataset_v1.2_Aligned_Version/Area_1/office_26/Annotations/window_1.txt"]}, {"id": 49, "parent": -1, "children": [46, 47], "label": "office area", "path": ["/data/S3DIS/Stanford3dDataset_v1.2_Aligned_Version/Area_1/office_26/Annotations/chair_1.txt", "/data/S3DIS/Stanford3dDataset_v1.2_Aligned_Version/Area_1/office_26/Annotations/chair_5.txt", "/data/S3DIS/Stanford3dDataset_v1.2_Aligned_Version/Area_1/office_26/Annotations/chair_4.txt", "/data/S3DIS/Stanford3dDataset_v1.2_Aligned_Version/Area_1/office_26/Annotations/chair_3.txt", "/data/S3DIS/Stanford3dDataset_v1.2_Aligned_Version/Area_1/office_26/Annotations/chair_2.txt", "/data/S3DIS/Stanford3dDataset_v1.2_Aligned_Version/Area_1/office_26/Annotations/table_1.txt"]}, {"id": 50, "parent": -1, "children": [43], "label": "case area", "path": ["/data/S3DIS/Stanford3dDataset_v1.2_Aligned_Version/Area_1/office_26/Annotations/bookcase_1.txt"]}, {"id": 51, "parent": -1, "children": [44], "label": "case area", "path": ["/data/S3DIS/Stanford3dDataset_v1.2_Aligned_Version/Area_1/office_26/Annotations/bookcase_2.txt"]}, {"id": 52, "parent": -1, "children": [45], "label": "case area", "path": ["/data/S3DIS/Stanford3dDataset_v1.2_Aligned_Version/Area_1/office_26/Annotations/bookcase_3.txt"]}, {"id": 53, "parent": -1, "children": [41], "label": "entrance area", "path": ["/data/S3DIS/Stanford3dDataset_v1.2_Aligned_Version/Area_1/office_26/Annotations/door_1.txt"]}]