[{"id": 0, "parent": 26, "children": [], "label": "floor", "path": ["/data/S3DIS/Stanford3dDataset_v1.2_Aligned_Version/Area_1/office_23/Annotations/floor_1.txt"]}, {"id": 1, "parent": 27, "children": [], "label": "door", "path": ["/data/S3DIS/Stanford3dDataset_v1.2_Aligned_Version/Area_1/office_23/Annotations/door_1.txt"]}, {"id": 2, "parent": -1, "children": [], "label": "clutter", "path": ["/data/S3DIS/Stanford3dDataset_v1.2_Aligned_Version/Area_1/office_23/Annotations/clutter_5.txt"]}, {"id": 3, "parent": 28, "children": [], "label": "ceiling", "path": ["/data/S3DIS/Stanford3dDataset_v1.2_Aligned_Version/Area_1/office_23/Annotations/ceiling_1.txt"]}, {"id": 4, "parent": -1, "children": [], "label": "clutter", "path": ["/data/S3DIS/Stanford3dDataset_v1.2_Aligned_Version/Area_1/office_23/Annotations/clutter_2.txt"]}, {"id": 5, "parent": 25, "children": [], "label": "wall", "path": ["/data/S3DIS/Stanford3dDataset_v1.2_Aligned_Version/Area_1/office_23/Annotations/wall_2.txt"]}, {"id": 6, "parent": -1, "children": [], "label": "clutter", "path": ["/data/S3DIS/Stanford3dDataset_v1.2_Aligned_Version/Area_1/office_23/Annotations/clutter_1.txt"]}, {"id": 7, "parent": 29, "children": [], "label": "beam", "path": ["/data/S3DIS/Stanford3dDataset_v1.2_Aligned_Version/Area_1/office_23/Annotations/beam_1.txt"]}, {"id": 8, "parent": 34, "children": [], "label": "chair", "path": ["/data/S3DIS/Stanford3dDataset_v1.2_Aligned_Version/Area_1/office_23/Annotations/chair_1.txt"]}, {"id": 9, "parent": -1, "children": [], "label": "clutter", "path": ["/data/S3DIS/Stanford3dDataset_v1.2_Aligned_Version/Area_1/office_23/Annotations/clutter_6.txt"]}, {"id": 10, "parent": 34, "children": [], "label": "chair", "path": ["/data/S3DIS/Stanford3dDataset_v1.2_Aligned_Version/Area_1/office_23/Annotations/chair_6.txt"]}, {"id": 11, "parent": 30, "children": [], "label": "board", "path": ["/data/S3DIS/Stanford3dDataset_v1.2_Aligned_Version/Area_1/office_23/Annotations/board_1.txt"]}, {"id": 12, "parent": -1, "children": [], "label": "clutter", "path": ["/data/S3DIS/Stanford3dDataset_v1.2_Aligned_Version/Area_1/office_23/Annotations/clutter_4.txt"]}, {"id": 13, "parent": 34, "children": [], "label": "chair", "path": ["/data/S3DIS/Stanford3dDataset_v1.2_Aligned_Version/Area_1/office_23/Annotations/chair_5.txt"]}, {"id": 14, "parent": 31, "children": [], "label": "window", "path": ["/data/S3DIS/Stanford3dDataset_v1.2_Aligned_Version/Area_1/office_23/Annotations/window_1.txt"]}, {"id": 15, "parent": 34, "children": [], "label": "chair", "path": ["/data/S3DIS/Stanford3dDataset_v1.2_Aligned_Version/Area_1/office_23/Annotations/chair_4.txt"]}, {"id": 16, "parent": 33, "children": [], "label": "bookcase", "path": ["/data/S3DIS/Stanford3dDataset_v1.2_Aligned_Version/Area_1/office_23/Annotations/bookcase_1.txt"]}, {"id": 17, "parent": 25, "children": [], "label": "wall", "path": ["/data/S3DIS/Stanford3dDataset_v1.2_Aligned_Version/Area_1/office_23/Annotations/wall_1.txt"]}, {"id": 18, "parent": 32, "children": [], "label": "column", "path": ["/data/S3DIS/Stanford3dDataset_v1.2_Aligned_Version/Area_1/office_23/Annotations/column_1.txt"]}, {"id": 19, "parent": 34, "children": [], "label": "chair", "path": ["/data/S3DIS/Stanford3dDataset_v1.2_Aligned_Version/Area_1/office_23/Annotations/chair_3.txt"]}, {"id": 20, "parent": 35, "children": [], "label": "table", "path": ["/data/S3DIS/Stanford3dDataset_v1.2_Aligned_Version/Area_1/office_23/Annotations/table_1.txt"]}, {"id": 21, "parent": 25, "children": [], "label": "wall", "path": ["/data/S3DIS/Stanford3dDataset_v1.2_Aligned_Version/Area_1/office_23/Annotations/wall_4.txt"]}, {"id": 22, "parent": -1, "children": [], "label": "clutter", "path": ["/data/S3DIS/Stanford3dDataset_v1.2_Aligned_Version/Area_1/office_23/Annotations/clutter_3.txt"]}, {"id": 23, "parent": 34, "children": [], "label": "chair", "path": ["/data/S3DIS/Stanford3dDataset_v1.2_Aligned_Version/Area_1/office_23/Annotations/chair_2.txt"]}, {"id": 24, "parent": 25, "children": [], "label": "wall", "path": ["/data/S3DIS/Stanford3dDataset_v1.2_Aligned_Version/Area_1/office_23/Annotations/wall_3.txt"]}, {"id": 25, "parent": 37, "children": [5, 17, 21, 24], "label": "wall group", "path": ["/data/S3DIS/Stanford3dDataset_v1.2_Aligned_Version/Area_1/office_23/Annotations/wall_2.txt", "/data/S3DIS/Stanford3dDataset_v1.2_Aligned_Version/Area_1/office_23/Annotations/wall_1.txt", "/data/S3DIS/Stanford3dDataset_v1.2_Aligned_Version/Area_1/office_23/Annotations/wall_4.txt", "/data/S3DIS/Stanford3dDataset_v1.2_Aligned_Version/Area_1/office_23/Annotations/wall_3.txt"]}, {"id": 26, "parent": 37, "children": [0], "label": "floor group", "path": ["/data/S3DIS/Stanford3dDataset_v1.2_Aligned_Version/Area_1/office_23/Annotations/floor_1.txt"]}, {"id": 27, "parent": 38, "children": [1], "label": "door group", "path": ["/data/S3DIS/Stanford3dDataset_v1.2_Aligned_Version/Area_1/office_23/Annotations/door_1.txt"]}, {"id": 28, "parent": 37, "children": [3], "label": "ceiling group", "path": ["/data/S3DIS/Stanford3dDataset_v1.2_Aligned_Version/Area_1/office_23/Annotations/ceiling_1.txt"]}, {"id": 29, "parent": 37, "children": [7], "label": "beam group", "path": ["/data/S3DIS/Stanford3dDataset_v1.2_Aligned_Version/Area_1/office_23/Annotations/beam_1.txt"]}, {"id": 30, "parent": 37, "children": [11], "label": "board group", "path": ["/data/S3DIS/Stanford3dDataset_v1.2_Aligned_Version/Area_1/office_23/Annotations/board_1.txt"]}, {"id": 31, "parent": 37, "children": [14], "label": "window group", "path": ["/data/S3DIS/Stanford3dDataset_v1.2_Aligned_Version/Area_1/office_23/Annotations/window_1.txt"]}, {"id": 32, "parent": 37, "children": [18], "label": "column group", "path": ["/data/S3DIS/Stanford3dDataset_v1.2_Aligned_Version/Area_1/office_23/Annotations/column_1.txt"]}, {"id": 33, "parent": 39, "children": [16], "label": "bookcase group", "path": ["/data/S3DIS/Stanford3dDataset_v1.2_Aligned_Version/Area_1/office_23/Annotations/bookcase_1.txt"]}, {"id": 34, "parent": 36, "children": [8, 10, 13, 15, 19, 23], "label": "chair group", "path": ["/data/S3DIS/Stanford3dDataset_v1.2_Aligned_Version/Area_1/office_23/Annotations/chair_1.txt", "/data/S3DIS/Stanford3dDataset_v1.2_Aligned_Version/Area_1/office_23/Annotations/chair_6.txt", "/data/S3DIS/Stanford3dDataset_v1.2_Aligned_Version/Area_1/office_23/Annotations/chair_5.txt", "/data/S3DIS/Stanford3dDataset_v1.2_Aligned_Version/Area_1/office_23/Annotations/chair_4.txt", "/data/S3DIS/Stanford3dDataset_v1.2_Aligned_Version/Area_1/office_23/Annotations/chair_3.txt", "/data/S3DIS/Stanford3dDataset_v1.2_Aligned_Version/Area_1/office_23/Annotations/chair_2.txt"]}, {"id": 35, "parent": 36, "children": [20], "label": "table group", "path": ["/data/S3DIS/Stanford3dDataset_v1.2_Aligned_Version/Area_1/office_23/Annotations/table_1.txt"]}, {"id": 36, "parent": -1, "children": [34, 35], "label": "office area", "path": ["/data/S3DIS/Stanford3dDataset_v1.2_Aligned_Version/Area_1/office_23/Annotations/chair_1.txt", "/data/S3DIS/Stanford3dDataset_v1.2_Aligned_Version/Area_1/office_23/Annotations/chair_6.txt", "/data/S3DIS/Stanford3dDataset_v1.2_Aligned_Version/Area_1/office_23/Annotations/chair_5.txt", "/data/S3DIS/Stanford3dDataset_v1.2_Aligned_Version/Area_1/office_23/Annotations/chair_4.txt", "/data/S3DIS/Stanford3dDataset_v1.2_Aligned_Version/Area_1/office_23/Annotations/chair_3.txt", "/data/S3DIS/Stanford3dDataset_v1.2_Aligned_Version/Area_1/office_23/Annotations/chair_2.txt", "/data/S3DIS/Stanford3dDataset_v1.2_Aligned_Version/Area_1/office_23/Annotations/table_1.txt"]}, {"id": 37, "parent": -1, "children": [25, 26, 28, 29, 30, 31, 32], "label": "building area", "path": ["/data/S3DIS/Stanford3dDataset_v1.2_Aligned_Version/Area_1/office_23/Annotations/wall_2.txt", "/data/S3DIS/Stanford3dDataset_v1.2_Aligned_Version/Area_1/office_23/Annotations/wall_1.txt", "/data/S3DIS/Stanford3dDataset_v1.2_Aligned_Version/Area_1/office_23/Annotations/wall_4.txt", "/data/S3DIS/Stanford3dDataset_v1.2_Aligned_Version/Area_1/office_23/Annotations/wall_3.txt", "/data/S3DIS/Stanford3dDataset_v1.2_Aligned_Version/Area_1/office_23/Annotations/floor_1.txt", "/data/S3DIS/Stanford3dDataset_v1.2_Aligned_Version/Area_1/office_23/Annotations/ceiling_1.txt", "/data/S3DIS/Stanford3dDataset_v1.2_Aligned_Version/Area_1/office_23/Annotations/beam_1.txt", "/data/S3DIS/Stanford3dDataset_v1.2_Aligned_Version/Area_1/office_23/Annotations/board_1.txt", "/data/S3DIS/Stanford3dDataset_v1.2_Aligned_Version/Area_1/office_23/Annotations/window_1.txt", "/data/S3DIS/Stanford3dDataset_v1.2_Aligned_Version/Area_1/office_23/Annotations/column_1.txt"]}, {"id": 38, "parent": -1, "children": [27], "label": "entrance area", "path": ["/data/S3DIS/Stanford3dDataset_v1.2_Aligned_Version/Area_1/office_23/Annotations/door_1.txt"]}, {"id": 39, "parent": -1, "children": [33], "label": "case area", "path": ["/data/S3DIS/Stanford3dDataset_v1.2_Aligned_Version/Area_1/office_23/Annotations/bookcase_1.txt"]}]