[
  {
    "id": 0,
    "parent": 47,
    "children": [],
    "label": "floor",
    "path": [
      "/data/S3DIS/Stanford3dDataset_v1.2_Aligned_Version/Area_1/office_21/Annotations/floor_1.txt"
    ]
  },
  {
    "id": 1,
    "parent": -1,
    "children": [],
    "label": "clutter",
    "path": [
      "/data/S3DIS/Stanford3dDataset_v1.2_Aligned_Version/Area_1/office_21/Annotations/clutter_13.txt"
    ]
  },
  {
    "id": 2,
    "parent": 48,
    "children": [],
    "label": "door",
    "path": [
      "/data/S3DIS/Stanford3dDataset_v1.2_Aligned_Version/Area_1/office_21/Annotations/door_1.txt"
    ]
  },
  {
    "id": 3,
    "parent": 52,
    "children": [],
    "label": "bookcase",
    "path": [
      "/data/S3DIS/Stanford3dDataset_v1.2_Aligned_Version/Area_1/office_21/Annotations/bookcase_2.txt"
    ]
  },
  {
    "id": 4,
    "parent": -1,
    "children": [],
    "label": "clutter",
    "path": [
      "/data/S3DIS/Stanford3dDataset_v1.2_Aligned_Version/Area_1/office_21/Annotations/clutter_25.txt"
    ]
  },
  {
    "id": 5,
    "parent": -1,
    "children": [],
    "label": "clutter",
    "path": [
      "/data/S3DIS/Stanford3dDataset_v1.2_Aligned_Version/Area_1/office_21/Annotations/clutter_5.txt"
    ]
  },
  {
    "id": 6,
    "parent": -1,
    "children": [],
    "label": "clutter",
    "path": [
      "/data/S3DIS/Stanford3dDataset_v1.2_Aligned_Version/Area_1/office_21/Annotations/clutter_16.txt"
    ]
  },
  {
    "id": 7,
    "parent": 49,
    "children": [],
    "label": "ceiling",
    "path": [
      "/data/S3DIS/Stanford3dDataset_v1.2_Aligned_Version/Area_1/office_21/Annotations/ceiling_1.txt"
    ]
  },
  {
    "id": 8,
    "parent": 51,
    "children": [],
    "label": "bookcase",
    "path": [
      "/data/S3DIS/Stanford3dDataset_v1.2_Aligned_Version/Area_1/office_21/Annotations/bookcase_3.txt"
    ]
  },
  {
    "id": 9,
    "parent": -1,
    "children": [],
    "label": "clutter",
    "path": [
      "/data/S3DIS/Stanford3dDataset_v1.2_Aligned_Version/Area_1/office_21/Annotations/clutter_9.txt"
    ]
  },
  {
    "id": 10,
    "parent": -1,
    "children": [],
    "label": "clutter",
    "path": [
      "/data/S3DIS/Stanford3dDataset_v1.2_Aligned_Version/Area_1/office_21/Annotations/clutter_2.txt"
    ]
  },
  {
    "id": 11,
    "parent": 46,
    "children": [],
    "label": "wall",
    "path": [
      "/data/S3DIS/Stanford3dDataset_v1.2_Aligned_Version/Area_1/office_21/Annotations/wall_2.txt"
    ]
  },
  {
    "id": 12,
    "parent": -1,
    "children": [],
    "label": "clutter",
    "path": [
      "/data/S3DIS/Stanford3dDataset_v1.2_Aligned_Version/Area_1/office_21/Annotations/clutter_20.txt"
    ]
  },
  {
    "id": 13,
    "parent": -1,
    "children": [],
    "label": "clutter",
    "path": [
      "/data/S3DIS/Stanford3dDataset_v1.2_Aligned_Version/Area_1/office_21/Annotations/clutter_1.txt"
    ]
  },
  {
    "id": 14,
    "parent": 54,
    "children": [],
    "label": "beam",
    "path": [
      "/data/S3DIS/Stanford3dDataset_v1.2_Aligned_Version/Area_1/office_21/Annotations/beam_1.txt"
    ]
  },
  {
    "id": 15,
    "parent": -1,
    "children": [],
    "label": "clutter",
    "path": [
      "/data/S3DIS/Stanford3dDataset_v1.2_Aligned_Version/Area_1/office_21/Annotations/clutter_12.txt"
    ]
  },
  {
    "id": 16,
    "parent": -1,
    "children": [],
    "label": "clutter",
    "path": [
      "/data/S3DIS/Stanford3dDataset_v1.2_Aligned_Version/Area_1/office_21/Annotations/clutter_7.txt"
    ]
  },
  {
    "id": 17,
    "parent": 57,
    "children": [],
    "label": "chair",
    "path": [
      "/data/S3DIS/Stanford3dDataset_v1.2_Aligned_Version/Area_1/office_21/Annotations/chair_1.txt"
    ]
  },
  {
    "id": 18,
    "parent": -1,
    "children": [],
    "label": "clutter",
    "path": [
      "/data/S3DIS/Stanford3dDataset_v1.2_Aligned_Version/Area_1/office_21/Annotations/clutter_8.txt"
    ]
  },
  {
    "id": 19,
    "parent": 51,
    "children": [],
    "label": "bookcase",
    "path": [
      "/data/S3DIS/Stanford3dDataset_v1.2_Aligned_Version/Area_1/office_21/Annotations/bookcase_4.txt"
    ]
  },
  {
    "id": 20,
    "parent": -1,
    "children": [],
    "label": "clutter",
    "path": [
      "/data/S3DIS/Stanford3dDataset_v1.2_Aligned_Version/Area_1/office_21/Annotations/clutter_6.txt"
    ]
  },
  {
    "id": 21,
    "parent": -1,
    "children": [],
    "label": "clutter",
    "path": [
      "/data/S3DIS/Stanford3dDataset_v1.2_Aligned_Version/Area_1/office_21/Annotations/clutter_19.txt"
    ]
  },
  {
    "id": 22,
    "parent": -1,
    "children": [],
    "label": "clutter",
    "path": [
      "/data/S3DIS/Stanford3dDataset_v1.2_Aligned_Version/Area_1/office_21/Annotations/clutter_10.txt"
    ]
  },
  {
    "id": 23,
    "parent": 55,
    "children": [],
    "label": "board",
    "path": [
      "/data/S3DIS/Stanford3dDataset_v1.2_Aligned_Version/Area_1/office_21/Annotations/board_1.txt"
    ]
  },
  {
    "id": 24,
    "parent": -1,
    "children": [],
    "label": "clutter",
    "path": [
      "/data/S3DIS/Stanford3dDataset_v1.2_Aligned_Version/Area_1/office_21/Annotations/clutter_18.txt"
    ]
  },
  {
    "id": 25,
    "parent": -1,
    "children": [],
    "label": "clutter",
    "path": [
      "/data/S3DIS/Stanford3dDataset_v1.2_Aligned_Version/Area_1/office_21/Annotations/clutter_4.txt"
    ]
  },
  {
    "id": 26,
    "parent": -1,
    "children": [],
    "label": "clutter",
    "path": [
      "/data/S3DIS/Stanford3dDataset_v1.2_Aligned_Version/Area_1/office_21/Annotations/clutter_11.txt"
    ]
  },
  {
    "id": 27,
    "parent": 56,
    "children": [],
    "label": "window",
    "path": [
      "/data/S3DIS/Stanford3dDataset_v1.2_Aligned_Version/Area_1/office_21/Annotations/window_1.txt"
    ]
  },
  {
    "id": 28,
    "parent": 51,
    "children": [],
    "label": "bookcase",
    "path": [
      "/data/S3DIS/Stanford3dDataset_v1.2_Aligned_Version/Area_1/office_21/Annotations/bookcase_1.txt"
    ]
  },
  {
    "id": 29,
    "parent": -1,
    "children": [],
    "label": "clutter",
    "path": [
      "/data/S3DIS/Stanford3dDataset_v1.2_Aligned_Version/Area_1/office_21/Annotations/clutter_21.txt"
    ]
  },
  {
    "id": 30,
    "parent": 46,
    "children": [],
    "label": "wall",
    "path": [
      "/data/S3DIS/Stanford3dDataset_v1.2_Aligned_Version/Area_1/office_21/Annotations/wall_1.txt"
    ]
  },
  {
    "id": 31,
    "parent": 50,
    "children": [],
    "label": "column",
    "path": [
      "/data/S3DIS/Stanford3dDataset_v1.2_Aligned_Version/Area_1/office_21/Annotations/column_1.txt"
    ]
  },
  {
    "id": 32,
    "parent": 57,
    "children": [],
    "label": "chair",
    "path": [
      "/data/S3DIS/Stanford3dDataset_v1.2_Aligned_Version/Area_1/office_21/Annotations/chair_3.txt"
    ]
  },
  {
    "id": 33,
    "parent": -1,
    "children": [],
    "label": "clutter",
    "path": [
      "/data/S3DIS/Stanford3dDataset_v1.2_Aligned_Version/Area_1/office_21/Annotations/clutter_23.txt"
    ]
  },
  {
    "id": 34,
    "parent": 53,
    "children": [],
    "label": "bookcase",
    "path": [
      "/data/S3DIS/Stanford3dDataset_v1.2_Aligned_Version/Area_1/office_21/Annotations/bookcase_6.txt"
    ]
  },
  {
    "id": 35,
    "parent": -1,
    "children": [],
    "label": "clutter",
    "path": [
      "/data/S3DIS/Stanford3dDataset_v1.2_Aligned_Version/Area_1/office_21/Annotations/clutter_14.txt"
    ]
  },
  {
    "id": 36,
    "parent": -1,
    "children": [],
    "label": "clutter",
    "path": [
      "/data/S3DIS/Stanford3dDataset_v1.2_Aligned_Version/Area_1/office_21/Annotations/clutter_22.txt"
    ]
  },
  {
    "id": 37,
    "parent": 58,
    "children": [],
    "label": "table",
    "path": [
      "/data/S3DIS/Stanford3dDataset_v1.2_Aligned_Version/Area_1/office_21/Annotations/table_1.txt"
    ]
  },
  {
    "id": 38,
    "parent": 46,
    "children": [],
    "label": "wall",
    "path": [
      "/data/S3DIS/Stanford3dDataset_v1.2_Aligned_Version/Area_1/office_21/Annotations/wall_4.txt"
    ]
  },
  {
    "id": 39,
    "parent": -1,
    "children": [],
    "label": "clutter",
    "path": [
      "/data/S3DIS/Stanford3dDataset_v1.2_Aligned_Version/Area_1/office_21/Annotations/clutter_15.txt"
    ]
  },
  {
    "id": 40,
    "parent": -1,
    "children": [],
    "label": "clutter",
    "path": [
      "/data/S3DIS/Stanford3dDataset_v1.2_Aligned_Version/Area_1/office_21/Annotations/clutter_3.txt"
    ]
  },
  {
    "id": 41,
    "parent": -1,
    "children": [],
    "label": "clutter",
    "path": [
      "/data/S3DIS/Stanford3dDataset_v1.2_Aligned_Version/Area_1/office_21/Annotations/clutter_24.txt"
    ]
  },
  {
    "id": 42,
    "parent": -1,
    "children": [],
    "label": "clutter",
    "path": [
      "/data/S3DIS/Stanford3dDataset_v1.2_Aligned_Version/Area_1/office_21/Annotations/clutter_17.txt"
    ]
  },
  {
    "id": 43,
    "parent": 57,
    "children": [],
    "label": "chair",
    "path": [
      "/data/S3DIS/Stanford3dDataset_v1.2_Aligned_Version/Area_1/office_21/Annotations/chair_2.txt"
    ]
  },
  {
    "id": 44,
    "parent": 51,
    "children": [],
    "label": "bookcase",
    "path": [
      "/data/S3DIS/Stanford3dDataset_v1.2_Aligned_Version/Area_1/office_21/Annotations/bookcase_5.txt"
    ]
  },
  {
    "id": 45,
    "parent": 46,
    "children": [],
    "label": "wall",
    "path": [
      "/data/S3DIS/Stanford3dDataset_v1.2_Aligned_Version/Area_1/office_21/Annotations/wall_3.txt"
    ]
  },
  {
    "id": 46,
    "parent": 60,
    "children": [
      11,
      30,
      38,
      45
    ],
    "label": "wall group",
    "path": [
      "/data/S3DIS/Stanford3dDataset_v1.2_Aligned_Version/Area_1/office_21/Annotations/wall_2.txt",
      "/data/S3DIS/Stanford3dDataset_v1.2_Aligned_Version/Area_1/office_21/Annotations/wall_1.txt",
      "/data/S3DIS/Stanford3dDataset_v1.2_Aligned_Version/Area_1/office_21/Annotations/wall_4.txt",
      "/data/S3DIS/Stanford3dDataset_v1.2_Aligned_Version/Area_1/office_21/Annotations/wall_3.txt"
    ]
  },
  {
    "id": 47,
    "parent": 60,
    "children": [
      0
    ],
    "label": "floor group",
    "path": [
      "/data/S3DIS/Stanford3dDataset_v1.2_Aligned_Version/Area_1/office_21/Annotations/floor_1.txt"
    ]
  },
  {
    "id": 48,
    "parent": 61,
    "children": [
      2
    ],
    "label": "door group",
    "path": [
      "/data/S3DIS/Stanford3dDataset_v1.2_Aligned_Version/Area_1/office_21/Annotations/door_1.txt"
    ]
  },
  {
    "id": 49,
    "parent": 60,
    "children": [
      7
    ],
    "label": "ceiling group",
    "path": [
      "/data/S3DIS/Stanford3dDataset_v1.2_Aligned_Version/Area_1/office_21/Annotations/ceiling_1.txt"
    ]
  },
  {
    "id": 50,
    "parent": 60,
    "children": [
      31
    ],
    "label": "column group",
    "path": [
      "/data/S3DIS/Stanford3dDataset_v1.2_Aligned_Version/Area_1/office_21/Annotations/column_1.txt"
    ]
  },
  {
    "id": 51,
    "parent": 62,
    "children": [
      8,
      19,
      28
    ],
    "label": "bookcase group",
    "path": [
      "/data/S3DIS/Stanford3dDataset_v1.2_Aligned_Version/Area_1/office_21/Annotations/bookcase_3.txt",
      "/data/S3DIS/Stanford3dDataset_v1.2_Aligned_Version/Area_1/office_21/Annotations/bookcase_4.txt",
      "/data/S3DIS/Stanford3dDataset_v1.2_Aligned_Version/Area_1/office_21/Annotations/bookcase_1.txt",
      "/data/S3DIS/Stanford3dDataset_v1.2_Aligned_Version/Area_1/office_21/Annotations/bookcase_5.txt"
    ]
  },
  {
    "id": 52,
    "parent": 63,
    "children": [
      3
    ],
    "label": "bookcase group",
    "path": [
      "/data/S3DIS/Stanford3dDataset_v1.2_Aligned_Version/Area_1/office_21/Annotations/bookcase_2.txt"
    ]
  },
  {
    "id": 53,
    "parent": 64,
    "children": [
      34
    ],
    "label": "bookcase group",
    "path": [
      "/data/S3DIS/Stanford3dDataset_v1.2_Aligned_Version/Area_1/office_21/Annotations/bookcase_6.txt"
    ]
  },
  {
    "id": 54,
    "parent": 60,
    "children": [
      14
    ],
    "label": "beam group",
    "path": [
      "/data/S3DIS/Stanford3dDataset_v1.2_Aligned_Version/Area_1/office_21/Annotations/beam_1.txt"
    ]
  },
  {
    "id": 55,
    "parent": 60,
    "children": [
      23
    ],
    "label": "board group",
    "path": [
      "/data/S3DIS/Stanford3dDataset_v1.2_Aligned_Version/Area_1/office_21/Annotations/board_1.txt"
    ]
  },
  {
    "id": 56,
    "parent": 60,
    "children": [
      27
    ],
    "label": "window group",
    "path": [
      "/data/S3DIS/Stanford3dDataset_v1.2_Aligned_Version/Area_1/office_21/Annotations/window_1.txt"
    ]
  },
  {
    "id": 57,
    "parent": 59,
    "children": [
      17,
      32,
      43
    ],
    "label": "chair group",
    "path": [
      "/data/S3DIS/Stanford3dDataset_v1.2_Aligned_Version/Area_1/office_21/Annotations/chair_1.txt",
      "/data/S3DIS/Stanford3dDataset_v1.2_Aligned_Version/Area_1/office_21/Annotations/chair_3.txt",
      "/data/S3DIS/Stanford3dDataset_v1.2_Aligned_Version/Area_1/office_21/Annotations/chair_2.txt"
    ]
  },
  {
    "id": 58,
    "parent": 59,
    "children": [
      37
    ],
    "label": "table group",
    "path": [
      "/data/S3DIS/Stanford3dDataset_v1.2_Aligned_Version/Area_1/office_21/Annotations/table_1.txt"
    ]
  },
  {
    "id": 59,
    "parent": -1,
    "children": [
      57,
      58
    ],
    "label": "office area",
    "path": [
      "/data/S3DIS/Stanford3dDataset_v1.2_Aligned_Version/Area_1/office_21/Annotations/chair_1.txt",
      "/data/S3DIS/Stanford3dDataset_v1.2_Aligned_Version/Area_1/office_21/Annotations/chair_3.txt",
      "/data/S3DIS/Stanford3dDataset_v1.2_Aligned_Version/Area_1/office_21/Annotations/chair_2.txt",
      "/data/S3DIS/Stanford3dDataset_v1.2_Aligned_Version/Area_1/office_21/Annotations/table_1.txt"
    ]
  },
  {
    "id": 60,
    "parent": -1,
    "children": [
      46,
      47,
      49,
      50,
      54,
      55,
      56
    ],
    "label": "building area",
    "path": [
      "/data/S3DIS/Stanford3dDataset_v1.2_Aligned_Version/Area_1/office_21/Annotations/wall_2.txt",
      "/data/S3DIS/Stanford3dDataset_v1.2_Aligned_Version/Area_1/office_21/Annotations/wall_1.txt",
      "/data/S3DIS/Stanford3dDataset_v1.2_Aligned_Version/Area_1/office_21/Annotations/wall_4.txt",
      "/data/S3DIS/Stanford3dDataset_v1.2_Aligned_Version/Area_1/office_21/Annotations/wall_3.txt",
      "/data/S3DIS/Stanford3dDataset_v1.2_Aligned_Version/Area_1/office_21/Annotations/floor_1.txt",
      "/data/S3DIS/Stanford3dDataset_v1.2_Aligned_Version/Area_1/office_21/Annotations/ceiling_1.txt",
      "/data/S3DIS/Stanford3dDataset_v1.2_Aligned_Version/Area_1/office_21/Annotations/column_1.txt",
      "/data/S3DIS/Stanford3dDataset_v1.2_Aligned_Version/Area_1/office_21/Annotations/beam_1.txt",
      "/data/S3DIS/Stanford3dDataset_v1.2_Aligned_Version/Area_1/office_21/Annotations/board_1.txt",
      "/data/S3DIS/Stanford3dDataset_v1.2_Aligned_Version/Area_1/office_21/Annotations/window_1.txt"
    ]
  },
  {
    "id": 61,
    "parent": -1,
    "children": [
      48
    ],
    "label": "entrance area",
    "path": [
      "/data/S3DIS/Stanford3dDataset_v1.2_Aligned_Version/Area_1/office_21/Annotations/door_1.txt"
    ]
  },
  {
    "id": 62,
    "parent": -1,
    "children": [
      51
    ],
    "label": "case area",
    "path": [
      "/data/S3DIS/Stanford3dDataset_v1.2_Aligned_Version/Area_1/office_21/Annotations/bookcase_3.txt",
      "/data/S3DIS/Stanford3dDataset_v1.2_Aligned_Version/Area_1/office_21/Annotations/bookcase_4.txt",
      "/data/S3DIS/Stanford3dDataset_v1.2_Aligned_Version/Area_1/office_21/Annotations/bookcase_1.txt",
      "/data/S3DIS/Stanford3dDataset_v1.2_Aligned_Version/Area_1/office_21/Annotations/bookcase_5.txt"
    ]
  },
  {
    "id": 63,
    "parent": -1,
    "children": [
      52
    ],
    "label": "case area",
    "path": [
      "/data/S3DIS/Stanford3dDataset_v1.2_Aligned_Version/Area_1/office_21/Annotations/bookcase_2.txt"
    ]
  },
  {
    "id": 64,
    "parent": -1,
    "children": [
      53
    ],
    "label": "case area",
    "path": [
      "/data/S3DIS/Stanford3dDataset_v1.2_Aligned_Version/Area_1/office_21/Annotations/bookcase_6.txt"
    ]
  }
]