[
  {
    "id": 0,
    "parent": 42,
    "children": [],
    "label": "ceiling",
    "path": [
      "/data/S3DIS/Stanford3dDataset_v1.2_Aligned_Version/Area_1/WC_1/Annotations/ceiling_2.txt"
    ]
  },
  {
    "id": 1,
    "parent": 43,
    "children": [],
    "label": "floor",
    "path": [
      "/data/S3DIS/Stanford3dDataset_v1.2_Aligned_Version/Area_1/WC_1/Annotations/floor_1.txt"
    ]
  },
  {
    "id": 2,
    "parent": -1,
    "children": [],
    "label": "clutter",
    "path": [
      "/data/S3DIS/Stanford3dDataset_v1.2_Aligned_Version/Area_1/WC_1/Annotations/clutter_13.txt"
    ]
  },
  {
    "id": 3,
    "parent": 44,
    "children": [],
    "label": "door",
    "path": [
      "/data/S3DIS/Stanford3dDataset_v1.2_Aligned_Version/Area_1/WC_1/Annotations/door_1.txt"
    ]
  },
  {
    "id": 4,
    "parent": 41,
    "children": [],
    "label": "wall",
    "path": [
      "/data/S3DIS/Stanford3dDataset_v1.2_Aligned_Version/Area_1/WC_1/Annotations/wall_6.txt"
    ]
  },
  {
    "id": 5,
    "parent": -1,
    "children": [],
    "label": "clutter",
    "path": [
      "/data/S3DIS/Stanford3dDataset_v1.2_Aligned_Version/Area_1/WC_1/Annotations/clutter_5.txt"
    ]
  },
  {
    "id": 6,
    "parent": -1,
    "children": [],
    "label": "clutter",
    "path": [
      "/data/S3DIS/Stanford3dDataset_v1.2_Aligned_Version/Area_1/WC_1/Annotations/clutter_16.txt"
    ]
  },
  {
    "id": 7,
    "parent": 42,
    "children": [],
    "label": "ceiling",
    "path": [
      "/data/S3DIS/Stanford3dDataset_v1.2_Aligned_Version/Area_1/WC_1/Annotations/ceiling_1.txt"
    ]
  },
  {
    "id": 8,
    "parent": 41,
    "children": [],
    "label": "wall",
    "path": [
      "/data/S3DIS/Stanford3dDataset_v1.2_Aligned_Version/Area_1/WC_1/Annotations/wall_10.txt"
    ]
  },
  {
    "id": 9,
    "parent": -1,
    "children": [],
    "label": "clutter",
    "path": [
      "/data/S3DIS/Stanford3dDataset_v1.2_Aligned_Version/Area_1/WC_1/Annotations/clutter_9.txt"
    ]
  },
  {
    "id": 10,
    "parent": -1,
    "children": [],
    "label": "clutter",
    "path": [
      "/data/S3DIS/Stanford3dDataset_v1.2_Aligned_Version/Area_1/WC_1/Annotations/clutter_2.txt"
    ]
  },
  {
    "id": 11,
    "parent": 41,
    "children": [],
    "label": "wall",
    "path": [
      "/data/S3DIS/Stanford3dDataset_v1.2_Aligned_Version/Area_1/WC_1/Annotations/wall_2.txt"
    ]
  },
  {
    "id": 12,
    "parent": -1,
    "children": [],
    "label": "clutter",
    "path": [
      "/data/S3DIS/Stanford3dDataset_v1.2_Aligned_Version/Area_1/WC_1/Annotations/clutter_20.txt"
    ]
  },
  {
    "id": 13,
    "parent": 41,
    "children": [],
    "label": "wall",
    "path": [
      "/data/S3DIS/Stanford3dDataset_v1.2_Aligned_Version/Area_1/WC_1/Annotations/wall_13.txt"
    ]
  },
  {
    "id": 14,
    "parent": -1,
    "children": [],
    "label": "clutter",
    "path": [
      "/data/S3DIS/Stanford3dDataset_v1.2_Aligned_Version/Area_1/WC_1/Annotations/clutter_1.txt"
    ]
  },
  {
    "id": 15,
    "parent": -1,
    "children": [],
    "label": "clutter",
    "path": [
      "/data/S3DIS/Stanford3dDataset_v1.2_Aligned_Version/Area_1/WC_1/Annotations/clutter_12.txt"
    ]
  },
  {
    "id": 16,
    "parent": 41,
    "children": [],
    "label": "wall",
    "path": [
      "/data/S3DIS/Stanford3dDataset_v1.2_Aligned_Version/Area_1/WC_1/Annotations/wall_12.txt"
    ]
  },
  {
    "id": 17,
    "parent": 41,
    "children": [],
    "label": "wall",
    "path": [
      "/data/S3DIS/Stanford3dDataset_v1.2_Aligned_Version/Area_1/WC_1/Annotations/wall_11.txt"
    ]
  },
  {
    "id": 18,
    "parent": -1,
    "children": [],
    "label": "clutter",
    "path": [
      "/data/S3DIS/Stanford3dDataset_v1.2_Aligned_Version/Area_1/WC_1/Annotations/clutter_7.txt"
    ]
  },
  {
    "id": 19,
    "parent": -1,
    "children": [],
    "label": "clutter",
    "path": [
      "/data/S3DIS/Stanford3dDataset_v1.2_Aligned_Version/Area_1/WC_1/Annotations/clutter_8.txt"
    ]
  },
  {
    "id": 20,
    "parent": 41,
    "children": [],
    "label": "wall",
    "path": [
      "/data/S3DIS/Stanford3dDataset_v1.2_Aligned_Version/Area_1/WC_1/Annotations/wall_7.txt"
    ]
  },
  {
    "id": 21,
    "parent": 41,
    "children": [],
    "label": "wall",
    "path": [
      "/data/S3DIS/Stanford3dDataset_v1.2_Aligned_Version/Area_1/WC_1/Annotations/wall_5.txt"
    ]
  },
  {
    "id": 22,
    "parent": -1,
    "children": [],
    "label": "clutter",
    "path": [
      "/data/S3DIS/Stanford3dDataset_v1.2_Aligned_Version/Area_1/WC_1/Annotations/clutter_6.txt"
    ]
  },
  {
    "id": 23,
    "parent": -1,
    "children": [],
    "label": "clutter",
    "path": [
      "/data/S3DIS/Stanford3dDataset_v1.2_Aligned_Version/Area_1/WC_1/Annotations/clutter_19.txt"
    ]
  },
  {
    "id": 24,
    "parent": -1,
    "children": [],
    "label": "clutter",
    "path": [
      "/data/S3DIS/Stanford3dDataset_v1.2_Aligned_Version/Area_1/WC_1/Annotations/clutter_10.txt"
    ]
  },
  {
    "id": 25,
    "parent": -1,
    "children": [],
    "label": "clutter",
    "path": [
      "/data/S3DIS/Stanford3dDataset_v1.2_Aligned_Version/Area_1/WC_1/Annotations/clutter_18.txt"
    ]
  },
  {
    "id": 26,
    "parent": -1,
    "children": [],
    "label": "clutter",
    "path": [
      "/data/S3DIS/Stanford3dDataset_v1.2_Aligned_Version/Area_1/WC_1/Annotations/clutter_4.txt"
    ]
  },
  {
    "id": 27,
    "parent": -1,
    "children": [],
    "label": "clutter",
    "path": [
      "/data/S3DIS/Stanford3dDataset_v1.2_Aligned_Version/Area_1/WC_1/Annotations/clutter_11.txt"
    ]
  },
  {
    "id": 28,
    "parent": 41,
    "children": [],
    "label": "wall",
    "path": [
      "/data/S3DIS/Stanford3dDataset_v1.2_Aligned_Version/Area_1/WC_1/Annotations/wall_9.txt"
    ]
  },
  {
    "id": 29,
    "parent": -1,
    "children": [],
    "label": "clutter",
    "path": [
      "/data/S3DIS/Stanford3dDataset_v1.2_Aligned_Version/Area_1/WC_1/Annotations/clutter_21.txt"
    ]
  },
  {
    "id": 30,
    "parent": 41,
    "children": [],
    "label": "wall",
    "path": [
      "/data/S3DIS/Stanford3dDataset_v1.2_Aligned_Version/Area_1/WC_1/Annotations/wall_1.txt"
    ]
  },
  {
    "id": 31,
    "parent": -1,
    "children": [],
    "label": "clutter",
    "path": [
      "/data/S3DIS/Stanford3dDataset_v1.2_Aligned_Version/Area_1/WC_1/Annotations/clutter_23.txt"
    ]
  },
  {
    "id": 32,
    "parent": -1,
    "children": [],
    "label": "clutter",
    "path": [
      "/data/S3DIS/Stanford3dDataset_v1.2_Aligned_Version/Area_1/WC_1/Annotations/clutter_14.txt"
    ]
  },
  {
    "id": 33,
    "parent": -1,
    "children": [],
    "label": "clutter",
    "path": [
      "/data/S3DIS/Stanford3dDataset_v1.2_Aligned_Version/Area_1/WC_1/Annotations/clutter_22.txt"
    ]
  },
  {
    "id": 34,
    "parent": 41,
    "children": [],
    "label": "wall",
    "path": [
      "/data/S3DIS/Stanford3dDataset_v1.2_Aligned_Version/Area_1/WC_1/Annotations/wall_4.txt"
    ]
  },
  {
    "id": 35,
    "parent": -1,
    "children": [],
    "label": "clutter",
    "path": [
      "/data/S3DIS/Stanford3dDataset_v1.2_Aligned_Version/Area_1/WC_1/Annotations/clutter_15.txt"
    ]
  },
  {
    "id": 36,
    "parent": 41,
    "children": [],
    "label": "wall",
    "path": [
      "/data/S3DIS/Stanford3dDataset_v1.2_Aligned_Version/Area_1/WC_1/Annotations/wall_8.txt"
    ]
  },
  {
    "id": 37,
    "parent": -1,
    "children": [],
    "label": "clutter",
    "path": [
      "/data/S3DIS/Stanford3dDataset_v1.2_Aligned_Version/Area_1/WC_1/Annotations/clutter_3.txt"
    ]
  },
  {
    "id": 38,
    "parent": -1,
    "children": [],
    "label": "clutter",
    "path": [
      "/data/S3DIS/Stanford3dDataset_v1.2_Aligned_Version/Area_1/WC_1/Annotations/clutter_24.txt"
    ]
  },
  {
    "id": 39,
    "parent": -1,
    "children": [],
    "label": "clutter",
    "path": [
      "/data/S3DIS/Stanford3dDataset_v1.2_Aligned_Version/Area_1/WC_1/Annotations/clutter_17.txt"
    ]
  },
  {
    "id": 40,
    "parent": 41,
    "children": [],
    "label": "wall",
    "path": [
      "/data/S3DIS/Stanford3dDataset_v1.2_Aligned_Version/Area_1/WC_1/Annotations/wall_3.txt"
    ]
  },
  {
    "id": 41,
    "parent": 45,
    "children": [
      4,
      8,
      11,
      13,
      16,
      17,
      20,
      21,
      28,
      30,
      34,
      36,
      40
    ],
    "label": "wall group",
    "path": [
      "/data/S3DIS/Stanford3dDataset_v1.2_Aligned_Version/Area_1/WC_1/Annotations/wall_6.txt",
      "/data/S3DIS/Stanford3dDataset_v1.2_Aligned_Version/Area_1/WC_1/Annotations/wall_10.txt",
      "/data/S3DIS/Stanford3dDataset_v1.2_Aligned_Version/Area_1/WC_1/Annotations/wall_2.txt",
      "/data/S3DIS/Stanford3dDataset_v1.2_Aligned_Version/Area_1/WC_1/Annotations/wall_13.txt",
      "/data/S3DIS/Stanford3dDataset_v1.2_Aligned_Version/Area_1/WC_1/Annotations/wall_12.txt",
      "/data/S3DIS/Stanford3dDataset_v1.2_Aligned_Version/Area_1/WC_1/Annotations/wall_11.txt",
      "/data/S3DIS/Stanford3dDataset_v1.2_Aligned_Version/Area_1/WC_1/Annotations/wall_7.txt",
      "/data/S3DIS/Stanford3dDataset_v1.2_Aligned_Version/Area_1/WC_1/Annotations/wall_5.txt",
      "/data/S3DIS/Stanford3dDataset_v1.2_Aligned_Version/Area_1/WC_1/Annotations/wall_9.txt",
      "/data/S3DIS/Stanford3dDataset_v1.2_Aligned_Version/Area_1/WC_1/Annotations/wall_1.txt",
      "/data/S3DIS/Stanford3dDataset_v1.2_Aligned_Version/Area_1/WC_1/Annotations/wall_4.txt",
      "/data/S3DIS/Stanford3dDataset_v1.2_Aligned_Version/Area_1/WC_1/Annotations/wall_8.txt",
      "/data/S3DIS/Stanford3dDataset_v1.2_Aligned_Version/Area_1/WC_1/Annotations/wall_3.txt"
    ]
  },
  {
    "id": 42,
    "parent": 45,
    "children": [
      0
    ],
    "label": "ceiling group",
    "path": [
      "/data/S3DIS/Stanford3dDataset_v1.2_Aligned_Version/Area_1/WC_1/Annotations/ceiling_2.txt"
    ]
  },
  {
    "id": 43,
    "parent": 45,
    "children": [
      1
    ],
    "label": "floor group",
    "path": [
      "/data/S3DIS/Stanford3dDataset_v1.2_Aligned_Version/Area_1/WC_1/Annotations/floor_1.txt"
    ]
  },
  {
    "id": 44,
    "parent": 46,
    "children": [
      3
    ],
    "label": "door group",
    "path": [
      "/data/S3DIS/Stanford3dDataset_v1.2_Aligned_Version/Area_1/WC_1/Annotations/door_1.txt"
    ]
  },
  {
    "id": 45,
    "parent": -1,
    "children": [
      41,
      42,
      43
    ],
    "label": "building area",
    "path": [
      "/data/S3DIS/Stanford3dDataset_v1.2_Aligned_Version/Area_1/WC_1/Annotations/wall_6.txt",
      "/data/S3DIS/Stanford3dDataset_v1.2_Aligned_Version/Area_1/WC_1/Annotations/wall_10.txt",
      "/data/S3DIS/Stanford3dDataset_v1.2_Aligned_Version/Area_1/WC_1/Annotations/wall_2.txt",
      "/data/S3DIS/Stanford3dDataset_v1.2_Aligned_Version/Area_1/WC_1/Annotations/wall_13.txt",
      "/data/S3DIS/Stanford3dDataset_v1.2_Aligned_Version/Area_1/WC_1/Annotations/wall_12.txt",
      "/data/S3DIS/Stanford3dDataset_v1.2_Aligned_Version/Area_1/WC_1/Annotations/wall_11.txt",
      "/data/S3DIS/Stanford3dDataset_v1.2_Aligned_Version/Area_1/WC_1/Annotations/wall_7.txt",
      "/data/S3DIS/Stanford3dDataset_v1.2_Aligned_Version/Area_1/WC_1/Annotations/wall_5.txt",
      "/data/S3DIS/Stanford3dDataset_v1.2_Aligned_Version/Area_1/WC_1/Annotations/wall_9.txt",
      "/data/S3DIS/Stanford3dDataset_v1.2_Aligned_Version/Area_1/WC_1/Annotations/wall_1.txt",
      "/data/S3DIS/Stanford3dDataset_v1.2_Aligned_Version/Area_1/WC_1/Annotations/wall_4.txt",
      "/data/S3DIS/Stanford3dDataset_v1.2_Aligned_Version/Area_1/WC_1/Annotations/wall_8.txt",
      "/data/S3DIS/Stanford3dDataset_v1.2_Aligned_Version/Area_1/WC_1/Annotations/wall_3.txt",
      "/data/S3DIS/Stanford3dDataset_v1.2_Aligned_Version/Area_1/WC_1/Annotations/ceiling_2.txt",
      "/data/S3DIS/Stanford3dDataset_v1.2_Aligned_Version/Area_1/WC_1/Annotations/floor_1.txt"
    ]
  },
  {
    "id": 46,
    "parent": -1,
    "children": [
      44
    ],
    "label": "entrance area",
    "path": [
      "/data/S3DIS/Stanford3dDataset_v1.2_Aligned_Version/Area_1/WC_1/Annotations/door_1.txt"
    ]
  }
]