[{"id": 0, "parent": 110, "children": [], "label": "door", "path": ["/data/S3DIS/Stanford3dDataset_v1.2_Aligned_Version/Area_6/hallway_2/Annotations/door_19.txt"]}, {"id": 1, "parent": 92, "children": [], "label": "ceiling", "path": ["/data/S3DIS/Stanford3dDataset_v1.2_Aligned_Version/Area_6/hallway_2/Annotations/ceiling_2.txt"]}, {"id": 2, "parent": 93, "children": [], "label": "floor", "path": ["/data/S3DIS/Stanford3dDataset_v1.2_Aligned_Version/Area_6/hallway_2/Annotations/floor_1.txt"]}, {"id": 3, "parent": 111, "children": [], "label": "door", "path": ["/data/S3DIS/Stanford3dDataset_v1.2_Aligned_Version/Area_6/hallway_2/Annotations/door_12.txt"]}, {"id": 4, "parent": -1, "children": [], "label": "clutter", "path": ["/data/S3DIS/Stanford3dDataset_v1.2_Aligned_Version/Area_6/hallway_2/Annotations/clutter_13.txt"]}, {"id": 5, "parent": 94, "children": [], "label": "door", "path": ["/data/S3DIS/Stanford3dDataset_v1.2_Aligned_Version/Area_6/hallway_2/Annotations/door_1.txt"]}, {"id": 6, "parent": 91, "children": [], "label": "wall", "path": ["/data/S3DIS/Stanford3dDataset_v1.2_Aligned_Version/Area_6/hallway_2/Annotations/wall_6.txt"]}, {"id": 7, "parent": -1, "children": [], "label": "clutter", "path": ["/data/S3DIS/Stanford3dDataset_v1.2_Aligned_Version/Area_6/hallway_2/Annotations/clutter_25.txt"]}, {"id": 8, "parent": -1, "children": [], "label": "clutter", "path": ["/data/S3DIS/Stanford3dDataset_v1.2_Aligned_Version/Area_6/hallway_2/Annotations/clutter_5.txt"]}, {"id": 9, "parent": 112, "children": [], "label": "door", "path": ["/data/S3DIS/Stanford3dDataset_v1.2_Aligned_Version/Area_6/hallway_2/Annotations/door_3.txt"]}, {"id": 10, "parent": -1, "children": [], "label": "clutter", "path": ["/data/S3DIS/Stanford3dDataset_v1.2_Aligned_Version/Area_6/hallway_2/Annotations/clutter_16.txt"]}, {"id": 11, "parent": 95, "children": [], "label": "beam", "path": ["/data/S3DIS/Stanford3dDataset_v1.2_Aligned_Version/Area_6/hallway_2/Annotations/beam_6.txt"]}, {"id": 12, "parent": 113, "children": [], "label": "door", "path": ["/data/S3DIS/Stanford3dDataset_v1.2_Aligned_Version/Area_6/hallway_2/Annotations/door_5.txt"]}, {"id": 13, "parent": 96, "children": [], "label": "column", "path": ["/data/S3DIS/Stanford3dDataset_v1.2_Aligned_Version/Area_6/hallway_2/Annotations/column_12.txt"]}, {"id": 15, "parent": 106, "children": [], "label": "door", "path": ["/data/S3DIS/Stanford3dDataset_v1.2_Aligned_Version/Area_6/hallway_2/Annotations/door_9.txt"]}, {"id": 16, "parent": -1, "children": [], "label": "clutter", "path": ["/data/S3DIS/Stanford3dDataset_v1.2_Aligned_Version/Area_6/hallway_2/Annotations/clutter_27.txt"]}, {"id": 17, "parent": 92, "children": [], "label": "ceiling", "path": ["/data/S3DIS/Stanford3dDataset_v1.2_Aligned_Version/Area_6/hallway_2/Annotations/ceiling_1.txt"]}, {"id": 18, "parent": 95, "children": [], "label": "beam", "path": ["/data/S3DIS/Stanford3dDataset_v1.2_Aligned_Version/Area_6/hallway_2/Annotations/beam_5.txt"]}, {"id": 19, "parent": -1, "children": [], "label": "clutter", "path": ["/data/S3DIS/Stanford3dDataset_v1.2_Aligned_Version/Area_6/hallway_2/Annotations/clutter_26.txt"]}, {"id": 20, "parent": 94, "children": [], "label": "door", "path": ["/data/S3DIS/Stanford3dDataset_v1.2_Aligned_Version/Area_6/hallway_2/Annotations/door_2.txt"]}, {"id": 21, "parent": 98, "children": [], "label": "column", "path": ["/data/S3DIS/Stanford3dDataset_v1.2_Aligned_Version/Area_6/hallway_2/Annotations/column_9.txt"]}, {"id": 22, "parent": 91, "children": [], "label": "wall", "path": ["/data/S3DIS/Stanford3dDataset_v1.2_Aligned_Version/Area_6/hallway_2/Annotations/wall_10.txt"]}, {"id": 23, "parent": -1, "children": [], "label": "clutter", "path": ["/data/S3DIS/Stanford3dDataset_v1.2_Aligned_Version/Area_6/hallway_2/Annotations/clutter_9.txt"]}, {"id": 24, "parent": 105, "children": [], "label": "door", "path": ["/data/S3DIS/Stanford3dDataset_v1.2_Aligned_Version/Area_6/hallway_2/Annotations/door_21.txt"]}, {"id": 25, "parent": 95, "children": [], "label": "beam", "path": ["/data/S3DIS/Stanford3dDataset_v1.2_Aligned_Version/Area_6/hallway_2/Annotations/beam_4.txt"]}, {"id": 26, "parent": 109, "children": [], "label": "door", "path": ["/data/S3DIS/Stanford3dDataset_v1.2_Aligned_Version/Area_6/hallway_2/Annotations/door_14.txt"]}, {"id": 27, "parent": -1, "children": [], "label": "clutter", "path": ["/data/S3DIS/Stanford3dDataset_v1.2_Aligned_Version/Area_6/hallway_2/Annotations/clutter_2.txt"]}, {"id": 28, "parent": 91, "children": [], "label": "wall", "path": ["/data/S3DIS/Stanford3dDataset_v1.2_Aligned_Version/Area_6/hallway_2/Annotations/wall_2.txt"]}, {"id": 29, "parent": 108, "children": [], "label": "door", "path": ["/data/S3DIS/Stanford3dDataset_v1.2_Aligned_Version/Area_6/hallway_2/Annotations/door_7.txt"]}, {"id": 30, "parent": -1, "children": [], "label": "clutter", "path": ["/data/S3DIS/Stanford3dDataset_v1.2_Aligned_Version/Area_6/hallway_2/Annotations/clutter_20.txt"]}, {"id": 31, "parent": 91, "children": [], "label": "wall", "path": ["/data/S3DIS/Stanford3dDataset_v1.2_Aligned_Version/Area_6/hallway_2/Annotations/wall_13.txt"]}, {"id": 32, "parent": 99, "children": [], "label": "column", "path": ["/data/S3DIS/Stanford3dDataset_v1.2_Aligned_Version/Area_6/hallway_2/Annotations/column_4.txt"]}, {"id": 33, "parent": -1, "children": [], "label": "clutter", "path": ["/data/S3DIS/Stanford3dDataset_v1.2_Aligned_Version/Area_6/hallway_2/Annotations/clutter_1.txt"]}, {"id": 34, "parent": 92, "children": [], "label": "ceiling", "path": ["/data/S3DIS/Stanford3dDataset_v1.2_Aligned_Version/Area_6/hallway_2/Annotations/ceiling_3.txt"]}, {"id": 35, "parent": 104, "children": [], "label": "door", "path": ["/data/S3DIS/Stanford3dDataset_v1.2_Aligned_Version/Area_6/hallway_2/Annotations/door_17.txt"]}, {"id": 36, "parent": 95, "children": [], "label": "beam", "path": ["/data/S3DIS/Stanford3dDataset_v1.2_Aligned_Version/Area_6/hallway_2/Annotations/beam_1.txt"]}, {"id": 37, "parent": -1, "children": [], "label": "clutter", "path": ["/data/S3DIS/Stanford3dDataset_v1.2_Aligned_Version/Area_6/hallway_2/Annotations/clutter_12.txt"]}, {"id": 38, "parent": 91, "children": [], "label": "wall", "path": ["/data/S3DIS/Stanford3dDataset_v1.2_Aligned_Version/Area_6/hallway_2/Annotations/wall_12.txt"]}, {"id": 39, "parent": 114, "children": [], "label": "door", "path": ["/data/S3DIS/Stanford3dDataset_v1.2_Aligned_Version/Area_6/hallway_2/Annotations/door_13.txt"]}, {"id": 40, "parent": 91, "children": [], "label": "wall", "path": ["/data/S3DIS/Stanford3dDataset_v1.2_Aligned_Version/Area_6/hallway_2/Annotations/wall_11.txt"]}, {"id": 41, "parent": -1, "children": [], "label": "clutter", "path": ["/data/S3DIS/Stanford3dDataset_v1.2_Aligned_Version/Area_6/hallway_2/Annotations/clutter_7.txt"]}, {"id": 42, "parent": 116, "children": [], "label": "chair", "path": ["/data/S3DIS/Stanford3dDataset_v1.2_Aligned_Version/Area_6/hallway_2/Annotations/chair_1.txt"]}, {"id": 43, "parent": -1, "children": [], "label": "clutter", "path": ["/data/S3DIS/Stanford3dDataset_v1.2_Aligned_Version/Area_6/hallway_2/Annotations/clutter_8.txt"]}, {"id": 44, "parent": 91, "children": [], "label": "wall", "path": ["/data/S3DIS/Stanford3dDataset_v1.2_Aligned_Version/Area_6/hallway_2/Annotations/wall_7.txt"]}, {"id": 45, "parent": 98, "children": [], "label": "column", "path": ["/data/S3DIS/Stanford3dDataset_v1.2_Aligned_Version/Area_6/hallway_2/Annotations/column_5.txt"]}, {"id": 46, "parent": 115, "children": [], "label": "door", "path": ["/data/S3DIS/Stanford3dDataset_v1.2_Aligned_Version/Area_6/hallway_2/Annotations/door_6.txt"]}, {"id": 47, "parent": 105, "children": [], "label": "door", "path": ["/data/S3DIS/Stanford3dDataset_v1.2_Aligned_Version/Area_6/hallway_2/Annotations/door_20.txt"]}, {"id": 48, "parent": 95, "children": [], "label": "beam", "path": ["/data/S3DIS/Stanford3dDataset_v1.2_Aligned_Version/Area_6/hallway_2/Annotations/beam_3.txt"]}, {"id": 49, "parent": 91, "children": [], "label": "wall", "path": ["/data/S3DIS/Stanford3dDataset_v1.2_Aligned_Version/Area_6/hallway_2/Annotations/wall_5.txt"]}, {"id": 50, "parent": -1, "children": [], "label": "clutter", "path": ["/data/S3DIS/Stanford3dDataset_v1.2_Aligned_Version/Area_6/hallway_2/Annotations/clutter_6.txt"]}, {"id": 51, "parent": -1, "children": [], "label": "clutter", "path": ["/data/S3DIS/Stanford3dDataset_v1.2_Aligned_Version/Area_6/hallway_2/Annotations/clutter_19.txt"]}, {"id": 52, "parent": 91, "children": [], "label": "wall", "path": ["/data/S3DIS/Stanford3dDataset_v1.2_Aligned_Version/Area_6/hallway_2/Annotations/wall_15.txt"]}, {"id": 53, "parent": -1, "children": [], "label": "clutter", "path": ["/data/S3DIS/Stanford3dDataset_v1.2_Aligned_Version/Area_6/hallway_2/Annotations/clutter_10.txt"]}, {"id": 54, "parent": -1, "children": [], "label": "clutter", "path": ["/data/S3DIS/Stanford3dDataset_v1.2_Aligned_Version/Area_6/hallway_2/Annotations/clutter_18.txt"]}, {"id": 55, "parent": 107, "children": [], "label": "door", "path": ["/data/S3DIS/Stanford3dDataset_v1.2_Aligned_Version/Area_6/hallway_2/Annotations/door_18.txt"]}, {"id": 56, "parent": -1, "children": [], "label": "clutter", "path": ["/data/S3DIS/Stanford3dDataset_v1.2_Aligned_Version/Area_6/hallway_2/Annotations/clutter_4.txt"]}, {"id": 57, "parent": -1, "children": [], "label": "clutter", "path": ["/data/S3DIS/Stanford3dDataset_v1.2_Aligned_Version/Area_6/hallway_2/Annotations/clutter_11.txt"]}, {"id": 58, "parent": 91, "children": [], "label": "wall", "path": ["/data/S3DIS/Stanford3dDataset_v1.2_Aligned_Version/Area_6/hallway_2/Annotations/wall_9.txt"]}, {"id": 59, "parent": 101, "children": [], "label": "beam", "path": ["/data/S3DIS/Stanford3dDataset_v1.2_Aligned_Version/Area_6/hallway_2/Annotations/beam_7.txt"]}, {"id": 60, "parent": 100, "children": [], "label": "column", "path": ["/data/S3DIS/Stanford3dDataset_v1.2_Aligned_Version/Area_6/hallway_2/Annotations/column_8.txt"]}, {"id": 61, "parent": 107, "children": [], "label": "door", "path": ["/data/S3DIS/Stanford3dDataset_v1.2_Aligned_Version/Area_6/hallway_2/Annotations/door_15.txt"]}, {"id": 62, "parent": -1, "children": [], "label": "clutter", "path": ["/data/S3DIS/Stanford3dDataset_v1.2_Aligned_Version/Area_6/hallway_2/Annotations/clutter_29.txt"]}, {"id": 63, "parent": -1, "children": [], "label": "clutter", "path": ["/data/S3DIS/Stanford3dDataset_v1.2_Aligned_Version/Area_6/hallway_2/Annotations/clutter_21.txt"]}, {"id": 64, "parent": 91, "children": [], "label": "wall", "path": ["/data/S3DIS/Stanford3dDataset_v1.2_Aligned_Version/Area_6/hallway_2/Annotations/wall_1.txt"]}, {"id": 65, "parent": 91, "children": [], "label": "wall", "path": ["/data/S3DIS/Stanford3dDataset_v1.2_Aligned_Version/Area_6/hallway_2/Annotations/wall_14.txt"]}, {"id": 66, "parent": 108, "children": [], "label": "door", "path": ["/data/S3DIS/Stanford3dDataset_v1.2_Aligned_Version/Area_6/hallway_2/Annotations/door_8.txt"]}, {"id": 67, "parent": 102, "children": [], "label": "column", "path": ["/data/S3DIS/Stanford3dDataset_v1.2_Aligned_Version/Area_6/hallway_2/Annotations/column_1.txt"]}, {"id": 68, "parent": 95, "children": [], "label": "beam", "path": ["/data/S3DIS/Stanford3dDataset_v1.2_Aligned_Version/Area_6/hallway_2/Annotations/beam_2.txt"]}, {"id": 69, "parent": 97, "children": [], "label": "column", "path": ["/data/S3DIS/Stanford3dDataset_v1.2_Aligned_Version/Area_6/hallway_2/Annotations/column_7.txt"]}, {"id": 70, "parent": -1, "children": [], "label": "clutter", "path": ["/data/S3DIS/Stanford3dDataset_v1.2_Aligned_Version/Area_6/hallway_2/Annotations/clutter_28.txt"]}, {"id": 71, "parent": 96, "children": [], "label": "column", "path": ["/data/S3DIS/Stanford3dDataset_v1.2_Aligned_Version/Area_6/hallway_2/Annotations/column_3.txt"]}, {"id": 72, "parent": -1, "children": [], "label": "clutter", "path": ["/data/S3DIS/Stanford3dDataset_v1.2_Aligned_Version/Area_6/hallway_2/Annotations/clutter_23.txt"]}, {"id": 73, "parent": -1, "children": [], "label": "clutter", "path": ["/data/S3DIS/Stanford3dDataset_v1.2_Aligned_Version/Area_6/hallway_2/Annotations/clutter_14.txt"]}, {"id": 74, "parent": -1, "children": [], "label": "clutter", "path": ["/data/S3DIS/Stanford3dDataset_v1.2_Aligned_Version/Area_6/hallway_2/Annotations/clutter_22.txt"]}, {"id": 75, "parent": 99, "children": [], "label": "column", "path": ["/data/S3DIS/Stanford3dDataset_v1.2_Aligned_Version/Area_6/hallway_2/Annotations/column_10.txt"]}, {"id": 76, "parent": 109, "children": [], "label": "door", "path": ["/data/S3DIS/Stanford3dDataset_v1.2_Aligned_Version/Area_6/hallway_2/Annotations/door_16.txt"]}, {"id": 77, "parent": 117, "children": [], "label": "door", "path": ["/data/S3DIS/Stanford3dDataset_v1.2_Aligned_Version/Area_6/hallway_2/Annotations/door_4.txt"]}, {"id": 79, "parent": 91, "children": [], "label": "wall", "path": ["/data/S3DIS/Stanford3dDataset_v1.2_Aligned_Version/Area_6/hallway_2/Annotations/wall_4.txt"]}, {"id": 80, "parent": -1, "children": [], "label": "clutter", "path": ["/data/S3DIS/Stanford3dDataset_v1.2_Aligned_Version/Area_6/hallway_2/Annotations/clutter_15.txt"]}, {"id": 81, "parent": 106, "children": [], "label": "door", "path": ["/data/S3DIS/Stanford3dDataset_v1.2_Aligned_Version/Area_6/hallway_2/Annotations/door_10.txt"]}, {"id": 82, "parent": 91, "children": [], "label": "wall", "path": ["/data/S3DIS/Stanford3dDataset_v1.2_Aligned_Version/Area_6/hallway_2/Annotations/wall_8.txt"]}, {"id": 83, "parent": 102, "children": [], "label": "column", "path": ["/data/S3DIS/Stanford3dDataset_v1.2_Aligned_Version/Area_6/hallway_2/Annotations/column_11.txt"]}, {"id": 84, "parent": -1, "children": [], "label": "clutter", "path": ["/data/S3DIS/Stanford3dDataset_v1.2_Aligned_Version/Area_6/hallway_2/Annotations/clutter_3.txt"]}, {"id": 85, "parent": -1, "children": [], "label": "clutter", "path": ["/data/S3DIS/Stanford3dDataset_v1.2_Aligned_Version/Area_6/hallway_2/Annotations/clutter_24.txt"]}, {"id": 86, "parent": 100, "children": [], "label": "column", "path": ["/data/S3DIS/Stanford3dDataset_v1.2_Aligned_Version/Area_6/hallway_2/Annotations/column_6.txt"]}, {"id": 87, "parent": -1, "children": [], "label": "clutter", "path": ["/data/S3DIS/Stanford3dDataset_v1.2_Aligned_Version/Area_6/hallway_2/Annotations/clutter_17.txt"]}, {"id": 88, "parent": 97, "children": [], "label": "column", "path": ["/data/S3DIS/Stanford3dDataset_v1.2_Aligned_Version/Area_6/hallway_2/Annotations/column_2.txt"]}, {"id": 89, "parent": 104, "children": [], "label": "door", "path": ["/data/S3DIS/Stanford3dDataset_v1.2_Aligned_Version/Area_6/hallway_2/Annotations/door_11.txt"]}, {"id": 90, "parent": 91, "children": [], "label": "wall", "path": ["/data/S3DIS/Stanford3dDataset_v1.2_Aligned_Version/Area_6/hallway_2/Annotations/wall_3.txt"]}, {"id": 91, "parent": 103, "children": [6, 22, 28, 31, 38, 40, 44, 49, 52, 58, 64, 65, 79, 82, 90], "label": "wall group", "path": ["/data/S3DIS/Stanford3dDataset_v1.2_Aligned_Version/Area_6/hallway_2/Annotations/wall_6.txt", "/data/S3DIS/Stanford3dDataset_v1.2_Aligned_Version/Area_6/hallway_2/Annotations/wall_10.txt", "/data/S3DIS/Stanford3dDataset_v1.2_Aligned_Version/Area_6/hallway_2/Annotations/wall_2.txt", "/data/S3DIS/Stanford3dDataset_v1.2_Aligned_Version/Area_6/hallway_2/Annotations/wall_13.txt", "/data/S3DIS/Stanford3dDataset_v1.2_Aligned_Version/Area_6/hallway_2/Annotations/wall_12.txt", "/data/S3DIS/Stanford3dDataset_v1.2_Aligned_Version/Area_6/hallway_2/Annotations/wall_11.txt", "/data/S3DIS/Stanford3dDataset_v1.2_Aligned_Version/Area_6/hallway_2/Annotations/wall_7.txt", "/data/S3DIS/Stanford3dDataset_v1.2_Aligned_Version/Area_6/hallway_2/Annotations/wall_5.txt", "/data/S3DIS/Stanford3dDataset_v1.2_Aligned_Version/Area_6/hallway_2/Annotations/wall_15.txt", "/data/S3DIS/Stanford3dDataset_v1.2_Aligned_Version/Area_6/hallway_2/Annotations/wall_9.txt", "/data/S3DIS/Stanford3dDataset_v1.2_Aligned_Version/Area_6/hallway_2/Annotations/wall_1.txt", "/data/S3DIS/Stanford3dDataset_v1.2_Aligned_Version/Area_6/hallway_2/Annotations/wall_14.txt", "/data/S3DIS/Stanford3dDataset_v1.2_Aligned_Version/Area_6/hallway_2/Annotations/wall_4.txt", "/data/S3DIS/Stanford3dDataset_v1.2_Aligned_Version/Area_6/hallway_2/Annotations/wall_8.txt", "/data/S3DIS/Stanford3dDataset_v1.2_Aligned_Version/Area_6/hallway_2/Annotations/wall_3.txt"]}, {"id": 92, "parent": 103, "children": [1, 17, 34], "label": "ceiling group", "path": ["/data/S3DIS/Stanford3dDataset_v1.2_Aligned_Version/Area_6/hallway_2/Annotations/ceiling_2.txt", "/data/S3DIS/Stanford3dDataset_v1.2_Aligned_Version/Area_6/hallway_2/Annotations/ceiling_1.txt", "/data/S3DIS/Stanford3dDataset_v1.2_Aligned_Version/Area_6/hallway_2/Annotations/ceiling_3.txt"]}, {"id": 93, "parent": 103, "children": [2], "label": "floor group", "path": ["/data/S3DIS/Stanford3dDataset_v1.2_Aligned_Version/Area_6/hallway_2/Annotations/floor_1.txt"]}, {"id": 94, "parent": 118, "children": [5, 20], "label": "door group", "path": ["/data/S3DIS/Stanford3dDataset_v1.2_Aligned_Version/Area_6/hallway_2/Annotations/door_1.txt", "/data/S3DIS/Stanford3dDataset_v1.2_Aligned_Version/Area_6/hallway_2/Annotations/door_2.txt"]}, {"id": 95, "parent": 103, "children": [11, 18, 25, 36, 48, 68], "label": "beam group", "path": ["/data/S3DIS/Stanford3dDataset_v1.2_Aligned_Version/Area_6/hallway_2/Annotations/beam_6.txt", "/data/S3DIS/Stanford3dDataset_v1.2_Aligned_Version/Area_6/hallway_2/Annotations/beam_5.txt", "/data/S3DIS/Stanford3dDataset_v1.2_Aligned_Version/Area_6/hallway_2/Annotations/beam_4.txt", "/data/S3DIS/Stanford3dDataset_v1.2_Aligned_Version/Area_6/hallway_2/Annotations/beam_1.txt", "/data/S3DIS/Stanford3dDataset_v1.2_Aligned_Version/Area_6/hallway_2/Annotations/beam_3.txt", "/data/S3DIS/Stanford3dDataset_v1.2_Aligned_Version/Area_6/hallway_2/Annotations/beam_2.txt"]}, {"id": 96, "parent": 103, "children": [13, 71], "label": "column group", "path": ["/data/S3DIS/Stanford3dDataset_v1.2_Aligned_Version/Area_6/hallway_2/Annotations/column_12.txt", "/data/S3DIS/Stanford3dDataset_v1.2_Aligned_Version/Area_6/hallway_2/Annotations/column_3.txt"]}, {"id": 97, "parent": 103, "children": [69, 88], "label": "column group", "path": ["/data/S3DIS/Stanford3dDataset_v1.2_Aligned_Version/Area_6/hallway_2/Annotations/column_7.txt", "/data/S3DIS/Stanford3dDataset_v1.2_Aligned_Version/Area_6/hallway_2/Annotations/column_2.txt"]}, {"id": 98, "parent": 103, "children": [21, 45], "label": "column group", "path": ["/data/S3DIS/Stanford3dDataset_v1.2_Aligned_Version/Area_6/hallway_2/Annotations/column_9.txt", "/data/S3DIS/Stanford3dDataset_v1.2_Aligned_Version/Area_6/hallway_2/Annotations/column_5.txt"]}, {"id": 99, "parent": 103, "children": [32, 75], "label": "column group", "path": ["/data/S3DIS/Stanford3dDataset_v1.2_Aligned_Version/Area_6/hallway_2/Annotations/column_4.txt", "/data/S3DIS/Stanford3dDataset_v1.2_Aligned_Version/Area_6/hallway_2/Annotations/column_10.txt"]}, {"id": 100, "parent": 103, "children": [60, 86], "label": "column group", "path": ["/data/S3DIS/Stanford3dDataset_v1.2_Aligned_Version/Area_6/hallway_2/Annotations/column_8.txt", "/data/S3DIS/Stanford3dDataset_v1.2_Aligned_Version/Area_6/hallway_2/Annotations/column_6.txt"]}, {"id": 101, "parent": 103, "children": [59], "label": "beam group", "path": ["/data/S3DIS/Stanford3dDataset_v1.2_Aligned_Version/Area_6/hallway_2/Annotations/beam_7.txt"]}, {"id": 102, "parent": 103, "children": [67, 83], "label": "column group", "path": ["/data/S3DIS/Stanford3dDataset_v1.2_Aligned_Version/Area_6/hallway_2/Annotations/column_1.txt", "/data/S3DIS/Stanford3dDataset_v1.2_Aligned_Version/Area_6/hallway_2/Annotations/column_11.txt"]}, {"id": 103, "parent": -1, "children": [91, 92, 93, 95, 96, 97, 98, 99, 100, 101, 102], "label": "building area", "path": ["/data/S3DIS/Stanford3dDataset_v1.2_Aligned_Version/Area_6/hallway_2/Annotations/wall_6.txt", "/data/S3DIS/Stanford3dDataset_v1.2_Aligned_Version/Area_6/hallway_2/Annotations/wall_10.txt", "/data/S3DIS/Stanford3dDataset_v1.2_Aligned_Version/Area_6/hallway_2/Annotations/wall_2.txt", "/data/S3DIS/Stanford3dDataset_v1.2_Aligned_Version/Area_6/hallway_2/Annotations/wall_13.txt", "/data/S3DIS/Stanford3dDataset_v1.2_Aligned_Version/Area_6/hallway_2/Annotations/wall_12.txt", "/data/S3DIS/Stanford3dDataset_v1.2_Aligned_Version/Area_6/hallway_2/Annotations/wall_11.txt", "/data/S3DIS/Stanford3dDataset_v1.2_Aligned_Version/Area_6/hallway_2/Annotations/wall_7.txt", "/data/S3DIS/Stanford3dDataset_v1.2_Aligned_Version/Area_6/hallway_2/Annotations/wall_5.txt", "/data/S3DIS/Stanford3dDataset_v1.2_Aligned_Version/Area_6/hallway_2/Annotations/wall_15.txt", "/data/S3DIS/Stanford3dDataset_v1.2_Aligned_Version/Area_6/hallway_2/Annotations/wall_9.txt", "/data/S3DIS/Stanford3dDataset_v1.2_Aligned_Version/Area_6/hallway_2/Annotations/wall_1.txt", "/data/S3DIS/Stanford3dDataset_v1.2_Aligned_Version/Area_6/hallway_2/Annotations/wall_14.txt", "/data/S3DIS/Stanford3dDataset_v1.2_Aligned_Version/Area_6/hallway_2/Annotations/wall_4.txt", "/data/S3DIS/Stanford3dDataset_v1.2_Aligned_Version/Area_6/hallway_2/Annotations/wall_8.txt", "/data/S3DIS/Stanford3dDataset_v1.2_Aligned_Version/Area_6/hallway_2/Annotations/wall_3.txt", "/data/S3DIS/Stanford3dDataset_v1.2_Aligned_Version/Area_6/hallway_2/Annotations/ceiling_2.txt", "/data/S3DIS/Stanford3dDataset_v1.2_Aligned_Version/Area_6/hallway_2/Annotations/ceiling_1.txt", "/data/S3DIS/Stanford3dDataset_v1.2_Aligned_Version/Area_6/hallway_2/Annotations/ceiling_3.txt", "/data/S3DIS/Stanford3dDataset_v1.2_Aligned_Version/Area_6/hallway_2/Annotations/floor_1.txt", "/data/S3DIS/Stanford3dDataset_v1.2_Aligned_Version/Area_6/hallway_2/Annotations/beam_6.txt", "/data/S3DIS/Stanford3dDataset_v1.2_Aligned_Version/Area_6/hallway_2/Annotations/beam_5.txt", "/data/S3DIS/Stanford3dDataset_v1.2_Aligned_Version/Area_6/hallway_2/Annotations/beam_4.txt", "/data/S3DIS/Stanford3dDataset_v1.2_Aligned_Version/Area_6/hallway_2/Annotations/beam_1.txt", "/data/S3DIS/Stanford3dDataset_v1.2_Aligned_Version/Area_6/hallway_2/Annotations/beam_3.txt", "/data/S3DIS/Stanford3dDataset_v1.2_Aligned_Version/Area_6/hallway_2/Annotations/beam_2.txt", "/data/S3DIS/Stanford3dDataset_v1.2_Aligned_Version/Area_6/hallway_2/Annotations/column_12.txt", "/data/S3DIS/Stanford3dDataset_v1.2_Aligned_Version/Area_6/hallway_2/Annotations/column_3.txt", "/data/S3DIS/Stanford3dDataset_v1.2_Aligned_Version/Area_6/hallway_2/Annotations/column_7.txt", "/data/S3DIS/Stanford3dDataset_v1.2_Aligned_Version/Area_6/hallway_2/Annotations/column_2.txt", "/data/S3DIS/Stanford3dDataset_v1.2_Aligned_Version/Area_6/hallway_2/Annotations/column_9.txt", "/data/S3DIS/Stanford3dDataset_v1.2_Aligned_Version/Area_6/hallway_2/Annotations/column_5.txt", "/data/S3DIS/Stanford3dDataset_v1.2_Aligned_Version/Area_6/hallway_2/Annotations/column_4.txt", "/data/S3DIS/Stanford3dDataset_v1.2_Aligned_Version/Area_6/hallway_2/Annotations/column_10.txt", "/data/S3DIS/Stanford3dDataset_v1.2_Aligned_Version/Area_6/hallway_2/Annotations/column_8.txt", "/data/S3DIS/Stanford3dDataset_v1.2_Aligned_Version/Area_6/hallway_2/Annotations/column_6.txt", "/data/S3DIS/Stanford3dDataset_v1.2_Aligned_Version/Area_6/hallway_2/Annotations/beam_7.txt", "/data/S3DIS/Stanford3dDataset_v1.2_Aligned_Version/Area_6/hallway_2/Annotations/column_1.txt", "/data/S3DIS/Stanford3dDataset_v1.2_Aligned_Version/Area_6/hallway_2/Annotations/column_11.txt"]}, {"id": 104, "parent": 119, "children": [35, 89], "label": "door group", "path": ["/data/S3DIS/Stanford3dDataset_v1.2_Aligned_Version/Area_6/hallway_2/Annotations/door_17.txt", "/data/S3DIS/Stanford3dDataset_v1.2_Aligned_Version/Area_6/hallway_2/Annotations/door_11.txt"]}, {"id": 105, "parent": 120, "children": [24, 47], "label": "door group", "path": ["/data/S3DIS/Stanford3dDataset_v1.2_Aligned_Version/Area_6/hallway_2/Annotations/door_21.txt", "/data/S3DIS/Stanford3dDataset_v1.2_Aligned_Version/Area_6/hallway_2/Annotations/door_20.txt"]}, {"id": 106, "parent": 121, "children": [15, 81], "label": "door group", "path": ["/data/S3DIS/Stanford3dDataset_v1.2_Aligned_Version/Area_6/hallway_2/Annotations/door_9.txt", "/data/S3DIS/Stanford3dDataset_v1.2_Aligned_Version/Area_6/hallway_2/Annotations/door_10.txt"]}, {"id": 107, "parent": 122, "children": [55, 61], "label": "door group", "path": ["/data/S3DIS/Stanford3dDataset_v1.2_Aligned_Version/Area_6/hallway_2/Annotations/door_18.txt", "/data/S3DIS/Stanford3dDataset_v1.2_Aligned_Version/Area_6/hallway_2/Annotations/door_15.txt"]}, {"id": 108, "parent": 123, "children": [29, 66], "label": "door group", "path": ["/data/S3DIS/Stanford3dDataset_v1.2_Aligned_Version/Area_6/hallway_2/Annotations/door_7.txt", "/data/S3DIS/Stanford3dDataset_v1.2_Aligned_Version/Area_6/hallway_2/Annotations/door_8.txt"]}, {"id": 109, "parent": 124, "children": [26, 76], "label": "door group", "path": ["/data/S3DIS/Stanford3dDataset_v1.2_Aligned_Version/Area_6/hallway_2/Annotations/door_14.txt", "/data/S3DIS/Stanford3dDataset_v1.2_Aligned_Version/Area_6/hallway_2/Annotations/door_16.txt"]}, {"id": 110, "parent": 125, "children": [0], "label": "door group", "path": ["/data/S3DIS/Stanford3dDataset_v1.2_Aligned_Version/Area_6/hallway_2/Annotations/door_19.txt"]}, {"id": 111, "parent": 126, "children": [3], "label": "door group", "path": ["/data/S3DIS/Stanford3dDataset_v1.2_Aligned_Version/Area_6/hallway_2/Annotations/door_12.txt"]}, {"id": 112, "parent": 127, "children": [9], "label": "door group", "path": ["/data/S3DIS/Stanford3dDataset_v1.2_Aligned_Version/Area_6/hallway_2/Annotations/door_3.txt"]}, {"id": 113, "parent": 128, "children": [12], "label": "door group", "path": ["/data/S3DIS/Stanford3dDataset_v1.2_Aligned_Version/Area_6/hallway_2/Annotations/door_5.txt"]}, {"id": 114, "parent": 129, "children": [39], "label": "door group", "path": ["/data/S3DIS/Stanford3dDataset_v1.2_Aligned_Version/Area_6/hallway_2/Annotations/door_13.txt"]}, {"id": 115, "parent": 130, "children": [46], "label": "door group", "path": ["/data/S3DIS/Stanford3dDataset_v1.2_Aligned_Version/Area_6/hallway_2/Annotations/door_6.txt"]}, {"id": 116, "parent": 132, "children": [42], "label": "chair group", "path": ["/data/S3DIS/Stanford3dDataset_v1.2_Aligned_Version/Area_6/hallway_2/Annotations/chair_1.txt"]}, {"id": 117, "parent": 131, "children": [77], "label": "door group", "path": ["/data/S3DIS/Stanford3dDataset_v1.2_Aligned_Version/Area_6/hallway_2/Annotations/door_4.txt"]}, {"id": 118, "parent": -1, "children": [94], "label": "entrance area", "path": ["/data/S3DIS/Stanford3dDataset_v1.2_Aligned_Version/Area_6/hallway_2/Annotations/door_1.txt", "/data/S3DIS/Stanford3dDataset_v1.2_Aligned_Version/Area_6/hallway_2/Annotations/door_2.txt"]}, {"id": 119, "parent": -1, "children": [104], "label": "entrance area", "path": ["/data/S3DIS/Stanford3dDataset_v1.2_Aligned_Version/Area_6/hallway_2/Annotations/door_17.txt", "/data/S3DIS/Stanford3dDataset_v1.2_Aligned_Version/Area_6/hallway_2/Annotations/door_11.txt"]}, {"id": 120, "parent": -1, "children": [105], "label": "entrance area", "path": ["/data/S3DIS/Stanford3dDataset_v1.2_Aligned_Version/Area_6/hallway_2/Annotations/door_21.txt", "/data/S3DIS/Stanford3dDataset_v1.2_Aligned_Version/Area_6/hallway_2/Annotations/door_20.txt"]}, {"id": 121, "parent": -1, "children": [106], "label": "entrance area", "path": ["/data/S3DIS/Stanford3dDataset_v1.2_Aligned_Version/Area_6/hallway_2/Annotations/door_9.txt", "/data/S3DIS/Stanford3dDataset_v1.2_Aligned_Version/Area_6/hallway_2/Annotations/door_10.txt"]}, {"id": 122, "parent": -1, "children": [107], "label": "entrance area", "path": ["/data/S3DIS/Stanford3dDataset_v1.2_Aligned_Version/Area_6/hallway_2/Annotations/door_18.txt", "/data/S3DIS/Stanford3dDataset_v1.2_Aligned_Version/Area_6/hallway_2/Annotations/door_15.txt"]}, {"id": 123, "parent": -1, "children": [108], "label": "entrance area", "path": ["/data/S3DIS/Stanford3dDataset_v1.2_Aligned_Version/Area_6/hallway_2/Annotations/door_7.txt", "/data/S3DIS/Stanford3dDataset_v1.2_Aligned_Version/Area_6/hallway_2/Annotations/door_8.txt"]}, {"id": 124, "parent": -1, "children": [109], "label": "entrance area", "path": ["/data/S3DIS/Stanford3dDataset_v1.2_Aligned_Version/Area_6/hallway_2/Annotations/door_14.txt", "/data/S3DIS/Stanford3dDataset_v1.2_Aligned_Version/Area_6/hallway_2/Annotations/door_16.txt"]}, {"id": 125, "parent": -1, "children": [110], "label": "entrance area", "path": ["/data/S3DIS/Stanford3dDataset_v1.2_Aligned_Version/Area_6/hallway_2/Annotations/door_19.txt"]}, {"id": 126, "parent": -1, "children": [111], "label": "entrance area", "path": ["/data/S3DIS/Stanford3dDataset_v1.2_Aligned_Version/Area_6/hallway_2/Annotations/door_12.txt"]}, {"id": 127, "parent": -1, "children": [112], "label": "entrance area", "path": ["/data/S3DIS/Stanford3dDataset_v1.2_Aligned_Version/Area_6/hallway_2/Annotations/door_3.txt"]}, {"id": 128, "parent": -1, "children": [113], "label": "entrance area", "path": ["/data/S3DIS/Stanford3dDataset_v1.2_Aligned_Version/Area_6/hallway_2/Annotations/door_5.txt"]}, {"id": 129, "parent": -1, "children": [114], "label": "entrance area", "path": ["/data/S3DIS/Stanford3dDataset_v1.2_Aligned_Version/Area_6/hallway_2/Annotations/door_13.txt"]}, {"id": 130, "parent": -1, "children": [115], "label": "entrance area", "path": ["/data/S3DIS/Stanford3dDataset_v1.2_Aligned_Version/Area_6/hallway_2/Annotations/door_6.txt"]}, {"id": 131, "parent": -1, "children": [117], "label": "entrance area", "path": ["/data/S3DIS/Stanford3dDataset_v1.2_Aligned_Version/Area_6/hallway_2/Annotations/door_4.txt"]}, {"id": 132, "parent": -1, "children": [116], "label": "rest area", "path": ["/data/S3DIS/Stanford3dDataset_v1.2_Aligned_Version/Area_6/hallway_2/Annotations/chair_1.txt"]}]