[
  {
    "id": 0,
    "parent": 126,
    "children": [],
    "label": "door",
    "path": [
      "/data/S3DIS/Stanford3dDataset_v1.2_Aligned_Version/Area_6/hallway_1/Annotations/door_19.txt"
    ]
  },
  {
    "id": 1,
    "parent": 118,
    "children": [],
    "label": "beam",
    "path": [
      "/data/S3DIS/Stanford3dDataset_v1.2_Aligned_Version/Area_6/hallway_1/Annotations/beam_8.txt"
    ]
  },
  {
    "id": 2,
    "parent": 109,
    "children": [],
    "label": "floor",
    "path": [
      "/data/S3DIS/Stanford3dDataset_v1.2_Aligned_Version/Area_6/hallway_1/Annotations/floor_1.txt"
    ]
  },
  {
    "id": 3,
    "parent": 120,
    "children": [],
    "label": "door",
    "path": [
      "/data/S3DIS/Stanford3dDataset_v1.2_Aligned_Version/Area_6/hallway_1/Annotations/door_12.txt"
    ]
  },
  {
    "id": 4,
    "parent": -1,
    "children": [],
    "label": "clutter",
    "path": [
      "/data/S3DIS/Stanford3dDataset_v1.2_Aligned_Version/Area_6/hallway_1/Annotations/clutter_13.txt"
    ]
  },
  {
    "id": 5,
    "parent": 127,
    "children": [],
    "label": "door",
    "path": [
      "/data/S3DIS/Stanford3dDataset_v1.2_Aligned_Version/Area_6/hallway_1/Annotations/door_1.txt"
    ]
  },
  {
    "id": 6,
    "parent": 108,
    "children": [],
    "label": "wall",
    "path": [
      "/data/S3DIS/Stanford3dDataset_v1.2_Aligned_Version/Area_6/hallway_1/Annotations/wall_6.txt"
    ]
  },
  {
    "id": 7,
    "parent": -1,
    "children": [],
    "label": "clutter",
    "path": [
      "/data/S3DIS/Stanford3dDataset_v1.2_Aligned_Version/Area_6/hallway_1/Annotations/clutter_25.txt"
    ]
  },
  {
    "id": 8,
    "parent": 128,
    "children": [],
    "label": "door",
    "path": [
      "/data/S3DIS/Stanford3dDataset_v1.2_Aligned_Version/Area_6/hallway_1/Annotations/door_22.txt"
    ]
  },
  {
    "id": 9,
    "parent": -1,
    "children": [],
    "label": "clutter",
    "path": [
      "/data/S3DIS/Stanford3dDataset_v1.2_Aligned_Version/Area_6/hallway_1/Annotations/clutter_5.txt"
    ]
  },
  {
    "id": 10,
    "parent": 123,
    "children": [],
    "label": "door",
    "path": [
      "/data/S3DIS/Stanford3dDataset_v1.2_Aligned_Version/Area_6/hallway_1/Annotations/door_3.txt"
    ]
  },
  {
    "id": 11,
    "parent": 108,
    "children": [],
    "label": "wall",
    "path": [
      "/data/S3DIS/Stanford3dDataset_v1.2_Aligned_Version/Area_6/hallway_1/Annotations/wall_16.txt"
    ]
  },
  {
    "id": 12,
    "parent": -1,
    "children": [],
    "label": "clutter",
    "path": [
      "/data/S3DIS/Stanford3dDataset_v1.2_Aligned_Version/Area_6/hallway_1/Annotations/clutter_16.txt"
    ]
  },
  {
    "id": 13,
    "parent": -1,
    "children": [],
    "label": "clutter",
    "path": [
      "/data/S3DIS/Stanford3dDataset_v1.2_Aligned_Version/Area_6/hallway_1/Annotations/clutter_33.txt"
    ]
  },
  {
    "id": 14,
    "parent": 117,
    "children": [],
    "label": "beam",
    "path": [
      "/data/S3DIS/Stanford3dDataset_v1.2_Aligned_Version/Area_6/hallway_1/Annotations/beam_6.txt"
    ]
  },
  {
    "id": 15,
    "parent": -1,
    "children": [],
    "label": "clutter",
    "path": [
      "/data/S3DIS/Stanford3dDataset_v1.2_Aligned_Version/Area_6/hallway_1/Annotations/clutter_36.txt"
    ]
  },
  {
    "id": 16,
    "parent": 119,
    "children": [],
    "label": "door",
    "path": [
      "/data/S3DIS/Stanford3dDataset_v1.2_Aligned_Version/Area_6/hallway_1/Annotations/door_5.txt"
    ]
  },
  {
    "id": 17,
    "parent": 110,
    "children": [],
    "label": "column",
    "path": [
      "/data/S3DIS/Stanford3dDataset_v1.2_Aligned_Version/Area_6/hallway_1/Annotations/column_12.txt"
    ]
  },
  {
    "id": 19,
    "parent": 125,
    "children": [],
    "label": "door",
    "path": [
      "/data/S3DIS/Stanford3dDataset_v1.2_Aligned_Version/Area_6/hallway_1/Annotations/door_9.txt"
    ]
  },
  {
    "id": 20,
    "parent": -1,
    "children": [],
    "label": "clutter",
    "path": [
      "/data/S3DIS/Stanford3dDataset_v1.2_Aligned_Version/Area_6/hallway_1/Annotations/clutter_43.txt"
    ]
  },
  {
    "id": 21,
    "parent": -1,
    "children": [],
    "label": "clutter",
    "path": [
      "/data/S3DIS/Stanford3dDataset_v1.2_Aligned_Version/Area_6/hallway_1/Annotations/clutter_27.txt"
    ]
  },
  {
    "id": 22,
    "parent": 112,
    "children": [],
    "label": "ceiling",
    "path": [
      "/data/S3DIS/Stanford3dDataset_v1.2_Aligned_Version/Area_6/hallway_1/Annotations/ceiling_1.txt"
    ]
  },
  {
    "id": 23,
    "parent": 117,
    "children": [],
    "label": "beam",
    "path": [
      "/data/S3DIS/Stanford3dDataset_v1.2_Aligned_Version/Area_6/hallway_1/Annotations/beam_5.txt"
    ]
  },
  {
    "id": 24,
    "parent": -1,
    "children": [],
    "label": "clutter",
    "path": [
      "/data/S3DIS/Stanford3dDataset_v1.2_Aligned_Version/Area_6/hallway_1/Annotations/clutter_26.txt"
    ]
  },
  {
    "id": 25,
    "parent": -1,
    "children": [],
    "label": "clutter",
    "path": [
      "/data/S3DIS/Stanford3dDataset_v1.2_Aligned_Version/Area_6/hallway_1/Annotations/clutter_35.txt"
    ]
  },
  {
    "id": 26,
    "parent": 129,
    "children": [],
    "label": "door",
    "path": [
      "/data/S3DIS/Stanford3dDataset_v1.2_Aligned_Version/Area_6/hallway_1/Annotations/door_2.txt"
    ]
  },
  {
    "id": 27,
    "parent": 114,
    "children": [],
    "label": "column",
    "path": [
      "/data/S3DIS/Stanford3dDataset_v1.2_Aligned_Version/Area_6/hallway_1/Annotations/column_9.txt"
    ]
  },
  {
    "id": 28,
    "parent": 108,
    "children": [],
    "label": "wall",
    "path": [
      "/data/S3DIS/Stanford3dDataset_v1.2_Aligned_Version/Area_6/hallway_1/Annotations/wall_10.txt"
    ]
  },
  {
    "id": 29,
    "parent": -1,
    "children": [],
    "label": "clutter",
    "path": [
      "/data/S3DIS/Stanford3dDataset_v1.2_Aligned_Version/Area_6/hallway_1/Annotations/clutter_9.txt"
    ]
  },
  {
    "id": 30,
    "parent": 130,
    "children": [],
    "label": "door",
    "path": [
      "/data/S3DIS/Stanford3dDataset_v1.2_Aligned_Version/Area_6/hallway_1/Annotations/door_21.txt"
    ]
  },
  {
    "id": 31,
    "parent": 117,
    "children": [],
    "label": "beam",
    "path": [
      "/data/S3DIS/Stanford3dDataset_v1.2_Aligned_Version/Area_6/hallway_1/Annotations/beam_4.txt"
    ]
  },
  {
    "id": 32,
    "parent": 124,
    "children": [],
    "label": "door",
    "path": [
      "/data/S3DIS/Stanford3dDataset_v1.2_Aligned_Version/Area_6/hallway_1/Annotations/door_14.txt"
    ]
  },
  {
    "id": 33,
    "parent": -1,
    "children": [],
    "label": "clutter",
    "path": [
      "/data/S3DIS/Stanford3dDataset_v1.2_Aligned_Version/Area_6/hallway_1/Annotations/clutter_2.txt"
    ]
  },
  {
    "id": 34,
    "parent": 108,
    "children": [],
    "label": "wall",
    "path": [
      "/data/S3DIS/Stanford3dDataset_v1.2_Aligned_Version/Area_6/hallway_1/Annotations/wall_2.txt"
    ]
  },
  {
    "id": 35,
    "parent": 125,
    "children": [],
    "label": "door",
    "path": [
      "/data/S3DIS/Stanford3dDataset_v1.2_Aligned_Version/Area_6/hallway_1/Annotations/door_7.txt"
    ]
  },
  {
    "id": 36,
    "parent": -1,
    "children": [],
    "label": "clutter",
    "path": [
      "/data/S3DIS/Stanford3dDataset_v1.2_Aligned_Version/Area_6/hallway_1/Annotations/clutter_20.txt"
    ]
  },
  {
    "id": 37,
    "parent": 108,
    "children": [],
    "label": "wall",
    "path": [
      "/data/S3DIS/Stanford3dDataset_v1.2_Aligned_Version/Area_6/hallway_1/Annotations/wall_13.txt"
    ]
  },
  {
    "id": 38,
    "parent": 108,
    "children": [],
    "label": "wall",
    "path": [
      "/data/S3DIS/Stanford3dDataset_v1.2_Aligned_Version/Area_6/hallway_1/Annotations/wall_18.txt"
    ]
  },
  {
    "id": 39,
    "parent": 115,
    "children": [],
    "label": "column",
    "path": [
      "/data/S3DIS/Stanford3dDataset_v1.2_Aligned_Version/Area_6/hallway_1/Annotations/column_4.txt"
    ]
  },
  {
    "id": 40,
    "parent": -1,
    "children": [],
    "label": "clutter",
    "path": [
      "/data/S3DIS/Stanford3dDataset_v1.2_Aligned_Version/Area_6/hallway_1/Annotations/clutter_1.txt"
    ]
  },
  {
    "id": 41,
    "parent": 124,
    "children": [],
    "label": "door",
    "path": [
      "/data/S3DIS/Stanford3dDataset_v1.2_Aligned_Version/Area_6/hallway_1/Annotations/door_17.txt"
    ]
  },
  {
    "id": 42,
    "parent": 117,
    "children": [],
    "label": "beam",
    "path": [
      "/data/S3DIS/Stanford3dDataset_v1.2_Aligned_Version/Area_6/hallway_1/Annotations/beam_1.txt"
    ]
  },
  {
    "id": 43,
    "parent": -1,
    "children": [],
    "label": "clutter",
    "path": [
      "/data/S3DIS/Stanford3dDataset_v1.2_Aligned_Version/Area_6/hallway_1/Annotations/clutter_12.txt"
    ]
  },
  {
    "id": 44,
    "parent": 108,
    "children": [],
    "label": "wall",
    "path": [
      "/data/S3DIS/Stanford3dDataset_v1.2_Aligned_Version/Area_6/hallway_1/Annotations/wall_12.txt"
    ]
  },
  {
    "id": 45,
    "parent": 124,
    "children": [],
    "label": "door",
    "path": [
      "/data/S3DIS/Stanford3dDataset_v1.2_Aligned_Version/Area_6/hallway_1/Annotations/door_13.txt"
    ]
  },
  {
    "id": 46,
    "parent": 108,
    "children": [],
    "label": "wall",
    "path": [
      "/data/S3DIS/Stanford3dDataset_v1.2_Aligned_Version/Area_6/hallway_1/Annotations/wall_11.txt"
    ]
  },
  {
    "id": 47,
    "parent": -1,
    "children": [],
    "label": "clutter",
    "path": [
      "/data/S3DIS/Stanford3dDataset_v1.2_Aligned_Version/Area_6/hallway_1/Annotations/clutter_7.txt"
    ]
  },
  {
    "id": 48,
    "parent": 108,
    "children": [],
    "label": "wall",
    "path": [
      "/data/S3DIS/Stanford3dDataset_v1.2_Aligned_Version/Area_6/hallway_1/Annotations/wall_17.txt"
    ]
  },
  {
    "id": 49,
    "parent": -1,
    "children": [],
    "label": "clutter",
    "path": [
      "/data/S3DIS/Stanford3dDataset_v1.2_Aligned_Version/Area_6/hallway_1/Annotations/clutter_8.txt"
    ]
  },
  {
    "id": 50,
    "parent": 108,
    "children": [],
    "label": "wall",
    "path": [
      "/data/S3DIS/Stanford3dDataset_v1.2_Aligned_Version/Area_6/hallway_1/Annotations/wall_7.txt"
    ]
  },
  {
    "id": 51,
    "parent": 111,
    "children": [],
    "label": "column",
    "path": [
      "/data/S3DIS/Stanford3dDataset_v1.2_Aligned_Version/Area_6/hallway_1/Annotations/column_5.txt"
    ]
  },
  {
    "id": 52,
    "parent": 119,
    "children": [],
    "label": "door",
    "path": [
      "/data/S3DIS/Stanford3dDataset_v1.2_Aligned_Version/Area_6/hallway_1/Annotations/door_6.txt"
    ]
  },
  {
    "id": 53,
    "parent": -1,
    "children": [],
    "label": "clutter",
    "path": [
      "/data/S3DIS/Stanford3dDataset_v1.2_Aligned_Version/Area_6/hallway_1/Annotations/clutter_34.txt"
    ]
  },
  {
    "id": 54,
    "parent": 131,
    "children": [],
    "label": "door",
    "path": [
      "/data/S3DIS/Stanford3dDataset_v1.2_Aligned_Version/Area_6/hallway_1/Annotations/door_20.txt"
    ]
  },
  {
    "id": 55,
    "parent": 117,
    "children": [],
    "label": "beam",
    "path": [
      "/data/S3DIS/Stanford3dDataset_v1.2_Aligned_Version/Area_6/hallway_1/Annotations/beam_3.txt"
    ]
  },
  {
    "id": 56,
    "parent": -1,
    "children": [],
    "label": "clutter",
    "path": [
      "/data/S3DIS/Stanford3dDataset_v1.2_Aligned_Version/Area_6/hallway_1/Annotations/clutter_30.txt"
    ]
  },
  {
    "id": 57,
    "parent": 108,
    "children": [],
    "label": "wall",
    "path": [
      "/data/S3DIS/Stanford3dDataset_v1.2_Aligned_Version/Area_6/hallway_1/Annotations/wall_5.txt"
    ]
  },
  {
    "id": 58,
    "parent": -1,
    "children": [],
    "label": "clutter",
    "path": [
      "/data/S3DIS/Stanford3dDataset_v1.2_Aligned_Version/Area_6/hallway_1/Annotations/clutter_6.txt"
    ]
  },
  {
    "id": 59,
    "parent": -1,
    "children": [],
    "label": "clutter",
    "path": [
      "/data/S3DIS/Stanford3dDataset_v1.2_Aligned_Version/Area_6/hallway_1/Annotations/clutter_19.txt"
    ]
  },
  {
    "id": 60,
    "parent": 108,
    "children": [],
    "label": "wall",
    "path": [
      "/data/S3DIS/Stanford3dDataset_v1.2_Aligned_Version/Area_6/hallway_1/Annotations/wall_15.txt"
    ]
  },
  {
    "id": 61,
    "parent": -1,
    "children": [],
    "label": "clutter",
    "path": [
      "/data/S3DIS/Stanford3dDataset_v1.2_Aligned_Version/Area_6/hallway_1/Annotations/clutter_10.txt"
    ]
  },
  {
    "id": 62,
    "parent": -1,
    "children": [],
    "label": "clutter",
    "path": [
      "/data/S3DIS/Stanford3dDataset_v1.2_Aligned_Version/Area_6/hallway_1/Annotations/clutter_18.txt"
    ]
  },
  {
    "id": 63,
    "parent": 133,
    "children": [],
    "label": "door",
    "path": [
      "/data/S3DIS/Stanford3dDataset_v1.2_Aligned_Version/Area_6/hallway_1/Annotations/door_18.txt"
    ]
  },
  {
    "id": 64,
    "parent": -1,
    "children": [],
    "label": "clutter",
    "path": [
      "/data/S3DIS/Stanford3dDataset_v1.2_Aligned_Version/Area_6/hallway_1/Annotations/clutter_4.txt"
    ]
  },
  {
    "id": 65,
    "parent": -1,
    "children": [],
    "label": "clutter",
    "path": [
      "/data/S3DIS/Stanford3dDataset_v1.2_Aligned_Version/Area_6/hallway_1/Annotations/clutter_40.txt"
    ]
  },
  {
    "id": 66,
    "parent": -1,
    "children": [],
    "label": "clutter",
    "path": [
      "/data/S3DIS/Stanford3dDataset_v1.2_Aligned_Version/Area_6/hallway_1/Annotations/clutter_11.txt"
    ]
  },
  {
    "id": 67,
    "parent": -1,
    "children": [],
    "label": "clutter",
    "path": [
      "/data/S3DIS/Stanford3dDataset_v1.2_Aligned_Version/Area_6/hallway_1/Annotations/clutter_32.txt"
    ]
  },
  {
    "id": 68,
    "parent": 108,
    "children": [],
    "label": "wall",
    "path": [
      "/data/S3DIS/Stanford3dDataset_v1.2_Aligned_Version/Area_6/hallway_1/Annotations/wall_9.txt"
    ]
  },
  {
    "id": 69,
    "parent": -1,
    "children": [],
    "label": "clutter",
    "path": [
      "/data/S3DIS/Stanford3dDataset_v1.2_Aligned_Version/Area_6/hallway_1/Annotations/clutter_31.txt"
    ]
  },
  {
    "id": 70,
    "parent": -1,
    "children": [],
    "label": "clutter",
    "path": [
      "/data/S3DIS/Stanford3dDataset_v1.2_Aligned_Version/Area_6/hallway_1/Annotations/clutter_41.txt"
    ]
  },
  {
    "id": 71,
    "parent": 117,
    "children": [],
    "label": "beam",
    "path": [
      "/data/S3DIS/Stanford3dDataset_v1.2_Aligned_Version/Area_6/hallway_1/Annotations/beam_7.txt"
    ]
  },
  {
    "id": 72,
    "parent": -1,
    "children": [],
    "label": "clutter",
    "path": [
      "/data/S3DIS/Stanford3dDataset_v1.2_Aligned_Version/Area_6/hallway_1/Annotations/clutter_37.txt"
    ]
  },
  {
    "id": 73,
    "parent": 111,
    "children": [],
    "label": "column",
    "path": [
      "/data/S3DIS/Stanford3dDataset_v1.2_Aligned_Version/Area_6/hallway_1/Annotations/column_8.txt"
    ]
  },
  {
    "id": 74,
    "parent": 132,
    "children": [],
    "label": "door",
    "path": [
      "/data/S3DIS/Stanford3dDataset_v1.2_Aligned_Version/Area_6/hallway_1/Annotations/door_15.txt"
    ]
  },
  {
    "id": 75,
    "parent": -1,
    "children": [],
    "label": "clutter",
    "path": [
      "/data/S3DIS/Stanford3dDataset_v1.2_Aligned_Version/Area_6/hallway_1/Annotations/clutter_29.txt"
    ]
  },
  {
    "id": 76,
    "parent": -1,
    "children": [],
    "label": "clutter",
    "path": [
      "/data/S3DIS/Stanford3dDataset_v1.2_Aligned_Version/Area_6/hallway_1/Annotations/clutter_39.txt"
    ]
  },
  {
    "id": 77,
    "parent": -1,
    "children": [],
    "label": "clutter",
    "path": [
      "/data/S3DIS/Stanford3dDataset_v1.2_Aligned_Version/Area_6/hallway_1/Annotations/clutter_21.txt"
    ]
  },
  {
    "id": 78,
    "parent": 108,
    "children": [],
    "label": "wall",
    "path": [
      "/data/S3DIS/Stanford3dDataset_v1.2_Aligned_Version/Area_6/hallway_1/Annotations/wall_1.txt"
    ]
  },
  {
    "id": 79,
    "parent": 108,
    "children": [],
    "label": "wall",
    "path": [
      "/data/S3DIS/Stanford3dDataset_v1.2_Aligned_Version/Area_6/hallway_1/Annotations/wall_14.txt"
    ]
  },
  {
    "id": 80,
    "parent": 122,
    "children": [],
    "label": "door",
    "path": [
      "/data/S3DIS/Stanford3dDataset_v1.2_Aligned_Version/Area_6/hallway_1/Annotations/door_8.txt"
    ]
  },
  {
    "id": 81,
    "parent": 114,
    "children": [],
    "label": "column",
    "path": [
      "/data/S3DIS/Stanford3dDataset_v1.2_Aligned_Version/Area_6/hallway_1/Annotations/column_1.txt"
    ]
  },
  {
    "id": 82,
    "parent": 134,
    "children": [],
    "label": "door",
    "path": [
      "/data/S3DIS/Stanford3dDataset_v1.2_Aligned_Version/Area_6/hallway_1/Annotations/door_23.txt"
    ]
  },
  {
    "id": 83,
    "parent": -1,
    "children": [],
    "label": "clutter",
    "path": [
      "/data/S3DIS/Stanford3dDataset_v1.2_Aligned_Version/Area_6/hallway_1/Annotations/clutter_42.txt"
    ]
  },
  {
    "id": 84,
    "parent": 117,
    "children": [],
    "label": "beam",
    "path": [
      "/data/S3DIS/Stanford3dDataset_v1.2_Aligned_Version/Area_6/hallway_1/Annotations/beam_2.txt"
    ]
  },
  {
    "id": 85,
    "parent": -1,
    "children": [],
    "label": "clutter",
    "path": [
      "/data/S3DIS/Stanford3dDataset_v1.2_Aligned_Version/Area_6/hallway_1/Annotations/clutter_38.txt"
    ]
  },
  {
    "id": 86,
    "parent": 113,
    "children": [],
    "label": "column",
    "path": [
      "/data/S3DIS/Stanford3dDataset_v1.2_Aligned_Version/Area_6/hallway_1/Annotations/column_7.txt"
    ]
  },
  {
    "id": 87,
    "parent": -1,
    "children": [],
    "label": "clutter",
    "path": [
      "/data/S3DIS/Stanford3dDataset_v1.2_Aligned_Version/Area_6/hallway_1/Annotations/clutter_28.txt"
    ]
  },
  {
    "id": 88,
    "parent": 116,
    "children": [],
    "label": "column",
    "path": [
      "/data/S3DIS/Stanford3dDataset_v1.2_Aligned_Version/Area_6/hallway_1/Annotations/column_3.txt"
    ]
  },
  {
    "id": 89,
    "parent": -1,
    "children": [],
    "label": "clutter",
    "path": [
      "/data/S3DIS/Stanford3dDataset_v1.2_Aligned_Version/Area_6/hallway_1/Annotations/clutter_23.txt"
    ]
  },
  {
    "id": 90,
    "parent": -1,
    "children": [],
    "label": "clutter",
    "path": [
      "/data/S3DIS/Stanford3dDataset_v1.2_Aligned_Version/Area_6/hallway_1/Annotations/clutter_14.txt"
    ]
  },
  {
    "id": 91,
    "parent": -1,
    "children": [],
    "label": "clutter",
    "path": [
      "/data/S3DIS/Stanford3dDataset_v1.2_Aligned_Version/Area_6/hallway_1/Annotations/clutter_22.txt"
    ]
  },
  {
    "id": 92,
    "parent": 115,
    "children": [],
    "label": "column",
    "path": [
      "/data/S3DIS/Stanford3dDataset_v1.2_Aligned_Version/Area_6/hallway_1/Annotations/column_10.txt"
    ]
  },
  {
    "id": 93,
    "parent": 135,
    "children": [],
    "label": "door",
    "path": [
      "/data/S3DIS/Stanford3dDataset_v1.2_Aligned_Version/Area_6/hallway_1/Annotations/door_16.txt"
    ]
  },
  {
    "id": 94,
    "parent": 123,
    "children": [],
    "label": "door",
    "path": [
      "/data/S3DIS/Stanford3dDataset_v1.2_Aligned_Version/Area_6/hallway_1/Annotations/door_4.txt"
    ]
  },
  {
    "id": 96,
    "parent": 108,
    "children": [],
    "label": "wall",
    "path": [
      "/data/S3DIS/Stanford3dDataset_v1.2_Aligned_Version/Area_6/hallway_1/Annotations/wall_4.txt"
    ]
  },
  {
    "id": 97,
    "parent": -1,
    "children": [],
    "label": "clutter",
    "path": [
      "/data/S3DIS/Stanford3dDataset_v1.2_Aligned_Version/Area_6/hallway_1/Annotations/clutter_15.txt"
    ]
  },
  {
    "id": 98,
    "parent": 120,
    "children": [],
    "label": "door",
    "path": [
      "/data/S3DIS/Stanford3dDataset_v1.2_Aligned_Version/Area_6/hallway_1/Annotations/door_10.txt"
    ]
  },
  {
    "id": 99,
    "parent": 108,
    "children": [],
    "label": "wall",
    "path": [
      "/data/S3DIS/Stanford3dDataset_v1.2_Aligned_Version/Area_6/hallway_1/Annotations/wall_8.txt"
    ]
  },
  {
    "id": 100,
    "parent": 116,
    "children": [],
    "label": "column",
    "path": [
      "/data/S3DIS/Stanford3dDataset_v1.2_Aligned_Version/Area_6/hallway_1/Annotations/column_11.txt"
    ]
  },
  {
    "id": 101,
    "parent": -1,
    "children": [],
    "label": "clutter",
    "path": [
      "/data/S3DIS/Stanford3dDataset_v1.2_Aligned_Version/Area_6/hallway_1/Annotations/clutter_3.txt"
    ]
  },
  {
    "id": 102,
    "parent": -1,
    "children": [],
    "label": "clutter",
    "path": [
      "/data/S3DIS/Stanford3dDataset_v1.2_Aligned_Version/Area_6/hallway_1/Annotations/clutter_24.txt"
    ]
  },
  {
    "id": 103,
    "parent": 113,
    "children": [],
    "label": "column",
    "path": [
      "/data/S3DIS/Stanford3dDataset_v1.2_Aligned_Version/Area_6/hallway_1/Annotations/column_6.txt"
    ]
  },
  {
    "id": 104,
    "parent": -1,
    "children": [],
    "label": "clutter",
    "path": [
      "/data/S3DIS/Stanford3dDataset_v1.2_Aligned_Version/Area_6/hallway_1/Annotations/clutter_17.txt"
    ]
  },
  {
    "id": 105,
    "parent": 110,
    "children": [],
    "label": "column",
    "path": [
      "/data/S3DIS/Stanford3dDataset_v1.2_Aligned_Version/Area_6/hallway_1/Annotations/column_2.txt"
    ]
  },
  {
    "id": 106,
    "parent": 122,
    "children": [],
    "label": "door",
    "path": [
      "/data/S3DIS/Stanford3dDataset_v1.2_Aligned_Version/Area_6/hallway_1/Annotations/door_11.txt"
    ]
  },
  {
    "id": 107,
    "parent": 108,
    "children": [],
    "label": "wall",
    "path": [
      "/data/S3DIS/Stanford3dDataset_v1.2_Aligned_Version/Area_6/hallway_1/Annotations/wall_3.txt"
    ]
  },
  {
    "id": 108,
    "parent": 121,
    "children": [
      6,
      11,
      28,
      34,
      37,
      38,
      44,
      46,
      48,
      50,
      57,
      60,
      68,
      78,
      79,
      96,
      99,
      107
    ],
    "label": "wall group",
    "path": [
      "/data/S3DIS/Stanford3dDataset_v1.2_Aligned_Version/Area_6/hallway_1/Annotations/wall_6.txt",
      "/data/S3DIS/Stanford3dDataset_v1.2_Aligned_Version/Area_6/hallway_1/Annotations/wall_16.txt",
      "/data/S3DIS/Stanford3dDataset_v1.2_Aligned_Version/Area_6/hallway_1/Annotations/wall_10.txt",
      "/data/S3DIS/Stanford3dDataset_v1.2_Aligned_Version/Area_6/hallway_1/Annotations/wall_2.txt",
      "/data/S3DIS/Stanford3dDataset_v1.2_Aligned_Version/Area_6/hallway_1/Annotations/wall_13.txt",
      "/data/S3DIS/Stanford3dDataset_v1.2_Aligned_Version/Area_6/hallway_1/Annotations/wall_18.txt",
      "/data/S3DIS/Stanford3dDataset_v1.2_Aligned_Version/Area_6/hallway_1/Annotations/wall_12.txt",
      "/data/S3DIS/Stanford3dDataset_v1.2_Aligned_Version/Area_6/hallway_1/Annotations/wall_11.txt",
      "/data/S3DIS/Stanford3dDataset_v1.2_Aligned_Version/Area_6/hallway_1/Annotations/wall_17.txt",
      "/data/S3DIS/Stanford3dDataset_v1.2_Aligned_Version/Area_6/hallway_1/Annotations/wall_7.txt",
      "/data/S3DIS/Stanford3dDataset_v1.2_Aligned_Version/Area_6/hallway_1/Annotations/wall_5.txt",
      "/data/S3DIS/Stanford3dDataset_v1.2_Aligned_Version/Area_6/hallway_1/Annotations/wall_15.txt",
      "/data/S3DIS/Stanford3dDataset_v1.2_Aligned_Version/Area_6/hallway_1/Annotations/wall_9.txt",
      "/data/S3DIS/Stanford3dDataset_v1.2_Aligned_Version/Area_6/hallway_1/Annotations/wall_1.txt",
      "/data/S3DIS/Stanford3dDataset_v1.2_Aligned_Version/Area_6/hallway_1/Annotations/wall_14.txt",
      "/data/S3DIS/Stanford3dDataset_v1.2_Aligned_Version/Area_6/hallway_1/Annotations/wall_4.txt",
      "/data/S3DIS/Stanford3dDataset_v1.2_Aligned_Version/Area_6/hallway_1/Annotations/wall_8.txt",
      "/data/S3DIS/Stanford3dDataset_v1.2_Aligned_Version/Area_6/hallway_1/Annotations/wall_3.txt"
    ]
  },
  {
    "id": 109,
    "parent": 121,
    "children": [
      2
    ],
    "label": "floor group",
    "path": [
      "/data/S3DIS/Stanford3dDataset_v1.2_Aligned_Version/Area_6/hallway_1/Annotations/floor_1.txt"
    ]
  },
  {
    "id": 110,
    "parent": 121,
    "children": [
      17,
      105
    ],
    "label": "column group",
    "path": [
      "/data/S3DIS/Stanford3dDataset_v1.2_Aligned_Version/Area_6/hallway_1/Annotations/column_12.txt",
      "/data/S3DIS/Stanford3dDataset_v1.2_Aligned_Version/Area_6/hallway_1/Annotations/column_2.txt"
    ]
  },
  {
    "id": 111,
    "parent": 121,
    "children": [
      51,
      73
    ],
    "label": "column group",
    "path": [
      "/data/S3DIS/Stanford3dDataset_v1.2_Aligned_Version/Area_6/hallway_1/Annotations/column_5.txt",
      "/data/S3DIS/Stanford3dDataset_v1.2_Aligned_Version/Area_6/hallway_1/Annotations/column_8.txt"
    ]
  },
  {
    "id": 112,
    "parent": 121,
    "children": [
      22
    ],
    "label": "ceiling group",
    "path": [
      "/data/S3DIS/Stanford3dDataset_v1.2_Aligned_Version/Area_6/hallway_1/Annotations/ceiling_1.txt"
    ]
  },
  {
    "id": 113,
    "parent": 121,
    "children": [
      86,
      103
    ],
    "label": "column group",
    "path": [
      "/data/S3DIS/Stanford3dDataset_v1.2_Aligned_Version/Area_6/hallway_1/Annotations/column_7.txt",
      "/data/S3DIS/Stanford3dDataset_v1.2_Aligned_Version/Area_6/hallway_1/Annotations/column_6.txt"
    ]
  },
  {
    "id": 114,
    "parent": 121,
    "children": [
      27,
      81
    ],
    "label": "column group",
    "path": [
      "/data/S3DIS/Stanford3dDataset_v1.2_Aligned_Version/Area_6/hallway_1/Annotations/column_9.txt",
      "/data/S3DIS/Stanford3dDataset_v1.2_Aligned_Version/Area_6/hallway_1/Annotations/column_1.txt"
    ]
  },
  {
    "id": 115,
    "parent": 121,
    "children": [
      39,
      92
    ],
    "label": "column group",
    "path": [
      "/data/S3DIS/Stanford3dDataset_v1.2_Aligned_Version/Area_6/hallway_1/Annotations/column_4.txt",
      "/data/S3DIS/Stanford3dDataset_v1.2_Aligned_Version/Area_6/hallway_1/Annotations/column_10.txt"
    ]
  },
  {
    "id": 116,
    "parent": 121,
    "children": [
      88,
      100
    ],
    "label": "column group",
    "path": [
      "/data/S3DIS/Stanford3dDataset_v1.2_Aligned_Version/Area_6/hallway_1/Annotations/column_3.txt",
      "/data/S3DIS/Stanford3dDataset_v1.2_Aligned_Version/Area_6/hallway_1/Annotations/column_11.txt"
    ]
  },
  {
    "id": 117,
    "parent": 121,
    "children": [
      14,
      23,
      31,
      42,
      55,
      71,
      84
    ],
    "label": "beam group",
    "path": [
      "/data/S3DIS/Stanford3dDataset_v1.2_Aligned_Version/Area_6/hallway_1/Annotations/beam_6.txt",
      "/data/S3DIS/Stanford3dDataset_v1.2_Aligned_Version/Area_6/hallway_1/Annotations/beam_5.txt",
      "/data/S3DIS/Stanford3dDataset_v1.2_Aligned_Version/Area_6/hallway_1/Annotations/beam_4.txt",
      "/data/S3DIS/Stanford3dDataset_v1.2_Aligned_Version/Area_6/hallway_1/Annotations/beam_1.txt",
      "/data/S3DIS/Stanford3dDataset_v1.2_Aligned_Version/Area_6/hallway_1/Annotations/beam_3.txt",
      "/data/S3DIS/Stanford3dDataset_v1.2_Aligned_Version/Area_6/hallway_1/Annotations/beam_7.txt",
      "/data/S3DIS/Stanford3dDataset_v1.2_Aligned_Version/Area_6/hallway_1/Annotations/beam_2.txt"
    ]
  },
  {
    "id": 118,
    "parent": 121,
    "children": [
      1
    ],
    "label": "beam group",
    "path": [
      "/data/S3DIS/Stanford3dDataset_v1.2_Aligned_Version/Area_6/hallway_1/Annotations/beam_8.txt"
    ]
  },
  {
    "id": 119,
    "parent": 136,
    "children": [
      16,
      52
    ],
    "label": "door group",
    "path": [
      "/data/S3DIS/Stanford3dDataset_v1.2_Aligned_Version/Area_6/hallway_1/Annotations/door_5.txt",
      "/data/S3DIS/Stanford3dDataset_v1.2_Aligned_Version/Area_6/hallway_1/Annotations/door_6.txt"
    ]
  },
  {
    "id": 120,
    "parent": 137,
    "children": [
      3,
      98
    ],
    "label": "door group",
    "path": [
      "/data/S3DIS/Stanford3dDataset_v1.2_Aligned_Version/Area_6/hallway_1/Annotations/door_12.txt",
      "/data/S3DIS/Stanford3dDataset_v1.2_Aligned_Version/Area_6/hallway_1/Annotations/door_10.txt"
    ]
  },
  {
    "id": 121,
    "parent": -1,
    "children": [
      108,
      109,
      110,
      111,
      112,
      113,
      114,
      115,
      116,
      117,
      118
    ],
    "label": "building area",
    "path": [
      "/data/S3DIS/Stanford3dDataset_v1.2_Aligned_Version/Area_6/hallway_1/Annotations/wall_6.txt",
      "/data/S3DIS/Stanford3dDataset_v1.2_Aligned_Version/Area_6/hallway_1/Annotations/wall_16.txt",
      "/data/S3DIS/Stanford3dDataset_v1.2_Aligned_Version/Area_6/hallway_1/Annotations/wall_10.txt",
      "/data/S3DIS/Stanford3dDataset_v1.2_Aligned_Version/Area_6/hallway_1/Annotations/wall_2.txt",
      "/data/S3DIS/Stanford3dDataset_v1.2_Aligned_Version/Area_6/hallway_1/Annotations/wall_13.txt",
      "/data/S3DIS/Stanford3dDataset_v1.2_Aligned_Version/Area_6/hallway_1/Annotations/wall_18.txt",
      "/data/S3DIS/Stanford3dDataset_v1.2_Aligned_Version/Area_6/hallway_1/Annotations/wall_12.txt",
      "/data/S3DIS/Stanford3dDataset_v1.2_Aligned_Version/Area_6/hallway_1/Annotations/wall_11.txt",
      "/data/S3DIS/Stanford3dDataset_v1.2_Aligned_Version/Area_6/hallway_1/Annotations/wall_17.txt",
      "/data/S3DIS/Stanford3dDataset_v1.2_Aligned_Version/Area_6/hallway_1/Annotations/wall_7.txt",
      "/data/S3DIS/Stanford3dDataset_v1.2_Aligned_Version/Area_6/hallway_1/Annotations/wall_5.txt",
      "/data/S3DIS/Stanford3dDataset_v1.2_Aligned_Version/Area_6/hallway_1/Annotations/wall_15.txt",
      "/data/S3DIS/Stanford3dDataset_v1.2_Aligned_Version/Area_6/hallway_1/Annotations/wall_9.txt",
      "/data/S3DIS/Stanford3dDataset_v1.2_Aligned_Version/Area_6/hallway_1/Annotations/wall_1.txt",
      "/data/S3DIS/Stanford3dDataset_v1.2_Aligned_Version/Area_6/hallway_1/Annotations/wall_14.txt",
      "/data/S3DIS/Stanford3dDataset_v1.2_Aligned_Version/Area_6/hallway_1/Annotations/wall_4.txt",
      "/data/S3DIS/Stanford3dDataset_v1.2_Aligned_Version/Area_6/hallway_1/Annotations/wall_8.txt",
      "/data/S3DIS/Stanford3dDataset_v1.2_Aligned_Version/Area_6/hallway_1/Annotations/wall_3.txt",
      "/data/S3DIS/Stanford3dDataset_v1.2_Aligned_Version/Area_6/hallway_1/Annotations/floor_1.txt",
      "/data/S3DIS/Stanford3dDataset_v1.2_Aligned_Version/Area_6/hallway_1/Annotations/column_12.txt",
      "/data/S3DIS/Stanford3dDataset_v1.2_Aligned_Version/Area_6/hallway_1/Annotations/column_2.txt",
      "/data/S3DIS/Stanford3dDataset_v1.2_Aligned_Version/Area_6/hallway_1/Annotations/column_5.txt",
      "/data/S3DIS/Stanford3dDataset_v1.2_Aligned_Version/Area_6/hallway_1/Annotations/column_8.txt",
      "/data/S3DIS/Stanford3dDataset_v1.2_Aligned_Version/Area_6/hallway_1/Annotations/ceiling_1.txt",
      "/data/S3DIS/Stanford3dDataset_v1.2_Aligned_Version/Area_6/hallway_1/Annotations/column_7.txt",
      "/data/S3DIS/Stanford3dDataset_v1.2_Aligned_Version/Area_6/hallway_1/Annotations/column_6.txt",
      "/data/S3DIS/Stanford3dDataset_v1.2_Aligned_Version/Area_6/hallway_1/Annotations/column_9.txt",
      "/data/S3DIS/Stanford3dDataset_v1.2_Aligned_Version/Area_6/hallway_1/Annotations/column_1.txt",
      "/data/S3DIS/Stanford3dDataset_v1.2_Aligned_Version/Area_6/hallway_1/Annotations/column_4.txt",
      "/data/S3DIS/Stanford3dDataset_v1.2_Aligned_Version/Area_6/hallway_1/Annotations/column_10.txt",
      "/data/S3DIS/Stanford3dDataset_v1.2_Aligned_Version/Area_6/hallway_1/Annotations/column_3.txt",
      "/data/S3DIS/Stanford3dDataset_v1.2_Aligned_Version/Area_6/hallway_1/Annotations/column_11.txt",
      "/data/S3DIS/Stanford3dDataset_v1.2_Aligned_Version/Area_6/hallway_1/Annotations/beam_6.txt",
      "/data/S3DIS/Stanford3dDataset_v1.2_Aligned_Version/Area_6/hallway_1/Annotations/beam_5.txt",
      "/data/S3DIS/Stanford3dDataset_v1.2_Aligned_Version/Area_6/hallway_1/Annotations/beam_4.txt",
      "/data/S3DIS/Stanford3dDataset_v1.2_Aligned_Version/Area_6/hallway_1/Annotations/beam_1.txt",
      "/data/S3DIS/Stanford3dDataset_v1.2_Aligned_Version/Area_6/hallway_1/Annotations/beam_3.txt",
      "/data/S3DIS/Stanford3dDataset_v1.2_Aligned_Version/Area_6/hallway_1/Annotations/beam_7.txt",
      "/data/S3DIS/Stanford3dDataset_v1.2_Aligned_Version/Area_6/hallway_1/Annotations/beam_2.txt",
      "/data/S3DIS/Stanford3dDataset_v1.2_Aligned_Version/Area_6/hallway_1/Annotations/beam_8.txt"
    ]
  },
  {
    "id": 122,
    "parent": 138,
    "children": [
      80,
      106
    ],
    "label": "door group",
    "path": [
      "/data/S3DIS/Stanford3dDataset_v1.2_Aligned_Version/Area_6/hallway_1/Annotations/door_8.txt",
      "/data/S3DIS/Stanford3dDataset_v1.2_Aligned_Version/Area_6/hallway_1/Annotations/door_11.txt"
    ]
  },
  {
    "id": 123,
    "parent": 139,
    "children": [
      10,
      94
    ],
    "label": "door group",
    "path": [
      "/data/S3DIS/Stanford3dDataset_v1.2_Aligned_Version/Area_6/hallway_1/Annotations/door_3.txt",
      "/data/S3DIS/Stanford3dDataset_v1.2_Aligned_Version/Area_6/hallway_1/Annotations/door_4.txt"
    ]
  },
  {
    "id": 124,
    "parent": 140,
    "children": [
      32,
      41,
      45
    ],
    "label": "door group",
    "path": [
      "/data/S3DIS/Stanford3dDataset_v1.2_Aligned_Version/Area_6/hallway_1/Annotations/door_14.txt",
      "/data/S3DIS/Stanford3dDataset_v1.2_Aligned_Version/Area_6/hallway_1/Annotations/door_17.txt",
      "/data/S3DIS/Stanford3dDataset_v1.2_Aligned_Version/Area_6/hallway_1/Annotations/door_13.txt"
    ]
  },
  {
    "id": 125,
    "parent": 141,
    "children": [
      19,
      35
    ],
    "label": "door group",
    "path": [
      "/data/S3DIS/Stanford3dDataset_v1.2_Aligned_Version/Area_6/hallway_1/Annotations/door_9.txt",
      "/data/S3DIS/Stanford3dDataset_v1.2_Aligned_Version/Area_6/hallway_1/Annotations/door_7.txt"
    ]
  },
  {
    "id": 126,
    "parent": 142,
    "children": [
      0
    ],
    "label": "door group",
    "path": [
      "/data/S3DIS/Stanford3dDataset_v1.2_Aligned_Version/Area_6/hallway_1/Annotations/door_19.txt"
    ]
  },
  {
    "id": 127,
    "parent": 143,
    "children": [
      5
    ],
    "label": "door group",
    "path": [
      "/data/S3DIS/Stanford3dDataset_v1.2_Aligned_Version/Area_6/hallway_1/Annotations/door_1.txt"
    ]
  },
  {
    "id": 128,
    "parent": 144,
    "children": [
      8
    ],
    "label": "door group",
    "path": [
      "/data/S3DIS/Stanford3dDataset_v1.2_Aligned_Version/Area_6/hallway_1/Annotations/door_22.txt"
    ]
  },
  {
    "id": 129,
    "parent": 145,
    "children": [
      26
    ],
    "label": "door group",
    "path": [
      "/data/S3DIS/Stanford3dDataset_v1.2_Aligned_Version/Area_6/hallway_1/Annotations/door_2.txt"
    ]
  },
  {
    "id": 130,
    "parent": 146,
    "children": [
      30
    ],
    "label": "door group",
    "path": [
      "/data/S3DIS/Stanford3dDataset_v1.2_Aligned_Version/Area_6/hallway_1/Annotations/door_21.txt"
    ]
  },
  {
    "id": 131,
    "parent": 147,
    "children": [
      54
    ],
    "label": "door group",
    "path": [
      "/data/S3DIS/Stanford3dDataset_v1.2_Aligned_Version/Area_6/hallway_1/Annotations/door_20.txt"
    ]
  },
  {
    "id": 132,
    "parent": 148,
    "children": [
      74
    ],
    "label": "door group",
    "path": [
      "/data/S3DIS/Stanford3dDataset_v1.2_Aligned_Version/Area_6/hallway_1/Annotations/door_15.txt"
    ]
  },
  {
    "id": 133,
    "parent": 149,
    "children": [
      63
    ],
    "label": "door group",
    "path": [
      "/data/S3DIS/Stanford3dDataset_v1.2_Aligned_Version/Area_6/hallway_1/Annotations/door_18.txt"
    ]
  },
  {
    "id": 134,
    "parent": 151,
    "children": [
      82
    ],
    "label": "door group",
    "path": [
      "/data/S3DIS/Stanford3dDataset_v1.2_Aligned_Version/Area_6/hallway_1/Annotations/door_23.txt"
    ]
  },
  {
    "id": 135,
    "parent": 150,
    "children": [
      93
    ],
    "label": "door group",
    "path": [
      "/data/S3DIS/Stanford3dDataset_v1.2_Aligned_Version/Area_6/hallway_1/Annotations/door_16.txt"
    ]
  },
  {
    "id": 136,
    "parent": -1,
    "children": [
      119
    ],
    "label": "entrance area",
    "path": [
      "/data/S3DIS/Stanford3dDataset_v1.2_Aligned_Version/Area_6/hallway_1/Annotations/door_5.txt",
      "/data/S3DIS/Stanford3dDataset_v1.2_Aligned_Version/Area_6/hallway_1/Annotations/door_6.txt"
    ]
  },
  {
    "id": 137,
    "parent": -1,
    "children": [
      120
    ],
    "label": "entrance area",
    "path": [
      "/data/S3DIS/Stanford3dDataset_v1.2_Aligned_Version/Area_6/hallway_1/Annotations/door_12.txt",
      "/data/S3DIS/Stanford3dDataset_v1.2_Aligned_Version/Area_6/hallway_1/Annotations/door_10.txt"
    ]
  },
  {
    "id": 138,
    "parent": -1,
    "children": [
      122
    ],
    "label": "entrance area",
    "path": [
      "/data/S3DIS/Stanford3dDataset_v1.2_Aligned_Version/Area_6/hallway_1/Annotations/door_8.txt",
      "/data/S3DIS/Stanford3dDataset_v1.2_Aligned_Version/Area_6/hallway_1/Annotations/door_11.txt"
    ]
  },
  {
    "id": 139,
    "parent": -1,
    "children": [
      123
    ],
    "label": "entrance area",
    "path": [
      "/data/S3DIS/Stanford3dDataset_v1.2_Aligned_Version/Area_6/hallway_1/Annotations/door_3.txt",
      "/data/S3DIS/Stanford3dDataset_v1.2_Aligned_Version/Area_6/hallway_1/Annotations/door_4.txt"
    ]
  },
  {
    "id": 140,
    "parent": -1,
    "children": [
      124
    ],
    "label": "entrance area",
    "path": [
      "/data/S3DIS/Stanford3dDataset_v1.2_Aligned_Version/Area_6/hallway_1/Annotations/door_14.txt",
      "/data/S3DIS/Stanford3dDataset_v1.2_Aligned_Version/Area_6/hallway_1/Annotations/door_17.txt",
      "/data/S3DIS/Stanford3dDataset_v1.2_Aligned_Version/Area_6/hallway_1/Annotations/door_13.txt"
    ]
  },
  {
    "id": 141,
    "parent": -1,
    "children": [
      125
    ],
    "label": "entrance area",
    "path": [
      "/data/S3DIS/Stanford3dDataset_v1.2_Aligned_Version/Area_6/hallway_1/Annotations/door_9.txt",
      "/data/S3DIS/Stanford3dDataset_v1.2_Aligned_Version/Area_6/hallway_1/Annotations/door_7.txt"
    ]
  },
  {
    "id": 142,
    "parent": -1,
    "children": [
      126
    ],
    "label": "entrance area",
    "path": [
      "/data/S3DIS/Stanford3dDataset_v1.2_Aligned_Version/Area_6/hallway_1/Annotations/door_19.txt"
    ]
  },
  {
    "id": 143,
    "parent": -1,
    "children": [
      127
    ],
    "label": "entrance area",
    "path": [
      "/data/S3DIS/Stanford3dDataset_v1.2_Aligned_Version/Area_6/hallway_1/Annotations/door_1.txt"
    ]
  },
  {
    "id": 144,
    "parent": -1,
    "children": [
      128
    ],
    "label": "entrance area",
    "path": [
      "/data/S3DIS/Stanford3dDataset_v1.2_Aligned_Version/Area_6/hallway_1/Annotations/door_22.txt"
    ]
  },
  {
    "id": 145,
    "parent": -1,
    "children": [
      129
    ],
    "label": "entrance area",
    "path": [
      "/data/S3DIS/Stanford3dDataset_v1.2_Aligned_Version/Area_6/hallway_1/Annotations/door_2.txt"
    ]
  },
  {
    "id": 146,
    "parent": -1,
    "children": [
      130
    ],
    "label": "entrance area",
    "path": [
      "/data/S3DIS/Stanford3dDataset_v1.2_Aligned_Version/Area_6/hallway_1/Annotations/door_21.txt"
    ]
  },
  {
    "id": 147,
    "parent": -1,
    "children": [
      131
    ],
    "label": "entrance area",
    "path": [
      "/data/S3DIS/Stanford3dDataset_v1.2_Aligned_Version/Area_6/hallway_1/Annotations/door_20.txt"
    ]
  },
  {
    "id": 148,
    "parent": -1,
    "children": [
      132
    ],
    "label": "entrance area",
    "path": [
      "/data/S3DIS/Stanford3dDataset_v1.2_Aligned_Version/Area_6/hallway_1/Annotations/door_15.txt"
    ]
  },
  {
    "id": 149,
    "parent": -1,
    "children": [
      133
    ],
    "label": "entrance area",
    "path": [
      "/data/S3DIS/Stanford3dDataset_v1.2_Aligned_Version/Area_6/hallway_1/Annotations/door_18.txt"
    ]
  },
  {
    "id": 150,
    "parent": -1,
    "children": [
      135
    ],
    "label": "entrance area",
    "path": [
      "/data/S3DIS/Stanford3dDataset_v1.2_Aligned_Version/Area_6/hallway_1/Annotations/door_16.txt"
    ]
  },
  {
    "id": 151,
    "parent": -1,
    "children": [
      134
    ],
    "label": "entrance area",
    "path": [
      "/data/S3DIS/Stanford3dDataset_v1.2_Aligned_Version/Area_6/hallway_1/Annotations/door_23.txt"
    ]
  }
]