[{"id": 0, "parent": 46, "children": [], "label": "floor", "path": ["/data/S3DIS/Stanford3dDataset_v1.2_Aligned_Version/Area_6/office_24/Annotations/floor_1.txt"]}, {"id": 1, "parent": -1, "children": [], "label": "clutter", "path": ["/data/S3DIS/Stanford3dDataset_v1.2_Aligned_Version/Area_6/office_24/Annotations/clutter_13.txt"]}, {"id": 2, "parent": 47, "children": [], "label": "door", "path": ["/data/S3DIS/Stanford3dDataset_v1.2_Aligned_Version/Area_6/office_24/Annotations/door_1.txt"]}, {"id": 3, "parent": 54, "children": [], "label": "bookcase", "path": ["/data/S3DIS/Stanford3dDataset_v1.2_Aligned_Version/Area_6/office_24/Annotations/bookcase_2.txt"]}, {"id": 4, "parent": -1, "children": [], "label": "clutter", "path": ["/data/S3DIS/Stanford3dDataset_v1.2_Aligned_Version/Area_6/office_24/Annotations/clutter_5.txt"]}, {"id": 5, "parent": -1, "children": [], "label": "clutter", "path": ["/data/S3DIS/Stanford3dDataset_v1.2_Aligned_Version/Area_6/office_24/Annotations/clutter_16.txt"]}, {"id": 7, "parent": 43, "children": [], "label": "ceiling", "path": ["/data/S3DIS/Stanford3dDataset_v1.2_Aligned_Version/Area_6/office_24/Annotations/ceiling_1.txt"]}, {"id": 8, "parent": 55, "children": [], "label": "bookcase", "path": ["/data/S3DIS/Stanford3dDataset_v1.2_Aligned_Version/Area_6/office_24/Annotations/bookcase_3.txt"]}, {"id": 9, "parent": -1, "children": [], "label": "clutter", "path": ["/data/S3DIS/Stanford3dDataset_v1.2_Aligned_Version/Area_6/office_24/Annotations/clutter_9.txt"]}, {"id": 10, "parent": -1, "children": [], "label": "clutter", "path": ["/data/S3DIS/Stanford3dDataset_v1.2_Aligned_Version/Area_6/office_24/Annotations/clutter_2.txt"]}, {"id": 11, "parent": 40, "children": [], "label": "wall", "path": ["/data/S3DIS/Stanford3dDataset_v1.2_Aligned_Version/Area_6/office_24/Annotations/wall_2.txt"]}, {"id": 12, "parent": -1, "children": [], "label": "clutter", "path": ["/data/S3DIS/Stanford3dDataset_v1.2_Aligned_Version/Area_6/office_24/Annotations/clutter_1.txt"]}, {"id": 13, "parent": 44, "children": [], "label": "beam", "path": ["/data/S3DIS/Stanford3dDataset_v1.2_Aligned_Version/Area_6/office_24/Annotations/beam_1.txt"]}, {"id": 14, "parent": -1, "children": [], "label": "clutter", "path": ["/data/S3DIS/Stanford3dDataset_v1.2_Aligned_Version/Area_6/office_24/Annotations/clutter_12.txt"]}, {"id": 15, "parent": -1, "children": [], "label": "clutter", "path": ["/data/S3DIS/Stanford3dDataset_v1.2_Aligned_Version/Area_6/office_24/Annotations/clutter_7.txt"]}, {"id": 16, "parent": 51, "children": [], "label": "chair", "path": ["/data/S3DIS/Stanford3dDataset_v1.2_Aligned_Version/Area_6/office_24/Annotations/chair_1.txt"]}, {"id": 17, "parent": -1, "children": [], "label": "clutter", "path": ["/data/S3DIS/Stanford3dDataset_v1.2_Aligned_Version/Area_6/office_24/Annotations/clutter_8.txt"]}, {"id": 18, "parent": -1, "children": [], "label": "clutter", "path": ["/data/S3DIS/Stanford3dDataset_v1.2_Aligned_Version/Area_6/office_24/Annotations/clutter_6.txt"]}, {"id": 19, "parent": -1, "children": [], "label": "clutter", "path": ["/data/S3DIS/Stanford3dDataset_v1.2_Aligned_Version/Area_6/office_24/Annotations/clutter_19.txt"]}, {"id": 20, "parent": -1, "children": [], "label": "clutter", "path": ["/data/S3DIS/Stanford3dDataset_v1.2_Aligned_Version/Area_6/office_24/Annotations/clutter_10.txt"]}, {"id": 21, "parent": 42, "children": [], "label": "board", "path": ["/data/S3DIS/Stanford3dDataset_v1.2_Aligned_Version/Area_6/office_24/Annotations/board_1.txt"]}, {"id": 22, "parent": -1, "children": [], "label": "clutter", "path": ["/data/S3DIS/Stanford3dDataset_v1.2_Aligned_Version/Area_6/office_24/Annotations/clutter_18.txt"]}, {"id": 23, "parent": -1, "children": [], "label": "clutter", "path": ["/data/S3DIS/Stanford3dDataset_v1.2_Aligned_Version/Area_6/office_24/Annotations/clutter_4.txt"]}, {"id": 24, "parent": -1, "children": [], "label": "clutter", "path": ["/data/S3DIS/Stanford3dDataset_v1.2_Aligned_Version/Area_6/office_24/Annotations/clutter_11.txt"]}, {"id": 25, "parent": 45, "children": [], "label": "window", "path": ["/data/S3DIS/Stanford3dDataset_v1.2_Aligned_Version/Area_6/office_24/Annotations/window_1.txt"]}, {"id": 26, "parent": 51, "children": [], "label": "chair", "path": ["/data/S3DIS/Stanford3dDataset_v1.2_Aligned_Version/Area_6/office_24/Annotations/chair_4.txt"]}, {"id": 27, "parent": 53, "children": [], "label": "bookcase", "path": ["/data/S3DIS/Stanford3dDataset_v1.2_Aligned_Version/Area_6/office_24/Annotations/bookcase_1.txt"]}, {"id": 28, "parent": 40, "children": [], "label": "wall", "path": ["/data/S3DIS/Stanford3dDataset_v1.2_Aligned_Version/Area_6/office_24/Annotations/wall_1.txt"]}, {"id": 29, "parent": 41, "children": [], "label": "column", "path": ["/data/S3DIS/Stanford3dDataset_v1.2_Aligned_Version/Area_6/office_24/Annotations/column_1.txt"]}, {"id": 30, "parent": 51, "children": [], "label": "chair", "path": ["/data/S3DIS/Stanford3dDataset_v1.2_Aligned_Version/Area_6/office_24/Annotations/chair_3.txt"]}, {"id": 31, "parent": -1, "children": [], "label": "clutter", "path": ["/data/S3DIS/Stanford3dDataset_v1.2_Aligned_Version/Area_6/office_24/Annotations/clutter_14.txt"]}, {"id": 33, "parent": 50, "children": [], "label": "table", "path": ["/data/S3DIS/Stanford3dDataset_v1.2_Aligned_Version/Area_6/office_24/Annotations/table_1.txt"]}, {"id": 34, "parent": 40, "children": [], "label": "wall", "path": ["/data/S3DIS/Stanford3dDataset_v1.2_Aligned_Version/Area_6/office_24/Annotations/wall_4.txt"]}, {"id": 35, "parent": -1, "children": [], "label": "clutter", "path": ["/data/S3DIS/Stanford3dDataset_v1.2_Aligned_Version/Area_6/office_24/Annotations/clutter_15.txt"]}, {"id": 36, "parent": -1, "children": [], "label": "clutter", "path": ["/data/S3DIS/Stanford3dDataset_v1.2_Aligned_Version/Area_6/office_24/Annotations/clutter_3.txt"]}, {"id": 37, "parent": -1, "children": [], "label": "clutter", "path": ["/data/S3DIS/Stanford3dDataset_v1.2_Aligned_Version/Area_6/office_24/Annotations/clutter_17.txt"]}, {"id": 38, "parent": 51, "children": [], "label": "chair", "path": ["/data/S3DIS/Stanford3dDataset_v1.2_Aligned_Version/Area_6/office_24/Annotations/chair_2.txt"]}, {"id": 39, "parent": 40, "children": [], "label": "wall", "path": ["/data/S3DIS/Stanford3dDataset_v1.2_Aligned_Version/Area_6/office_24/Annotations/wall_3.txt"]}, {"id": 40, "parent": 48, "children": [11, 28, 34, 39], "label": "wall group", "path": ["/data/S3DIS/Stanford3dDataset_v1.2_Aligned_Version/Area_6/office_24/Annotations/wall_2.txt", "/data/S3DIS/Stanford3dDataset_v1.2_Aligned_Version/Area_6/office_24/Annotations/wall_1.txt", "/data/S3DIS/Stanford3dDataset_v1.2_Aligned_Version/Area_6/office_24/Annotations/wall_4.txt", "/data/S3DIS/Stanford3dDataset_v1.2_Aligned_Version/Area_6/office_24/Annotations/wall_3.txt"]}, {"id": 41, "parent": 48, "children": [29], "label": "column group", "path": ["/data/S3DIS/Stanford3dDataset_v1.2_Aligned_Version/Area_6/office_24/Annotations/column_1.txt"]}, {"id": 42, "parent": 48, "children": [21], "label": "board group", "path": ["/data/S3DIS/Stanford3dDataset_v1.2_Aligned_Version/Area_6/office_24/Annotations/board_1.txt"]}, {"id": 43, "parent": 48, "children": [7], "label": "ceiling group", "path": ["/data/S3DIS/Stanford3dDataset_v1.2_Aligned_Version/Area_6/office_24/Annotations/ceiling_1.txt"]}, {"id": 44, "parent": 48, "children": [13], "label": "beam group", "path": ["/data/S3DIS/Stanford3dDataset_v1.2_Aligned_Version/Area_6/office_24/Annotations/beam_1.txt"]}, {"id": 45, "parent": 48, "children": [25], "label": "window group", "path": ["/data/S3DIS/Stanford3dDataset_v1.2_Aligned_Version/Area_6/office_24/Annotations/window_1.txt"]}, {"id": 46, "parent": 48, "children": [0], "label": "floor group", "path": ["/data/S3DIS/Stanford3dDataset_v1.2_Aligned_Version/Area_6/office_24/Annotations/floor_1.txt"]}, {"id": 47, "parent": 49, "children": [2], "label": "door group", "path": ["/data/S3DIS/Stanford3dDataset_v1.2_Aligned_Version/Area_6/office_24/Annotations/door_1.txt"]}, {"id": 48, "parent": -1, "children": [40, 41, 42, 43, 44, 45, 46], "label": "building area", "path": ["/data/S3DIS/Stanford3dDataset_v1.2_Aligned_Version/Area_6/office_24/Annotations/wall_2.txt", "/data/S3DIS/Stanford3dDataset_v1.2_Aligned_Version/Area_6/office_24/Annotations/wall_1.txt", "/data/S3DIS/Stanford3dDataset_v1.2_Aligned_Version/Area_6/office_24/Annotations/wall_4.txt", "/data/S3DIS/Stanford3dDataset_v1.2_Aligned_Version/Area_6/office_24/Annotations/wall_3.txt", "/data/S3DIS/Stanford3dDataset_v1.2_Aligned_Version/Area_6/office_24/Annotations/column_1.txt", "/data/S3DIS/Stanford3dDataset_v1.2_Aligned_Version/Area_6/office_24/Annotations/board_1.txt", "/data/S3DIS/Stanford3dDataset_v1.2_Aligned_Version/Area_6/office_24/Annotations/ceiling_1.txt", "/data/S3DIS/Stanford3dDataset_v1.2_Aligned_Version/Area_6/office_24/Annotations/beam_1.txt", "/data/S3DIS/Stanford3dDataset_v1.2_Aligned_Version/Area_6/office_24/Annotations/window_1.txt", "/data/S3DIS/Stanford3dDataset_v1.2_Aligned_Version/Area_6/office_24/Annotations/floor_1.txt"]}, {"id": 49, "parent": -1, "children": [47], "label": "entrance area", "path": ["/data/S3DIS/Stanford3dDataset_v1.2_Aligned_Version/Area_6/office_24/Annotations/door_1.txt"]}, {"id": 50, "parent": 52, "children": [33], "label": "table group", "path": ["/data/S3DIS/Stanford3dDataset_v1.2_Aligned_Version/Area_6/office_24/Annotations/table_1.txt"]}, {"id": 51, "parent": 52, "children": [16, 26, 30, 38], "label": "chair group", "path": ["/data/S3DIS/Stanford3dDataset_v1.2_Aligned_Version/Area_6/office_24/Annotations/chair_1.txt", "/data/S3DIS/Stanford3dDataset_v1.2_Aligned_Version/Area_6/office_24/Annotations/chair_4.txt", "/data/S3DIS/Stanford3dDataset_v1.2_Aligned_Version/Area_6/office_24/Annotations/chair_3.txt", "/data/S3DIS/Stanford3dDataset_v1.2_Aligned_Version/Area_6/office_24/Annotations/chair_2.txt"]}, {"id": 52, "parent": -1, "children": [50, 51], "label": "office area", "path": ["/data/S3DIS/Stanford3dDataset_v1.2_Aligned_Version/Area_6/office_24/Annotations/table_1.txt", "/data/S3DIS/Stanford3dDataset_v1.2_Aligned_Version/Area_6/office_24/Annotations/chair_1.txt", "/data/S3DIS/Stanford3dDataset_v1.2_Aligned_Version/Area_6/office_24/Annotations/chair_4.txt", "/data/S3DIS/Stanford3dDataset_v1.2_Aligned_Version/Area_6/office_24/Annotations/chair_3.txt", "/data/S3DIS/Stanford3dDataset_v1.2_Aligned_Version/Area_6/office_24/Annotations/chair_2.txt"]}, {"id": 53, "parent": 57, "children": [27], "label": "bookcase group", "path": ["/data/S3DIS/Stanford3dDataset_v1.2_Aligned_Version/Area_6/office_24/Annotations/bookcase_1.txt"]}, {"id": 54, "parent": 58, "children": [3], "label": "bookcase group", "path": ["/data/S3DIS/Stanford3dDataset_v1.2_Aligned_Version/Area_6/office_24/Annotations/bookcase_2.txt"]}, {"id": 55, "parent": 56, "children": [8], "label": "bookcase group", "path": ["/data/S3DIS/Stanford3dDataset_v1.2_Aligned_Version/Area_6/office_24/Annotations/bookcase_3.txt"]}, {"id": 56, "parent": -1, "children": [55], "label": "case area", "path": ["/data/S3DIS/Stanford3dDataset_v1.2_Aligned_Version/Area_6/office_24/Annotations/bookcase_3.txt"]}, {"id": 57, "parent": -1, "children": [53], "label": "case area", "path": ["/data/S3DIS/Stanford3dDataset_v1.2_Aligned_Version/Area_6/office_24/Annotations/bookcase_1.txt"]}, {"id": 58, "parent": -1, "children": [54], "label": "case area", "path": ["/data/S3DIS/Stanford3dDataset_v1.2_Aligned_Version/Area_6/office_24/Annotations/bookcase_2.txt"]}]