[{"id": 0, "parent": 26, "children": [], "label": "floor", "path": ["/data/S3DIS/Stanford3dDataset_v1.2_Aligned_Version/Area_6/office_18/Annotations/floor_1.txt"]}, {"id": 1, "parent": 27, "children": [], "label": "door", "path": ["/data/S3DIS/Stanford3dDataset_v1.2_Aligned_Version/Area_6/office_18/Annotations/door_1.txt"]}, {"id": 2, "parent": -1, "children": [], "label": "clutter", "path": ["/data/S3DIS/Stanford3dDataset_v1.2_Aligned_Version/Area_6/office_18/Annotations/clutter_5.txt"]}, {"id": 4, "parent": 23, "children": [], "label": "ceiling", "path": ["/data/S3DIS/Stanford3dDataset_v1.2_Aligned_Version/Area_6/office_18/Annotations/ceiling_1.txt"]}, {"id": 5, "parent": -1, "children": [], "label": "clutter", "path": ["/data/S3DIS/Stanford3dDataset_v1.2_Aligned_Version/Area_6/office_18/Annotations/clutter_2.txt"]}, {"id": 6, "parent": 22, "children": [], "label": "wall", "path": ["/data/S3DIS/Stanford3dDataset_v1.2_Aligned_Version/Area_6/office_18/Annotations/wall_2.txt"]}, {"id": 7, "parent": -1, "children": [], "label": "clutter", "path": ["/data/S3DIS/Stanford3dDataset_v1.2_Aligned_Version/Area_6/office_18/Annotations/clutter_1.txt"]}, {"id": 8, "parent": 25, "children": [], "label": "beam", "path": ["/data/S3DIS/Stanford3dDataset_v1.2_Aligned_Version/Area_6/office_18/Annotations/beam_1.txt"]}, {"id": 9, "parent": -1, "children": [], "label": "clutter", "path": ["/data/S3DIS/Stanford3dDataset_v1.2_Aligned_Version/Area_6/office_18/Annotations/clutter_7.txt"]}, {"id": 10, "parent": 31, "children": [], "label": "chair", "path": ["/data/S3DIS/Stanford3dDataset_v1.2_Aligned_Version/Area_6/office_18/Annotations/chair_1.txt"]}, {"id": 11, "parent": -1, "children": [], "label": "clutter", "path": ["/data/S3DIS/Stanford3dDataset_v1.2_Aligned_Version/Area_6/office_18/Annotations/clutter_8.txt"]}, {"id": 12, "parent": -1, "children": [], "label": "clutter", "path": ["/data/S3DIS/Stanford3dDataset_v1.2_Aligned_Version/Area_6/office_18/Annotations/clutter_6.txt"]}, {"id": 13, "parent": 24, "children": [], "label": "board", "path": ["/data/S3DIS/Stanford3dDataset_v1.2_Aligned_Version/Area_6/office_18/Annotations/board_1.txt"]}, {"id": 14, "parent": -1, "children": [], "label": "clutter", "path": ["/data/S3DIS/Stanford3dDataset_v1.2_Aligned_Version/Area_6/office_18/Annotations/clutter_4.txt"]}, {"id": 15, "parent": 22, "children": [], "label": "wall", "path": ["/data/S3DIS/Stanford3dDataset_v1.2_Aligned_Version/Area_6/office_18/Annotations/wall_1.txt"]}, {"id": 17, "parent": 30, "children": [], "label": "table", "path": ["/data/S3DIS/Stanford3dDataset_v1.2_Aligned_Version/Area_6/office_18/Annotations/table_1.txt"]}, {"id": 18, "parent": 22, "children": [], "label": "wall", "path": ["/data/S3DIS/Stanford3dDataset_v1.2_Aligned_Version/Area_6/office_18/Annotations/wall_4.txt"]}, {"id": 19, "parent": -1, "children": [], "label": "clutter", "path": ["/data/S3DIS/Stanford3dDataset_v1.2_Aligned_Version/Area_6/office_18/Annotations/clutter_3.txt"]}, {"id": 20, "parent": 31, "children": [], "label": "chair", "path": ["/data/S3DIS/Stanford3dDataset_v1.2_Aligned_Version/Area_6/office_18/Annotations/chair_2.txt"]}, {"id": 21, "parent": 22, "children": [], "label": "wall", "path": ["/data/S3DIS/Stanford3dDataset_v1.2_Aligned_Version/Area_6/office_18/Annotations/wall_3.txt"]}, {"id": 22, "parent": 28, "children": [6, 15, 18, 21], "label": "wall group", "path": ["/data/S3DIS/Stanford3dDataset_v1.2_Aligned_Version/Area_6/office_18/Annotations/wall_2.txt", "/data/S3DIS/Stanford3dDataset_v1.2_Aligned_Version/Area_6/office_18/Annotations/wall_1.txt", "/data/S3DIS/Stanford3dDataset_v1.2_Aligned_Version/Area_6/office_18/Annotations/wall_4.txt", "/data/S3DIS/Stanford3dDataset_v1.2_Aligned_Version/Area_6/office_18/Annotations/wall_3.txt"]}, {"id": 23, "parent": 28, "children": [4], "label": "ceiling group", "path": ["/data/S3DIS/Stanford3dDataset_v1.2_Aligned_Version/Area_6/office_18/Annotations/ceiling_1.txt"]}, {"id": 24, "parent": 28, "children": [13], "label": "board group", "path": ["/data/S3DIS/Stanford3dDataset_v1.2_Aligned_Version/Area_6/office_18/Annotations/board_1.txt"]}, {"id": 25, "parent": 28, "children": [8], "label": "beam group", "path": ["/data/S3DIS/Stanford3dDataset_v1.2_Aligned_Version/Area_6/office_18/Annotations/beam_1.txt"]}, {"id": 26, "parent": 28, "children": [0], "label": "floor group", "path": ["/data/S3DIS/Stanford3dDataset_v1.2_Aligned_Version/Area_6/office_18/Annotations/floor_1.txt"]}, {"id": 27, "parent": 29, "children": [1], "label": "door group", "path": ["/data/S3DIS/Stanford3dDataset_v1.2_Aligned_Version/Area_6/office_18/Annotations/door_1.txt"]}, {"id": 28, "parent": -1, "children": [22, 23, 24, 25, 26], "label": "building area", "path": ["/data/S3DIS/Stanford3dDataset_v1.2_Aligned_Version/Area_6/office_18/Annotations/wall_2.txt", "/data/S3DIS/Stanford3dDataset_v1.2_Aligned_Version/Area_6/office_18/Annotations/wall_1.txt", "/data/S3DIS/Stanford3dDataset_v1.2_Aligned_Version/Area_6/office_18/Annotations/wall_4.txt", "/data/S3DIS/Stanford3dDataset_v1.2_Aligned_Version/Area_6/office_18/Annotations/wall_3.txt", "/data/S3DIS/Stanford3dDataset_v1.2_Aligned_Version/Area_6/office_18/Annotations/ceiling_1.txt", "/data/S3DIS/Stanford3dDataset_v1.2_Aligned_Version/Area_6/office_18/Annotations/board_1.txt", "/data/S3DIS/Stanford3dDataset_v1.2_Aligned_Version/Area_6/office_18/Annotations/beam_1.txt", "/data/S3DIS/Stanford3dDataset_v1.2_Aligned_Version/Area_6/office_18/Annotations/floor_1.txt"]}, {"id": 29, "parent": -1, "children": [27], "label": "entrance area", "path": ["/data/S3DIS/Stanford3dDataset_v1.2_Aligned_Version/Area_6/office_18/Annotations/door_1.txt"]}, {"id": 30, "parent": 32, "children": [17], "label": "table group", "path": ["/data/S3DIS/Stanford3dDataset_v1.2_Aligned_Version/Area_6/office_18/Annotations/table_1.txt"]}, {"id": 31, "parent": 32, "children": [10, 20], "label": "chair group", "path": ["/data/S3DIS/Stanford3dDataset_v1.2_Aligned_Version/Area_6/office_18/Annotations/chair_1.txt", "/data/S3DIS/Stanford3dDataset_v1.2_Aligned_Version/Area_6/office_18/Annotations/chair_2.txt"]}, {"id": 32, "parent": -1, "children": [30, 31], "label": "office area", "path": ["/data/S3DIS/Stanford3dDataset_v1.2_Aligned_Version/Area_6/office_18/Annotations/table_1.txt", "/data/S3DIS/Stanford3dDataset_v1.2_Aligned_Version/Area_6/office_18/Annotations/chair_1.txt", "/data/S3DIS/Stanford3dDataset_v1.2_Aligned_Version/Area_6/office_18/Annotations/chair_2.txt"]}]