[{"id": 0, "parent": 24, "children": [], "label": "floor", "path": ["/data/S3DIS/Stanford3dDataset_v1.2_Aligned_Version/Area_6/office_19/Annotations/floor_1.txt"]}, {"id": 1, "parent": 25, "children": [], "label": "door", "path": ["/data/S3DIS/Stanford3dDataset_v1.2_Aligned_Version/Area_6/office_19/Annotations/door_1.txt"]}, {"id": 2, "parent": 27, "children": [], "label": "bookcase", "path": ["/data/S3DIS/Stanford3dDataset_v1.2_Aligned_Version/Area_6/office_19/Annotations/bookcase_2.txt"]}, {"id": 3, "parent": -1, "children": [], "label": "clutter", "path": ["/data/S3DIS/Stanford3dDataset_v1.2_Aligned_Version/Area_6/office_19/Annotations/clutter_5.txt"]}, {"id": 5, "parent": 23, "children": [], "label": "ceiling", "path": ["/data/S3DIS/Stanford3dDataset_v1.2_Aligned_Version/Area_6/office_19/Annotations/ceiling_1.txt"]}, {"id": 6, "parent": -1, "children": [], "label": "clutter", "path": ["/data/S3DIS/Stanford3dDataset_v1.2_Aligned_Version/Area_6/office_19/Annotations/clutter_2.txt"]}, {"id": 7, "parent": 21, "children": [], "label": "wall", "path": ["/data/S3DIS/Stanford3dDataset_v1.2_Aligned_Version/Area_6/office_19/Annotations/wall_2.txt"]}, {"id": 8, "parent": -1, "children": [], "label": "clutter", "path": ["/data/S3DIS/Stanford3dDataset_v1.2_Aligned_Version/Area_6/office_19/Annotations/clutter_1.txt"]}, {"id": 9, "parent": 22, "children": [], "label": "beam", "path": ["/data/S3DIS/Stanford3dDataset_v1.2_Aligned_Version/Area_6/office_19/Annotations/beam_1.txt"]}, {"id": 10, "parent": 31, "children": [], "label": "chair", "path": ["/data/S3DIS/Stanford3dDataset_v1.2_Aligned_Version/Area_6/office_19/Annotations/chair_1.txt"]}, {"id": 11, "parent": -1, "children": [], "label": "clutter", "path": ["/data/S3DIS/Stanford3dDataset_v1.2_Aligned_Version/Area_6/office_19/Annotations/clutter_6.txt"]}, {"id": 12, "parent": -1, "children": [], "label": "clutter", "path": ["/data/S3DIS/Stanford3dDataset_v1.2_Aligned_Version/Area_6/office_19/Annotations/clutter_4.txt"]}, {"id": 13, "parent": 27, "children": [], "label": "bookcase", "path": ["/data/S3DIS/Stanford3dDataset_v1.2_Aligned_Version/Area_6/office_19/Annotations/bookcase_1.txt"]}, {"id": 14, "parent": 21, "children": [], "label": "wall", "path": ["/data/S3DIS/Stanford3dDataset_v1.2_Aligned_Version/Area_6/office_19/Annotations/wall_1.txt"]}, {"id": 16, "parent": 30, "children": [], "label": "table", "path": ["/data/S3DIS/Stanford3dDataset_v1.2_Aligned_Version/Area_6/office_19/Annotations/table_1.txt"]}, {"id": 17, "parent": 21, "children": [], "label": "wall", "path": ["/data/S3DIS/Stanford3dDataset_v1.2_Aligned_Version/Area_6/office_19/Annotations/wall_4.txt"]}, {"id": 18, "parent": -1, "children": [], "label": "clutter", "path": ["/data/S3DIS/Stanford3dDataset_v1.2_Aligned_Version/Area_6/office_19/Annotations/clutter_3.txt"]}, {"id": 19, "parent": 31, "children": [], "label": "chair", "path": ["/data/S3DIS/Stanford3dDataset_v1.2_Aligned_Version/Area_6/office_19/Annotations/chair_2.txt"]}, {"id": 20, "parent": 21, "children": [], "label": "wall", "path": ["/data/S3DIS/Stanford3dDataset_v1.2_Aligned_Version/Area_6/office_19/Annotations/wall_3.txt"]}, {"id": 21, "parent": 29, "children": [7, 14, 17, 20], "label": "wall group", "path": ["/data/S3DIS/Stanford3dDataset_v1.2_Aligned_Version/Area_6/office_19/Annotations/wall_2.txt", "/data/S3DIS/Stanford3dDataset_v1.2_Aligned_Version/Area_6/office_19/Annotations/wall_1.txt", "/data/S3DIS/Stanford3dDataset_v1.2_Aligned_Version/Area_6/office_19/Annotations/wall_4.txt", "/data/S3DIS/Stanford3dDataset_v1.2_Aligned_Version/Area_6/office_19/Annotations/wall_3.txt"]}, {"id": 22, "parent": 29, "children": [9], "label": "beam group", "path": ["/data/S3DIS/Stanford3dDataset_v1.2_Aligned_Version/Area_6/office_19/Annotations/beam_1.txt"]}, {"id": 23, "parent": 29, "children": [5], "label": "ceiling group", "path": ["/data/S3DIS/Stanford3dDataset_v1.2_Aligned_Version/Area_6/office_19/Annotations/ceiling_1.txt"]}, {"id": 24, "parent": 29, "children": [0], "label": "floor group", "path": ["/data/S3DIS/Stanford3dDataset_v1.2_Aligned_Version/Area_6/office_19/Annotations/floor_1.txt"]}, {"id": 25, "parent": 26, "children": [1], "label": "door group", "path": ["/data/S3DIS/Stanford3dDataset_v1.2_Aligned_Version/Area_6/office_19/Annotations/door_1.txt"]}, {"id": 26, "parent": -1, "children": [25], "label": "entrance area", "path": ["/data/S3DIS/Stanford3dDataset_v1.2_Aligned_Version/Area_6/office_19/Annotations/door_1.txt"]}, {"id": 27, "parent": 28, "children": [2, 13], "label": "bookcase group", "path": ["/data/S3DIS/Stanford3dDataset_v1.2_Aligned_Version/Area_6/office_19/Annotations/bookcase_2.txt", "/data/S3DIS/Stanford3dDataset_v1.2_Aligned_Version/Area_6/office_19/Annotations/bookcase_1.txt"]}, {"id": 28, "parent": -1, "children": [27], "label": "case area", "path": ["/data/S3DIS/Stanford3dDataset_v1.2_Aligned_Version/Area_6/office_19/Annotations/bookcase_2.txt", "/data/S3DIS/Stanford3dDataset_v1.2_Aligned_Version/Area_6/office_19/Annotations/bookcase_1.txt"]}, {"id": 29, "parent": -1, "children": [21, 22, 23, 24], "label": "building area", "path": ["/data/S3DIS/Stanford3dDataset_v1.2_Aligned_Version/Area_6/office_19/Annotations/wall_2.txt", "/data/S3DIS/Stanford3dDataset_v1.2_Aligned_Version/Area_6/office_19/Annotations/wall_1.txt", "/data/S3DIS/Stanford3dDataset_v1.2_Aligned_Version/Area_6/office_19/Annotations/wall_4.txt", "/data/S3DIS/Stanford3dDataset_v1.2_Aligned_Version/Area_6/office_19/Annotations/wall_3.txt", "/data/S3DIS/Stanford3dDataset_v1.2_Aligned_Version/Area_6/office_19/Annotations/beam_1.txt", "/data/S3DIS/Stanford3dDataset_v1.2_Aligned_Version/Area_6/office_19/Annotations/ceiling_1.txt", "/data/S3DIS/Stanford3dDataset_v1.2_Aligned_Version/Area_6/office_19/Annotations/floor_1.txt"]}, {"id": 30, "parent": 32, "children": [16], "label": "table group", "path": ["/data/S3DIS/Stanford3dDataset_v1.2_Aligned_Version/Area_6/office_19/Annotations/table_1.txt"]}, {"id": 31, "parent": 32, "children": [10, 19], "label": "chair group", "path": ["/data/S3DIS/Stanford3dDataset_v1.2_Aligned_Version/Area_6/office_19/Annotations/chair_1.txt", "/data/S3DIS/Stanford3dDataset_v1.2_Aligned_Version/Area_6/office_19/Annotations/chair_2.txt"]}, {"id": 32, "parent": -1, "children": [30, 31], "label": "office area", "path": ["/data/S3DIS/Stanford3dDataset_v1.2_Aligned_Version/Area_6/office_19/Annotations/table_1.txt", "/data/S3DIS/Stanford3dDataset_v1.2_Aligned_Version/Area_6/office_19/Annotations/chair_1.txt", "/data/S3DIS/Stanford3dDataset_v1.2_Aligned_Version/Area_6/office_19/Annotations/chair_2.txt"]}]