[{"id": 0, "parent": 18, "children": [], "label": "floor", "path": ["/data/S3DIS/Stanford3dDataset_v1.2_Aligned_Version/Area_6/office_13/Annotations/floor_1.txt"]}, {"id": 1, "parent": 19, "children": [], "label": "door", "path": ["/data/S3DIS/Stanford3dDataset_v1.2_Aligned_Version/Area_6/office_13/Annotations/door_1.txt"]}, {"id": 3, "parent": 17, "children": [], "label": "ceiling", "path": ["/data/S3DIS/Stanford3dDataset_v1.2_Aligned_Version/Area_6/office_13/Annotations/ceiling_1.txt"]}, {"id": 4, "parent": -1, "children": [], "label": "clutter", "path": ["/data/S3DIS/Stanford3dDataset_v1.2_Aligned_Version/Area_6/office_13/Annotations/clutter_2.txt"]}, {"id": 5, "parent": 15, "children": [], "label": "wall", "path": ["/data/S3DIS/Stanford3dDataset_v1.2_Aligned_Version/Area_6/office_13/Annotations/wall_2.txt"]}, {"id": 6, "parent": -1, "children": [], "label": "clutter", "path": ["/data/S3DIS/Stanford3dDataset_v1.2_Aligned_Version/Area_6/office_13/Annotations/clutter_1.txt"]}, {"id": 7, "parent": 16, "children": [], "label": "beam", "path": ["/data/S3DIS/Stanford3dDataset_v1.2_Aligned_Version/Area_6/office_13/Annotations/beam_1.txt"]}, {"id": 8, "parent": 22, "children": [], "label": "chair", "path": ["/data/S3DIS/Stanford3dDataset_v1.2_Aligned_Version/Area_6/office_13/Annotations/chair_1.txt"]}, {"id": 9, "parent": 15, "children": [], "label": "wall", "path": ["/data/S3DIS/Stanford3dDataset_v1.2_Aligned_Version/Area_6/office_13/Annotations/wall_1.txt"]}, {"id": 11, "parent": 21, "children": [], "label": "table", "path": ["/data/S3DIS/Stanford3dDataset_v1.2_Aligned_Version/Area_6/office_13/Annotations/table_1.txt"]}, {"id": 12, "parent": 15, "children": [], "label": "wall", "path": ["/data/S3DIS/Stanford3dDataset_v1.2_Aligned_Version/Area_6/office_13/Annotations/wall_4.txt"]}, {"id": 13, "parent": -1, "children": [], "label": "clutter", "path": ["/data/S3DIS/Stanford3dDataset_v1.2_Aligned_Version/Area_6/office_13/Annotations/clutter_3.txt"]}, {"id": 14, "parent": 15, "children": [], "label": "wall", "path": ["/data/S3DIS/Stanford3dDataset_v1.2_Aligned_Version/Area_6/office_13/Annotations/wall_3.txt"]}, {"id": 15, "parent": 20, "children": [5, 9, 12, 14], "label": "wall group", "path": ["/data/S3DIS/Stanford3dDataset_v1.2_Aligned_Version/Area_6/office_13/Annotations/wall_2.txt", "/data/S3DIS/Stanford3dDataset_v1.2_Aligned_Version/Area_6/office_13/Annotations/wall_1.txt", "/data/S3DIS/Stanford3dDataset_v1.2_Aligned_Version/Area_6/office_13/Annotations/wall_4.txt", "/data/S3DIS/Stanford3dDataset_v1.2_Aligned_Version/Area_6/office_13/Annotations/wall_3.txt"]}, {"id": 16, "parent": 20, "children": [7], "label": "beam group", "path": ["/data/S3DIS/Stanford3dDataset_v1.2_Aligned_Version/Area_6/office_13/Annotations/beam_1.txt"]}, {"id": 17, "parent": 20, "children": [3], "label": "ceiling group", "path": ["/data/S3DIS/Stanford3dDataset_v1.2_Aligned_Version/Area_6/office_13/Annotations/ceiling_1.txt"]}, {"id": 18, "parent": 20, "children": [0], "label": "floor group", "path": ["/data/S3DIS/Stanford3dDataset_v1.2_Aligned_Version/Area_6/office_13/Annotations/floor_1.txt"]}, {"id": 19, "parent": 24, "children": [1], "label": "door group", "path": ["/data/S3DIS/Stanford3dDataset_v1.2_Aligned_Version/Area_6/office_13/Annotations/door_1.txt"]}, {"id": 20, "parent": -1, "children": [15, 16, 17, 18], "label": "building area", "path": ["/data/S3DIS/Stanford3dDataset_v1.2_Aligned_Version/Area_6/office_13/Annotations/wall_2.txt", "/data/S3DIS/Stanford3dDataset_v1.2_Aligned_Version/Area_6/office_13/Annotations/wall_1.txt", "/data/S3DIS/Stanford3dDataset_v1.2_Aligned_Version/Area_6/office_13/Annotations/wall_4.txt", "/data/S3DIS/Stanford3dDataset_v1.2_Aligned_Version/Area_6/office_13/Annotations/wall_3.txt", "/data/S3DIS/Stanford3dDataset_v1.2_Aligned_Version/Area_6/office_13/Annotations/beam_1.txt", "/data/S3DIS/Stanford3dDataset_v1.2_Aligned_Version/Area_6/office_13/Annotations/ceiling_1.txt", "/data/S3DIS/Stanford3dDataset_v1.2_Aligned_Version/Area_6/office_13/Annotations/floor_1.txt"]}, {"id": 21, "parent": 23, "children": [11], "label": "table group", "path": ["/data/S3DIS/Stanford3dDataset_v1.2_Aligned_Version/Area_6/office_13/Annotations/table_1.txt"]}, {"id": 22, "parent": 23, "children": [8], "label": "chair group", "path": ["/data/S3DIS/Stanford3dDataset_v1.2_Aligned_Version/Area_6/office_13/Annotations/chair_1.txt"]}, {"id": 23, "parent": -1, "children": [21, 22], "label": "office area", "path": ["/data/S3DIS/Stanford3dDataset_v1.2_Aligned_Version/Area_6/office_13/Annotations/table_1.txt", "/data/S3DIS/Stanford3dDataset_v1.2_Aligned_Version/Area_6/office_13/Annotations/chair_1.txt"]}, {"id": 24, "parent": -1, "children": [19], "label": "entrance area", "path": ["/data/S3DIS/Stanford3dDataset_v1.2_Aligned_Version/Area_6/office_13/Annotations/door_1.txt"]}]