[{"id": 0, "parent": 38, "children": [], "label": "chair", "path": ["/data/S3DIS/Stanford3dDataset_v1.2_Aligned_Version/Area_5/conferenceRoom_1/Annotations/chair_8.txt"]}, {"id": 1, "parent": 30, "children": [], "label": "floor", "path": ["/data/S3DIS/Stanford3dDataset_v1.2_Aligned_Version/Area_5/conferenceRoom_1/Annotations/floor_1.txt"]}, {"id": 2, "parent": 31, "children": [], "label": "door", "path": ["/data/S3DIS/Stanford3dDataset_v1.2_Aligned_Version/Area_5/conferenceRoom_1/Annotations/door_1.txt"]}, {"id": 3, "parent": -1, "children": [], "label": "clutter", "path": ["/data/S3DIS/Stanford3dDataset_v1.2_Aligned_Version/Area_5/conferenceRoom_1/Annotations/clutter_5.txt"]}, {"id": 4, "parent": 37, "children": [], "label": "table", "path": ["/data/S3DIS/Stanford3dDataset_v1.2_Aligned_Version/Area_5/conferenceRoom_1/Annotations/table_2.txt"]}, {"id": 5, "parent": 32, "children": [], "label": "ceiling", "path": ["/data/S3DIS/Stanford3dDataset_v1.2_Aligned_Version/Area_5/conferenceRoom_1/Annotations/ceiling_1.txt"]}, {"id": 6, "parent": -1, "children": [], "label": "clutter", "path": ["/data/S3DIS/Stanford3dDataset_v1.2_Aligned_Version/Area_5/conferenceRoom_1/Annotations/clutter_2.txt"]}, {"id": 7, "parent": 33, "children": [], "label": "wall", "path": ["/data/S3DIS/Stanford3dDataset_v1.2_Aligned_Version/Area_5/conferenceRoom_1/Annotations/wall_2.txt"]}, {"id": 8, "parent": -1, "children": [], "label": "clutter", "path": ["/data/S3DIS/Stanford3dDataset_v1.2_Aligned_Version/Area_5/conferenceRoom_1/Annotations/clutter_1.txt"]}, {"id": 9, "parent": -1, "children": [], "label": "clutter", "path": ["/data/S3DIS/Stanford3dDataset_v1.2_Aligned_Version/Area_5/conferenceRoom_1/Annotations/clutter_7.txt"]}, {"id": 10, "parent": 39, "children": [], "label": "chair", "path": ["/data/S3DIS/Stanford3dDataset_v1.2_Aligned_Version/Area_5/conferenceRoom_1/Annotations/chair_1.txt"]}, {"id": 11, "parent": -1, "children": [], "label": "clutter", "path": ["/data/S3DIS/Stanford3dDataset_v1.2_Aligned_Version/Area_5/conferenceRoom_1/Annotations/clutter_8.txt"]}, {"id": 12, "parent": 38, "children": [], "label": "chair", "path": ["/data/S3DIS/Stanford3dDataset_v1.2_Aligned_Version/Area_5/conferenceRoom_1/Annotations/chair_9.txt"]}, {"id": 13, "parent": -1, "children": [], "label": "clutter", "path": ["/data/S3DIS/Stanford3dDataset_v1.2_Aligned_Version/Area_5/conferenceRoom_1/Annotations/clutter_6.txt"]}, {"id": 14, "parent": 38, "children": [], "label": "chair", "path": ["/data/S3DIS/Stanford3dDataset_v1.2_Aligned_Version/Area_5/conferenceRoom_1/Annotations/chair_6.txt"]}, {"id": 15, "parent": 34, "children": [], "label": "board", "path": ["/data/S3DIS/Stanford3dDataset_v1.2_Aligned_Version/Area_5/conferenceRoom_1/Annotations/board_1.txt"]}, {"id": 16, "parent": -1, "children": [], "label": "clutter", "path": ["/data/S3DIS/Stanford3dDataset_v1.2_Aligned_Version/Area_5/conferenceRoom_1/Annotations/clutter_4.txt"]}, {"id": 17, "parent": 38, "children": [], "label": "chair", "path": ["/data/S3DIS/Stanford3dDataset_v1.2_Aligned_Version/Area_5/conferenceRoom_1/Annotations/chair_5.txt"]}, {"id": 18, "parent": 35, "children": [], "label": "window", "path": ["/data/S3DIS/Stanford3dDataset_v1.2_Aligned_Version/Area_5/conferenceRoom_1/Annotations/window_1.txt"]}, {"id": 19, "parent": 38, "children": [], "label": "chair", "path": ["/data/S3DIS/Stanford3dDataset_v1.2_Aligned_Version/Area_5/conferenceRoom_1/Annotations/chair_4.txt"]}, {"id": 20, "parent": 33, "children": [], "label": "wall", "path": ["/data/S3DIS/Stanford3dDataset_v1.2_Aligned_Version/Area_5/conferenceRoom_1/Annotations/wall_1.txt"]}, {"id": 21, "parent": 38, "children": [], "label": "chair", "path": ["/data/S3DIS/Stanford3dDataset_v1.2_Aligned_Version/Area_5/conferenceRoom_1/Annotations/chair_7.txt"]}, {"id": 22, "parent": 36, "children": [], "label": "column", "path": ["/data/S3DIS/Stanford3dDataset_v1.2_Aligned_Version/Area_5/conferenceRoom_1/Annotations/column_1.txt"]}, {"id": 23, "parent": 38, "children": [], "label": "chair", "path": ["/data/S3DIS/Stanford3dDataset_v1.2_Aligned_Version/Area_5/conferenceRoom_1/Annotations/chair_3.txt"]}, {"id": 25, "parent": 37, "children": [], "label": "table", "path": ["/data/S3DIS/Stanford3dDataset_v1.2_Aligned_Version/Area_5/conferenceRoom_1/Annotations/table_1.txt"]}, {"id": 26, "parent": 33, "children": [], "label": "wall", "path": ["/data/S3DIS/Stanford3dDataset_v1.2_Aligned_Version/Area_5/conferenceRoom_1/Annotations/wall_4.txt"]}, {"id": 27, "parent": -1, "children": [], "label": "clutter", "path": ["/data/S3DIS/Stanford3dDataset_v1.2_Aligned_Version/Area_5/conferenceRoom_1/Annotations/clutter_3.txt"]}, {"id": 28, "parent": 39, "children": [], "label": "chair", "path": ["/data/S3DIS/Stanford3dDataset_v1.2_Aligned_Version/Area_5/conferenceRoom_1/Annotations/chair_2.txt"]}, {"id": 29, "parent": 33, "children": [], "label": "wall", "path": ["/data/S3DIS/Stanford3dDataset_v1.2_Aligned_Version/Area_5/conferenceRoom_1/Annotations/wall_3.txt"]}, {"id": 30, "parent": 40, "children": [1], "label": "floor group", "path": ["/data/S3DIS/Stanford3dDataset_v1.2_Aligned_Version/Area_5/conferenceRoom_1/Annotations/floor_1.txt"]}, {"id": 31, "parent": 41, "children": [2], "label": "door group", "path": ["/data/S3DIS/Stanford3dDataset_v1.2_Aligned_Version/Area_5/conferenceRoom_1/Annotations/door_1.txt"]}, {"id": 32, "parent": 40, "children": [5], "label": "ceiling group", "path": ["/data/S3DIS/Stanford3dDataset_v1.2_Aligned_Version/Area_5/conferenceRoom_1/Annotations/ceiling_1.txt"]}, {"id": 33, "parent": 40, "children": [7, 20, 26, 29], "label": "wall group", "path": ["/data/S3DIS/Stanford3dDataset_v1.2_Aligned_Version/Area_5/conferenceRoom_1/Annotations/wall_2.txt", "/data/S3DIS/Stanford3dDataset_v1.2_Aligned_Version/Area_5/conferenceRoom_1/Annotations/wall_1.txt", "/data/S3DIS/Stanford3dDataset_v1.2_Aligned_Version/Area_5/conferenceRoom_1/Annotations/wall_4.txt", "/data/S3DIS/Stanford3dDataset_v1.2_Aligned_Version/Area_5/conferenceRoom_1/Annotations/wall_3.txt"]}, {"id": 34, "parent": 40, "children": [15], "label": "board group", "path": ["/data/S3DIS/Stanford3dDataset_v1.2_Aligned_Version/Area_5/conferenceRoom_1/Annotations/board_1.txt"]}, {"id": 35, "parent": 40, "children": [18], "label": "window group", "path": ["/data/S3DIS/Stanford3dDataset_v1.2_Aligned_Version/Area_5/conferenceRoom_1/Annotations/window_1.txt"]}, {"id": 36, "parent": 40, "children": [22], "label": "column group", "path": ["/data/S3DIS/Stanford3dDataset_v1.2_Aligned_Version/Area_5/conferenceRoom_1/Annotations/column_1.txt"]}, {"id": 37, "parent": 42, "children": [4, 25], "label": "table group", "path": ["/data/S3DIS/Stanford3dDataset_v1.2_Aligned_Version/Area_5/conferenceRoom_1/Annotations/table_2.txt", "/data/S3DIS/Stanford3dDataset_v1.2_Aligned_Version/Area_5/conferenceRoom_1/Annotations/table_1.txt"]}, {"id": 38, "parent": 42, "children": [0, 12, 14, 17, 19, 21, 23], "label": "chair group", "path": ["/data/S3DIS/Stanford3dDataset_v1.2_Aligned_Version/Area_5/conferenceRoom_1/Annotations/chair_8.txt", "/data/S3DIS/Stanford3dDataset_v1.2_Aligned_Version/Area_5/conferenceRoom_1/Annotations/chair_9.txt", "/data/S3DIS/Stanford3dDataset_v1.2_Aligned_Version/Area_5/conferenceRoom_1/Annotations/chair_6.txt", "/data/S3DIS/Stanford3dDataset_v1.2_Aligned_Version/Area_5/conferenceRoom_1/Annotations/chair_5.txt", "/data/S3DIS/Stanford3dDataset_v1.2_Aligned_Version/Area_5/conferenceRoom_1/Annotations/chair_4.txt", "/data/S3DIS/Stanford3dDataset_v1.2_Aligned_Version/Area_5/conferenceRoom_1/Annotations/chair_7.txt", "/data/S3DIS/Stanford3dDataset_v1.2_Aligned_Version/Area_5/conferenceRoom_1/Annotations/chair_3.txt"]}, {"id": 39, "parent": 43, "children": [10, 28], "label": "chair group", "path": ["/data/S3DIS/Stanford3dDataset_v1.2_Aligned_Version/Area_5/conferenceRoom_1/Annotations/chair_1.txt", "/data/S3DIS/Stanford3dDataset_v1.2_Aligned_Version/Area_5/conferenceRoom_1/Annotations/chair_2.txt"]}, {"id": 40, "parent": -1, "children": [30, 32, 33, 34, 35, 36], "label": "building area", "path": ["/data/S3DIS/Stanford3dDataset_v1.2_Aligned_Version/Area_5/conferenceRoom_1/Annotations/floor_1.txt", "/data/S3DIS/Stanford3dDataset_v1.2_Aligned_Version/Area_5/conferenceRoom_1/Annotations/ceiling_1.txt", "/data/S3DIS/Stanford3dDataset_v1.2_Aligned_Version/Area_5/conferenceRoom_1/Annotations/wall_2.txt", "/data/S3DIS/Stanford3dDataset_v1.2_Aligned_Version/Area_5/conferenceRoom_1/Annotations/wall_1.txt", "/data/S3DIS/Stanford3dDataset_v1.2_Aligned_Version/Area_5/conferenceRoom_1/Annotations/wall_4.txt", "/data/S3DIS/Stanford3dDataset_v1.2_Aligned_Version/Area_5/conferenceRoom_1/Annotations/wall_3.txt", "/data/S3DIS/Stanford3dDataset_v1.2_Aligned_Version/Area_5/conferenceRoom_1/Annotations/board_1.txt", "/data/S3DIS/Stanford3dDataset_v1.2_Aligned_Version/Area_5/conferenceRoom_1/Annotations/window_1.txt", "/data/S3DIS/Stanford3dDataset_v1.2_Aligned_Version/Area_5/conferenceRoom_1/Annotations/column_1.txt"]}, {"id": 41, "parent": -1, "children": [31], "label": "entrance area", "path": ["/data/S3DIS/Stanford3dDataset_v1.2_Aligned_Version/Area_5/conferenceRoom_1/Annotations/door_1.txt"]}, {"id": 42, "parent": -1, "children": [37, 38], "label": "office area", "path": ["/data/S3DIS/Stanford3dDataset_v1.2_Aligned_Version/Area_5/conferenceRoom_1/Annotations/table_2.txt", "/data/S3DIS/Stanford3dDataset_v1.2_Aligned_Version/Area_5/conferenceRoom_1/Annotations/table_1.txt", "/data/S3DIS/Stanford3dDataset_v1.2_Aligned_Version/Area_5/conferenceRoom_1/Annotations/chair_8.txt", "/data/S3DIS/Stanford3dDataset_v1.2_Aligned_Version/Area_5/conferenceRoom_1/Annotations/chair_9.txt", "/data/S3DIS/Stanford3dDataset_v1.2_Aligned_Version/Area_5/conferenceRoom_1/Annotations/chair_6.txt", "/data/S3DIS/Stanford3dDataset_v1.2_Aligned_Version/Area_5/conferenceRoom_1/Annotations/chair_5.txt", "/data/S3DIS/Stanford3dDataset_v1.2_Aligned_Version/Area_5/conferenceRoom_1/Annotations/chair_4.txt", "/data/S3DIS/Stanford3dDataset_v1.2_Aligned_Version/Area_5/conferenceRoom_1/Annotations/chair_7.txt", "/data/S3DIS/Stanford3dDataset_v1.2_Aligned_Version/Area_5/conferenceRoom_1/Annotations/chair_3.txt"]}, {"id": 43, "parent": -1, "children": [39], "label": "chair area", "path": ["/data/S3DIS/Stanford3dDataset_v1.2_Aligned_Version/Area_5/conferenceRoom_1/Annotations/chair_1.txt", "/data/S3DIS/Stanford3dDataset_v1.2_Aligned_Version/Area_5/conferenceRoom_1/Annotations/chair_2.txt"]}]