[{"id": 0, "parent": 58, "children": [], "label": "chair", "path": ["/data/S3DIS/Stanford3dDataset_v1.2_Aligned_Version/Area_5/conferenceRoom_3/Annotations/chair_8.txt"]}, {"id": 1, "parent": 48, "children": [], "label": "floor", "path": ["/data/S3DIS/Stanford3dDataset_v1.2_Aligned_Version/Area_5/conferenceRoom_3/Annotations/floor_1.txt"]}, {"id": 2, "parent": 49, "children": [], "label": "door", "path": ["/data/S3DIS/Stanford3dDataset_v1.2_Aligned_Version/Area_5/conferenceRoom_3/Annotations/door_1.txt"]}, {"id": 3, "parent": -1, "children": [], "label": "clutter", "path": ["/data/S3DIS/Stanford3dDataset_v1.2_Aligned_Version/Area_5/conferenceRoom_3/Annotations/clutter_5.txt"]}, {"id": 4, "parent": 57, "children": [], "label": "table", "path": ["/data/S3DIS/Stanford3dDataset_v1.2_Aligned_Version/Area_5/conferenceRoom_3/Annotations/table_2.txt"]}, {"id": 6, "parent": 50, "children": [], "label": "ceiling", "path": ["/data/S3DIS/Stanford3dDataset_v1.2_Aligned_Version/Area_5/conferenceRoom_3/Annotations/ceiling_1.txt"]}, {"id": 7, "parent": -1, "children": [], "label": "clutter", "path": ["/data/S3DIS/Stanford3dDataset_v1.2_Aligned_Version/Area_5/conferenceRoom_3/Annotations/clutter_9.txt"]}, {"id": 8, "parent": 58, "children": [], "label": "chair", "path": ["/data/S3DIS/Stanford3dDataset_v1.2_Aligned_Version/Area_5/conferenceRoom_3/Annotations/chair_10.txt"]}, {"id": 9, "parent": -1, "children": [], "label": "clutter", "path": ["/data/S3DIS/Stanford3dDataset_v1.2_Aligned_Version/Area_5/conferenceRoom_3/Annotations/clutter_2.txt"]}, {"id": 10, "parent": 51, "children": [], "label": "wall", "path": ["/data/S3DIS/Stanford3dDataset_v1.2_Aligned_Version/Area_5/conferenceRoom_3/Annotations/wall_2.txt"]}, {"id": 11, "parent": 59, "children": [], "label": "chair", "path": ["/data/S3DIS/Stanford3dDataset_v1.2_Aligned_Version/Area_5/conferenceRoom_3/Annotations/chair_16.txt"]}, {"id": 12, "parent": -1, "children": [], "label": "clutter", "path": ["/data/S3DIS/Stanford3dDataset_v1.2_Aligned_Version/Area_5/conferenceRoom_3/Annotations/clutter_1.txt"]}, {"id": 13, "parent": 52, "children": [], "label": "board", "path": ["/data/S3DIS/Stanford3dDataset_v1.2_Aligned_Version/Area_5/conferenceRoom_3/Annotations/board_2.txt"]}, {"id": 14, "parent": -1, "children": [], "label": "clutter", "path": ["/data/S3DIS/Stanford3dDataset_v1.2_Aligned_Version/Area_5/conferenceRoom_3/Annotations/clutter_12.txt"]}, {"id": 15, "parent": -1, "children": [], "label": "clutter", "path": ["/data/S3DIS/Stanford3dDataset_v1.2_Aligned_Version/Area_5/conferenceRoom_3/Annotations/clutter_7.txt"]}, {"id": 16, "parent": 60, "children": [], "label": "chair", "path": ["/data/S3DIS/Stanford3dDataset_v1.2_Aligned_Version/Area_5/conferenceRoom_3/Annotations/chair_1.txt"]}, {"id": 17, "parent": -1, "children": [], "label": "clutter", "path": ["/data/S3DIS/Stanford3dDataset_v1.2_Aligned_Version/Area_5/conferenceRoom_3/Annotations/clutter_8.txt"]}, {"id": 18, "parent": 58, "children": [], "label": "chair", "path": ["/data/S3DIS/Stanford3dDataset_v1.2_Aligned_Version/Area_5/conferenceRoom_3/Annotations/chair_9.txt"]}, {"id": 19, "parent": 59, "children": [], "label": "chair", "path": ["/data/S3DIS/Stanford3dDataset_v1.2_Aligned_Version/Area_5/conferenceRoom_3/Annotations/chair_18.txt"]}, {"id": 20, "parent": -1, "children": [], "label": "clutter", "path": ["/data/S3DIS/Stanford3dDataset_v1.2_Aligned_Version/Area_5/conferenceRoom_3/Annotations/clutter_6.txt"]}, {"id": 21, "parent": 58, "children": [], "label": "chair", "path": ["/data/S3DIS/Stanford3dDataset_v1.2_Aligned_Version/Area_5/conferenceRoom_3/Annotations/chair_6.txt"]}, {"id": 22, "parent": 59, "children": [], "label": "chair", "path": ["/data/S3DIS/Stanford3dDataset_v1.2_Aligned_Version/Area_5/conferenceRoom_3/Annotations/chair_15.txt"]}, {"id": 23, "parent": -1, "children": [], "label": "clutter", "path": ["/data/S3DIS/Stanford3dDataset_v1.2_Aligned_Version/Area_5/conferenceRoom_3/Annotations/clutter_10.txt"]}, {"id": 24, "parent": 52, "children": [], "label": "board", "path": ["/data/S3DIS/Stanford3dDataset_v1.2_Aligned_Version/Area_5/conferenceRoom_3/Annotations/board_1.txt"]}, {"id": 25, "parent": 53, "children": [], "label": "window", "path": ["/data/S3DIS/Stanford3dDataset_v1.2_Aligned_Version/Area_5/conferenceRoom_3/Annotations/window_2.txt"]}, {"id": 26, "parent": -1, "children": [], "label": "clutter", "path": ["/data/S3DIS/Stanford3dDataset_v1.2_Aligned_Version/Area_5/conferenceRoom_3/Annotations/clutter_4.txt"]}, {"id": 27, "parent": 58, "children": [], "label": "chair", "path": ["/data/S3DIS/Stanford3dDataset_v1.2_Aligned_Version/Area_5/conferenceRoom_3/Annotations/chair_5.txt"]}, {"id": 28, "parent": -1, "children": [], "label": "clutter", "path": ["/data/S3DIS/Stanford3dDataset_v1.2_Aligned_Version/Area_5/conferenceRoom_3/Annotations/clutter_11.txt"]}, {"id": 29, "parent": 53, "children": [], "label": "window", "path": ["/data/S3DIS/Stanford3dDataset_v1.2_Aligned_Version/Area_5/conferenceRoom_3/Annotations/window_1.txt"]}, {"id": 30, "parent": 58, "children": [], "label": "chair", "path": ["/data/S3DIS/Stanford3dDataset_v1.2_Aligned_Version/Area_5/conferenceRoom_3/Annotations/chair_4.txt"]}, {"id": 31, "parent": 51, "children": [], "label": "wall", "path": ["/data/S3DIS/Stanford3dDataset_v1.2_Aligned_Version/Area_5/conferenceRoom_3/Annotations/wall_1.txt"]}, {"id": 32, "parent": 58, "children": [], "label": "chair", "path": ["/data/S3DIS/Stanford3dDataset_v1.2_Aligned_Version/Area_5/conferenceRoom_3/Annotations/chair_7.txt"]}, {"id": 33, "parent": 54, "children": [], "label": "column", "path": ["/data/S3DIS/Stanford3dDataset_v1.2_Aligned_Version/Area_5/conferenceRoom_3/Annotations/column_1.txt"]}, {"id": 34, "parent": 59, "children": [], "label": "chair", "path": ["/data/S3DIS/Stanford3dDataset_v1.2_Aligned_Version/Area_5/conferenceRoom_3/Annotations/chair_17.txt"]}, {"id": 35, "parent": 59, "children": [], "label": "chair", "path": ["/data/S3DIS/Stanford3dDataset_v1.2_Aligned_Version/Area_5/conferenceRoom_3/Annotations/chair_12.txt"]}, {"id": 36, "parent": 58, "children": [], "label": "chair", "path": ["/data/S3DIS/Stanford3dDataset_v1.2_Aligned_Version/Area_5/conferenceRoom_3/Annotations/chair_3.txt"]}, {"id": 37, "parent": 56, "children": [], "label": "table", "path": ["/data/S3DIS/Stanford3dDataset_v1.2_Aligned_Version/Area_5/conferenceRoom_3/Annotations/table_3.txt"]}, {"id": 38, "parent": 59, "children": [], "label": "chair", "path": ["/data/S3DIS/Stanford3dDataset_v1.2_Aligned_Version/Area_5/conferenceRoom_3/Annotations/chair_11.txt"]}, {"id": 39, "parent": 59, "children": [], "label": "chair", "path": ["/data/S3DIS/Stanford3dDataset_v1.2_Aligned_Version/Area_5/conferenceRoom_3/Annotations/chair_13.txt"]}, {"id": 40, "parent": 59, "children": [], "label": "chair", "path": ["/data/S3DIS/Stanford3dDataset_v1.2_Aligned_Version/Area_5/conferenceRoom_3/Annotations/chair_14.txt"]}, {"id": 42, "parent": 55, "children": [], "label": "table", "path": ["/data/S3DIS/Stanford3dDataset_v1.2_Aligned_Version/Area_5/conferenceRoom_3/Annotations/table_1.txt"]}, {"id": 43, "parent": 51, "children": [], "label": "wall", "path": ["/data/S3DIS/Stanford3dDataset_v1.2_Aligned_Version/Area_5/conferenceRoom_3/Annotations/wall_4.txt"]}, {"id": 44, "parent": -1, "children": [], "label": "clutter", "path": ["/data/S3DIS/Stanford3dDataset_v1.2_Aligned_Version/Area_5/conferenceRoom_3/Annotations/clutter_3.txt"]}, {"id": 45, "parent": 54, "children": [], "label": "column", "path": ["/data/S3DIS/Stanford3dDataset_v1.2_Aligned_Version/Area_5/conferenceRoom_3/Annotations/column_2.txt"]}, {"id": 46, "parent": 58, "children": [], "label": "chair", "path": ["/data/S3DIS/Stanford3dDataset_v1.2_Aligned_Version/Area_5/conferenceRoom_3/Annotations/chair_2.txt"]}, {"id": 47, "parent": 51, "children": [], "label": "wall", "path": ["/data/S3DIS/Stanford3dDataset_v1.2_Aligned_Version/Area_5/conferenceRoom_3/Annotations/wall_3.txt"]}, {"id": 48, "parent": 61, "children": [1], "label": "floor group", "path": ["/data/S3DIS/Stanford3dDataset_v1.2_Aligned_Version/Area_5/conferenceRoom_3/Annotations/floor_1.txt"]}, {"id": 49, "parent": 62, "children": [2], "label": "door group", "path": ["/data/S3DIS/Stanford3dDataset_v1.2_Aligned_Version/Area_5/conferenceRoom_3/Annotations/door_1.txt"]}, {"id": 50, "parent": 61, "children": [6], "label": "ceiling group", "path": ["/data/S3DIS/Stanford3dDataset_v1.2_Aligned_Version/Area_5/conferenceRoom_3/Annotations/ceiling_1.txt"]}, {"id": 51, "parent": 61, "children": [10, 31, 43, 47], "label": "wall group", "path": ["/data/S3DIS/Stanford3dDataset_v1.2_Aligned_Version/Area_5/conferenceRoom_3/Annotations/wall_2.txt", "/data/S3DIS/Stanford3dDataset_v1.2_Aligned_Version/Area_5/conferenceRoom_3/Annotations/wall_1.txt", "/data/S3DIS/Stanford3dDataset_v1.2_Aligned_Version/Area_5/conferenceRoom_3/Annotations/wall_4.txt", "/data/S3DIS/Stanford3dDataset_v1.2_Aligned_Version/Area_5/conferenceRoom_3/Annotations/wall_3.txt"]}, {"id": 52, "parent": 61, "children": [13, 24], "label": "board group", "path": ["/data/S3DIS/Stanford3dDataset_v1.2_Aligned_Version/Area_5/conferenceRoom_3/Annotations/board_2.txt", "/data/S3DIS/Stanford3dDataset_v1.2_Aligned_Version/Area_5/conferenceRoom_3/Annotations/board_1.txt"]}, {"id": 53, "parent": 61, "children": [25, 29], "label": "window group", "path": ["/data/S3DIS/Stanford3dDataset_v1.2_Aligned_Version/Area_5/conferenceRoom_3/Annotations/window_2.txt", "/data/S3DIS/Stanford3dDataset_v1.2_Aligned_Version/Area_5/conferenceRoom_3/Annotations/window_1.txt"]}, {"id": 54, "parent": 61, "children": [33, 45], "label": "column group", "path": ["/data/S3DIS/Stanford3dDataset_v1.2_Aligned_Version/Area_5/conferenceRoom_3/Annotations/column_1.txt", "/data/S3DIS/Stanford3dDataset_v1.2_Aligned_Version/Area_5/conferenceRoom_3/Annotations/column_2.txt"]}, {"id": 55, "parent": 64, "children": [42], "label": "table group", "path": ["/data/S3DIS/Stanford3dDataset_v1.2_Aligned_Version/Area_5/conferenceRoom_3/Annotations/table_1.txt"]}, {"id": 56, "parent": 66, "children": [37], "label": "table group", "path": ["/data/S3DIS/Stanford3dDataset_v1.2_Aligned_Version/Area_5/conferenceRoom_3/Annotations/table_3.txt"]}, {"id": 57, "parent": 63, "children": [4], "label": "table group", "path": ["/data/S3DIS/Stanford3dDataset_v1.2_Aligned_Version/Area_5/conferenceRoom_3/Annotations/table_2.txt"]}, {"id": 58, "parent": 63, "children": [0, 8, 18, 21, 27, 30, 32, 36, 46], "label": "chair group", "path": ["/data/S3DIS/Stanford3dDataset_v1.2_Aligned_Version/Area_5/conferenceRoom_3/Annotations/chair_8.txt", "/data/S3DIS/Stanford3dDataset_v1.2_Aligned_Version/Area_5/conferenceRoom_3/Annotations/chair_10.txt", "/data/S3DIS/Stanford3dDataset_v1.2_Aligned_Version/Area_5/conferenceRoom_3/Annotations/chair_9.txt", "/data/S3DIS/Stanford3dDataset_v1.2_Aligned_Version/Area_5/conferenceRoom_3/Annotations/chair_6.txt", "/data/S3DIS/Stanford3dDataset_v1.2_Aligned_Version/Area_5/conferenceRoom_3/Annotations/chair_5.txt", "/data/S3DIS/Stanford3dDataset_v1.2_Aligned_Version/Area_5/conferenceRoom_3/Annotations/chair_4.txt", "/data/S3DIS/Stanford3dDataset_v1.2_Aligned_Version/Area_5/conferenceRoom_3/Annotations/chair_7.txt", "/data/S3DIS/Stanford3dDataset_v1.2_Aligned_Version/Area_5/conferenceRoom_3/Annotations/chair_3.txt", "/data/S3DIS/Stanford3dDataset_v1.2_Aligned_Version/Area_5/conferenceRoom_3/Annotations/chair_2.txt"]}, {"id": 59, "parent": 65, "children": [11, 19, 22, 34, 35, 38, 39, 40], "label": "chair group", "path": ["/data/S3DIS/Stanford3dDataset_v1.2_Aligned_Version/Area_5/conferenceRoom_3/Annotations/chair_16.txt", "/data/S3DIS/Stanford3dDataset_v1.2_Aligned_Version/Area_5/conferenceRoom_3/Annotations/chair_18.txt", "/data/S3DIS/Stanford3dDataset_v1.2_Aligned_Version/Area_5/conferenceRoom_3/Annotations/chair_15.txt", "/data/S3DIS/Stanford3dDataset_v1.2_Aligned_Version/Area_5/conferenceRoom_3/Annotations/chair_17.txt", "/data/S3DIS/Stanford3dDataset_v1.2_Aligned_Version/Area_5/conferenceRoom_3/Annotations/chair_12.txt", "/data/S3DIS/Stanford3dDataset_v1.2_Aligned_Version/Area_5/conferenceRoom_3/Annotations/chair_11.txt", "/data/S3DIS/Stanford3dDataset_v1.2_Aligned_Version/Area_5/conferenceRoom_3/Annotations/chair_13.txt", "/data/S3DIS/Stanford3dDataset_v1.2_Aligned_Version/Area_5/conferenceRoom_3/Annotations/chair_14.txt"]}, {"id": 60, "parent": 64, "children": [16], "label": "chair group", "path": ["/data/S3DIS/Stanford3dDataset_v1.2_Aligned_Version/Area_5/conferenceRoom_3/Annotations/chair_1.txt"]}, {"id": 61, "parent": -1, "children": [48, 50, 51, 52, 53, 54], "label": "building area", "path": ["/data/S3DIS/Stanford3dDataset_v1.2_Aligned_Version/Area_5/conferenceRoom_3/Annotations/floor_1.txt", "/data/S3DIS/Stanford3dDataset_v1.2_Aligned_Version/Area_5/conferenceRoom_3/Annotations/ceiling_1.txt", "/data/S3DIS/Stanford3dDataset_v1.2_Aligned_Version/Area_5/conferenceRoom_3/Annotations/wall_2.txt", "/data/S3DIS/Stanford3dDataset_v1.2_Aligned_Version/Area_5/conferenceRoom_3/Annotations/wall_1.txt", "/data/S3DIS/Stanford3dDataset_v1.2_Aligned_Version/Area_5/conferenceRoom_3/Annotations/wall_4.txt", "/data/S3DIS/Stanford3dDataset_v1.2_Aligned_Version/Area_5/conferenceRoom_3/Annotations/wall_3.txt", "/data/S3DIS/Stanford3dDataset_v1.2_Aligned_Version/Area_5/conferenceRoom_3/Annotations/board_2.txt", "/data/S3DIS/Stanford3dDataset_v1.2_Aligned_Version/Area_5/conferenceRoom_3/Annotations/board_1.txt", "/data/S3DIS/Stanford3dDataset_v1.2_Aligned_Version/Area_5/conferenceRoom_3/Annotations/window_2.txt", "/data/S3DIS/Stanford3dDataset_v1.2_Aligned_Version/Area_5/conferenceRoom_3/Annotations/window_1.txt", "/data/S3DIS/Stanford3dDataset_v1.2_Aligned_Version/Area_5/conferenceRoom_3/Annotations/column_1.txt", "/data/S3DIS/Stanford3dDataset_v1.2_Aligned_Version/Area_5/conferenceRoom_3/Annotations/column_2.txt"]}, {"id": 62, "parent": -1, "children": [49], "label": "entrance area", "path": ["/data/S3DIS/Stanford3dDataset_v1.2_Aligned_Version/Area_5/conferenceRoom_3/Annotations/door_1.txt"]}, {"id": 63, "parent": -1, "children": [57, 58], "label": "office area", "path": ["/data/S3DIS/Stanford3dDataset_v1.2_Aligned_Version/Area_5/conferenceRoom_3/Annotations/table_2.txt", "/data/S3DIS/Stanford3dDataset_v1.2_Aligned_Version/Area_5/conferenceRoom_3/Annotations/chair_8.txt", "/data/S3DIS/Stanford3dDataset_v1.2_Aligned_Version/Area_5/conferenceRoom_3/Annotations/chair_10.txt", "/data/S3DIS/Stanford3dDataset_v1.2_Aligned_Version/Area_5/conferenceRoom_3/Annotations/chair_9.txt", "/data/S3DIS/Stanford3dDataset_v1.2_Aligned_Version/Area_5/conferenceRoom_3/Annotations/chair_6.txt", "/data/S3DIS/Stanford3dDataset_v1.2_Aligned_Version/Area_5/conferenceRoom_3/Annotations/chair_5.txt", "/data/S3DIS/Stanford3dDataset_v1.2_Aligned_Version/Area_5/conferenceRoom_3/Annotations/chair_4.txt", "/data/S3DIS/Stanford3dDataset_v1.2_Aligned_Version/Area_5/conferenceRoom_3/Annotations/chair_7.txt", "/data/S3DIS/Stanford3dDataset_v1.2_Aligned_Version/Area_5/conferenceRoom_3/Annotations/chair_3.txt", "/data/S3DIS/Stanford3dDataset_v1.2_Aligned_Version/Area_5/conferenceRoom_3/Annotations/chair_2.txt"]}, {"id": 64, "parent": -1, "children": [55, 60], "label": "office area", "path": ["/data/S3DIS/Stanford3dDataset_v1.2_Aligned_Version/Area_5/conferenceRoom_3/Annotations/table_1.txt", "/data/S3DIS/Stanford3dDataset_v1.2_Aligned_Version/Area_5/conferenceRoom_3/Annotations/chair_1.txt"]}, {"id": 65, "parent": -1, "children": [59], "label": "chair area", "path": ["/data/S3DIS/Stanford3dDataset_v1.2_Aligned_Version/Area_5/conferenceRoom_3/Annotations/chair_16.txt", "/data/S3DIS/Stanford3dDataset_v1.2_Aligned_Version/Area_5/conferenceRoom_3/Annotations/chair_18.txt", "/data/S3DIS/Stanford3dDataset_v1.2_Aligned_Version/Area_5/conferenceRoom_3/Annotations/chair_15.txt", "/data/S3DIS/Stanford3dDataset_v1.2_Aligned_Version/Area_5/conferenceRoom_3/Annotations/chair_17.txt", "/data/S3DIS/Stanford3dDataset_v1.2_Aligned_Version/Area_5/conferenceRoom_3/Annotations/chair_12.txt", "/data/S3DIS/Stanford3dDataset_v1.2_Aligned_Version/Area_5/conferenceRoom_3/Annotations/chair_11.txt", "/data/S3DIS/Stanford3dDataset_v1.2_Aligned_Version/Area_5/conferenceRoom_3/Annotations/chair_13.txt", "/data/S3DIS/Stanford3dDataset_v1.2_Aligned_Version/Area_5/conferenceRoom_3/Annotations/chair_14.txt"]}, {"id": 66, "parent": -1, "children": [56], "label": "table area", "path": ["/data/S3DIS/Stanford3dDataset_v1.2_Aligned_Version/Area_5/conferenceRoom_3/Annotations/table_3.txt"]}]