[{"id": 0, "parent": 70, "children": [], "label": "chair", "path": ["/data/S3DIS/Stanford3dDataset_v1.2_Aligned_Version/Area_5/conferenceRoom_2/Annotations/chair_8.txt"]}, {"id": 1, "parent": 56, "children": [], "label": "floor", "path": ["/data/S3DIS/Stanford3dDataset_v1.2_Aligned_Version/Area_5/conferenceRoom_2/Annotations/floor_1.txt"]}, {"id": 2, "parent": -1, "children": [], "label": "clutter", "path": ["/data/S3DIS/Stanford3dDataset_v1.2_Aligned_Version/Area_5/conferenceRoom_2/Annotations/clutter_13.txt"]}, {"id": 3, "parent": 57, "children": [], "label": "door", "path": ["/data/S3DIS/Stanford3dDataset_v1.2_Aligned_Version/Area_5/conferenceRoom_2/Annotations/door_1.txt"]}, {"id": 4, "parent": 58, "children": [], "label": "wall", "path": ["/data/S3DIS/Stanford3dDataset_v1.2_Aligned_Version/Area_5/conferenceRoom_2/Annotations/wall_6.txt"]}, {"id": 5, "parent": -1, "children": [], "label": "clutter", "path": ["/data/S3DIS/Stanford3dDataset_v1.2_Aligned_Version/Area_5/conferenceRoom_2/Annotations/clutter_5.txt"]}, {"id": 6, "parent": 63, "children": [], "label": "table", "path": ["/data/S3DIS/Stanford3dDataset_v1.2_Aligned_Version/Area_5/conferenceRoom_2/Annotations/table_2.txt"]}, {"id": 7, "parent": 59, "children": [], "label": "board", "path": ["/data/S3DIS/Stanford3dDataset_v1.2_Aligned_Version/Area_5/conferenceRoom_2/Annotations/board_4.txt"]}, {"id": 8, "parent": 60, "children": [], "label": "ceiling", "path": ["/data/S3DIS/Stanford3dDataset_v1.2_Aligned_Version/Area_5/conferenceRoom_2/Annotations/ceiling_1.txt"]}, {"id": 9, "parent": -1, "children": [], "label": "clutter", "path": ["/data/S3DIS/Stanford3dDataset_v1.2_Aligned_Version/Area_5/conferenceRoom_2/Annotations/clutter_9.txt"]}, {"id": 10, "parent": 71, "children": [], "label": "chair", "path": ["/data/S3DIS/Stanford3dDataset_v1.2_Aligned_Version/Area_5/conferenceRoom_2/Annotations/chair_10.txt"]}, {"id": 11, "parent": -1, "children": [], "label": "clutter", "path": ["/data/S3DIS/Stanford3dDataset_v1.2_Aligned_Version/Area_5/conferenceRoom_2/Annotations/clutter_2.txt"]}, {"id": 12, "parent": 58, "children": [], "label": "wall", "path": ["/data/S3DIS/Stanford3dDataset_v1.2_Aligned_Version/Area_5/conferenceRoom_2/Annotations/wall_2.txt"]}, {"id": 13, "parent": -1, "children": [], "label": "clutter", "path": ["/data/S3DIS/Stanford3dDataset_v1.2_Aligned_Version/Area_5/conferenceRoom_2/Annotations/clutter_1.txt"]}, {"id": 14, "parent": 59, "children": [], "label": "board", "path": ["/data/S3DIS/Stanford3dDataset_v1.2_Aligned_Version/Area_5/conferenceRoom_2/Annotations/board_2.txt"]}, {"id": 15, "parent": -1, "children": [], "label": "clutter", "path": ["/data/S3DIS/Stanford3dDataset_v1.2_Aligned_Version/Area_5/conferenceRoom_2/Annotations/clutter_12.txt"]}, {"id": 16, "parent": -1, "children": [], "label": "clutter", "path": ["/data/S3DIS/Stanford3dDataset_v1.2_Aligned_Version/Area_5/conferenceRoom_2/Annotations/clutter_7.txt"]}, {"id": 17, "parent": 72, "children": [], "label": "chair", "path": ["/data/S3DIS/Stanford3dDataset_v1.2_Aligned_Version/Area_5/conferenceRoom_2/Annotations/chair_1.txt"]}, {"id": 18, "parent": -1, "children": [], "label": "clutter", "path": ["/data/S3DIS/Stanford3dDataset_v1.2_Aligned_Version/Area_5/conferenceRoom_2/Annotations/clutter_8.txt"]}, {"id": 19, "parent": 58, "children": [], "label": "wall", "path": ["/data/S3DIS/Stanford3dDataset_v1.2_Aligned_Version/Area_5/conferenceRoom_2/Annotations/wall_7.txt"]}, {"id": 20, "parent": 71, "children": [], "label": "chair", "path": ["/data/S3DIS/Stanford3dDataset_v1.2_Aligned_Version/Area_5/conferenceRoom_2/Annotations/chair_9.txt"]}, {"id": 21, "parent": 58, "children": [], "label": "wall", "path": ["/data/S3DIS/Stanford3dDataset_v1.2_Aligned_Version/Area_5/conferenceRoom_2/Annotations/wall_5.txt"]}, {"id": 22, "parent": 63, "children": [], "label": "table", "path": ["/data/S3DIS/Stanford3dDataset_v1.2_Aligned_Version/Area_5/conferenceRoom_2/Annotations/table_4.txt"]}, {"id": 23, "parent": -1, "children": [], "label": "clutter", "path": ["/data/S3DIS/Stanford3dDataset_v1.2_Aligned_Version/Area_5/conferenceRoom_2/Annotations/clutter_6.txt"]}, {"id": 24, "parent": 62, "children": [], "label": "sofa", "path": ["/data/S3DIS/Stanford3dDataset_v1.2_Aligned_Version/Area_5/conferenceRoom_2/Annotations/sofa_1.txt"]}, {"id": 25, "parent": 70, "children": [], "label": "chair", "path": ["/data/S3DIS/Stanford3dDataset_v1.2_Aligned_Version/Area_5/conferenceRoom_2/Annotations/chair_6.txt"]}, {"id": 26, "parent": -1, "children": [], "label": "clutter", "path": ["/data/S3DIS/Stanford3dDataset_v1.2_Aligned_Version/Area_5/conferenceRoom_2/Annotations/clutter_10.txt"]}, {"id": 27, "parent": 59, "children": [], "label": "board", "path": ["/data/S3DIS/Stanford3dDataset_v1.2_Aligned_Version/Area_5/conferenceRoom_2/Annotations/board_1.txt"]}, {"id": 28, "parent": -1, "children": [], "label": "clutter", "path": ["/data/S3DIS/Stanford3dDataset_v1.2_Aligned_Version/Area_5/conferenceRoom_2/Annotations/clutter_4.txt"]}, {"id": 29, "parent": 63, "children": [], "label": "table", "path": ["/data/S3DIS/Stanford3dDataset_v1.2_Aligned_Version/Area_5/conferenceRoom_2/Annotations/table_5.txt"]}, {"id": 30, "parent": 71, "children": [], "label": "chair", "path": ["/data/S3DIS/Stanford3dDataset_v1.2_Aligned_Version/Area_5/conferenceRoom_2/Annotations/chair_5.txt"]}, {"id": 31, "parent": -1, "children": [], "label": "clutter", "path": ["/data/S3DIS/Stanford3dDataset_v1.2_Aligned_Version/Area_5/conferenceRoom_2/Annotations/clutter_11.txt"]}, {"id": 32, "parent": 58, "children": [], "label": "wall", "path": ["/data/S3DIS/Stanford3dDataset_v1.2_Aligned_Version/Area_5/conferenceRoom_2/Annotations/wall_9.txt"]}, {"id": 33, "parent": 65, "children": [], "label": "table", "path": ["/data/S3DIS/Stanford3dDataset_v1.2_Aligned_Version/Area_5/conferenceRoom_2/Annotations/table_6.txt"]}, {"id": 34, "parent": 73, "children": [], "label": "chair", "path": ["/data/S3DIS/Stanford3dDataset_v1.2_Aligned_Version/Area_5/conferenceRoom_2/Annotations/chair_4.txt"]}, {"id": 35, "parent": 66, "children": [], "label": "bookcase", "path": ["/data/S3DIS/Stanford3dDataset_v1.2_Aligned_Version/Area_5/conferenceRoom_2/Annotations/bookcase_1.txt"]}, {"id": 36, "parent": 58, "children": [], "label": "wall", "path": ["/data/S3DIS/Stanford3dDataset_v1.2_Aligned_Version/Area_5/conferenceRoom_2/Annotations/wall_1.txt"]}, {"id": 37, "parent": 70, "children": [], "label": "chair", "path": ["/data/S3DIS/Stanford3dDataset_v1.2_Aligned_Version/Area_5/conferenceRoom_2/Annotations/chair_7.txt"]}, {"id": 38, "parent": 61, "children": [], "label": "column", "path": ["/data/S3DIS/Stanford3dDataset_v1.2_Aligned_Version/Area_5/conferenceRoom_2/Annotations/column_1.txt"]}, {"id": 39, "parent": 70, "children": [], "label": "chair", "path": ["/data/S3DIS/Stanford3dDataset_v1.2_Aligned_Version/Area_5/conferenceRoom_2/Annotations/chair_12.txt"]}, {"id": 40, "parent": 72, "children": [], "label": "chair", "path": ["/data/S3DIS/Stanford3dDataset_v1.2_Aligned_Version/Area_5/conferenceRoom_2/Annotations/chair_3.txt"]}, {"id": 41, "parent": 63, "children": [], "label": "table", "path": ["/data/S3DIS/Stanford3dDataset_v1.2_Aligned_Version/Area_5/conferenceRoom_2/Annotations/table_3.txt"]}, {"id": 42, "parent": 71, "children": [], "label": "chair", "path": ["/data/S3DIS/Stanford3dDataset_v1.2_Aligned_Version/Area_5/conferenceRoom_2/Annotations/chair_11.txt"]}, {"id": 43, "parent": 70, "children": [], "label": "chair", "path": ["/data/S3DIS/Stanford3dDataset_v1.2_Aligned_Version/Area_5/conferenceRoom_2/Annotations/chair_13.txt"]}, {"id": 44, "parent": -1, "children": [], "label": "clutter", "path": ["/data/S3DIS/Stanford3dDataset_v1.2_Aligned_Version/Area_5/conferenceRoom_2/Annotations/clutter_14.txt"]}, {"id": 45, "parent": 70, "children": [], "label": "chair", "path": ["/data/S3DIS/Stanford3dDataset_v1.2_Aligned_Version/Area_5/conferenceRoom_2/Annotations/chair_14.txt"]}, {"id": 47, "parent": 64, "children": [], "label": "table", "path": ["/data/S3DIS/Stanford3dDataset_v1.2_Aligned_Version/Area_5/conferenceRoom_2/Annotations/table_1.txt"]}, {"id": 48, "parent": 58, "children": [], "label": "wall", "path": ["/data/S3DIS/Stanford3dDataset_v1.2_Aligned_Version/Area_5/conferenceRoom_2/Annotations/wall_4.txt"]}, {"id": 49, "parent": -1, "children": [], "label": "clutter", "path": ["/data/S3DIS/Stanford3dDataset_v1.2_Aligned_Version/Area_5/conferenceRoom_2/Annotations/clutter_15.txt"]}, {"id": 50, "parent": 58, "children": [], "label": "wall", "path": ["/data/S3DIS/Stanford3dDataset_v1.2_Aligned_Version/Area_5/conferenceRoom_2/Annotations/wall_8.txt"]}, {"id": 51, "parent": -1, "children": [], "label": "clutter", "path": ["/data/S3DIS/Stanford3dDataset_v1.2_Aligned_Version/Area_5/conferenceRoom_2/Annotations/clutter_3.txt"]}, {"id": 52, "parent": 61, "children": [], "label": "column", "path": ["/data/S3DIS/Stanford3dDataset_v1.2_Aligned_Version/Area_5/conferenceRoom_2/Annotations/column_2.txt"]}, {"id": 53, "parent": 72, "children": [], "label": "chair", "path": ["/data/S3DIS/Stanford3dDataset_v1.2_Aligned_Version/Area_5/conferenceRoom_2/Annotations/chair_2.txt"]}, {"id": 54, "parent": 59, "children": [], "label": "board", "path": ["/data/S3DIS/Stanford3dDataset_v1.2_Aligned_Version/Area_5/conferenceRoom_2/Annotations/board_3.txt"]}, {"id": 55, "parent": 58, "children": [], "label": "wall", "path": ["/data/S3DIS/Stanford3dDataset_v1.2_Aligned_Version/Area_5/conferenceRoom_2/Annotations/wall_3.txt"]}, {"id": 56, "parent": 67, "children": [1], "label": "floor group", "path": ["/data/S3DIS/Stanford3dDataset_v1.2_Aligned_Version/Area_5/conferenceRoom_2/Annotations/floor_1.txt"]}, {"id": 57, "parent": 68, "children": [3], "label": "door group", "path": ["/data/S3DIS/Stanford3dDataset_v1.2_Aligned_Version/Area_5/conferenceRoom_2/Annotations/door_1.txt"]}, {"id": 58, "parent": 67, "children": [4, 12, 19, 21, 32, 36, 48, 50, 55], "label": "wall group", "path": ["/data/S3DIS/Stanford3dDataset_v1.2_Aligned_Version/Area_5/conferenceRoom_2/Annotations/wall_6.txt", "/data/S3DIS/Stanford3dDataset_v1.2_Aligned_Version/Area_5/conferenceRoom_2/Annotations/wall_2.txt", "/data/S3DIS/Stanford3dDataset_v1.2_Aligned_Version/Area_5/conferenceRoom_2/Annotations/wall_7.txt", "/data/S3DIS/Stanford3dDataset_v1.2_Aligned_Version/Area_5/conferenceRoom_2/Annotations/wall_5.txt", "/data/S3DIS/Stanford3dDataset_v1.2_Aligned_Version/Area_5/conferenceRoom_2/Annotations/wall_9.txt", "/data/S3DIS/Stanford3dDataset_v1.2_Aligned_Version/Area_5/conferenceRoom_2/Annotations/wall_1.txt", "/data/S3DIS/Stanford3dDataset_v1.2_Aligned_Version/Area_5/conferenceRoom_2/Annotations/wall_4.txt", "/data/S3DIS/Stanford3dDataset_v1.2_Aligned_Version/Area_5/conferenceRoom_2/Annotations/wall_8.txt", "/data/S3DIS/Stanford3dDataset_v1.2_Aligned_Version/Area_5/conferenceRoom_2/Annotations/wall_3.txt"]}, {"id": 59, "parent": 67, "children": [7, 14, 27, 54], "label": "board group", "path": ["/data/S3DIS/Stanford3dDataset_v1.2_Aligned_Version/Area_5/conferenceRoom_2/Annotations/board_4.txt", "/data/S3DIS/Stanford3dDataset_v1.2_Aligned_Version/Area_5/conferenceRoom_2/Annotations/board_2.txt", "/data/S3DIS/Stanford3dDataset_v1.2_Aligned_Version/Area_5/conferenceRoom_2/Annotations/board_1.txt", "/data/S3DIS/Stanford3dDataset_v1.2_Aligned_Version/Area_5/conferenceRoom_2/Annotations/board_3.txt"]}, {"id": 60, "parent": 67, "children": [8], "label": "ceiling group", "path": ["/data/S3DIS/Stanford3dDataset_v1.2_Aligned_Version/Area_5/conferenceRoom_2/Annotations/ceiling_1.txt"]}, {"id": 61, "parent": 67, "children": [38, 52], "label": "column group", "path": ["/data/S3DIS/Stanford3dDataset_v1.2_Aligned_Version/Area_5/conferenceRoom_2/Annotations/column_1.txt", "/data/S3DIS/Stanford3dDataset_v1.2_Aligned_Version/Area_5/conferenceRoom_2/Annotations/column_2.txt"]}, {"id": 62, "parent": 74, "children": [24], "label": "sofa group", "path": ["/data/S3DIS/Stanford3dDataset_v1.2_Aligned_Version/Area_5/conferenceRoom_2/Annotations/sofa_1.txt"]}, {"id": 63, "parent": 75, "children": [6, 22, 29, 41], "label": "table group", "path": ["/data/S3DIS/Stanford3dDataset_v1.2_Aligned_Version/Area_5/conferenceRoom_2/Annotations/table_2.txt", "/data/S3DIS/Stanford3dDataset_v1.2_Aligned_Version/Area_5/conferenceRoom_2/Annotations/table_4.txt", "/data/S3DIS/Stanford3dDataset_v1.2_Aligned_Version/Area_5/conferenceRoom_2/Annotations/table_5.txt", "/data/S3DIS/Stanford3dDataset_v1.2_Aligned_Version/Area_5/conferenceRoom_2/Annotations/table_3.txt"]}, {"id": 64, "parent": 77, "children": [47], "label": "table group", "path": ["/data/S3DIS/Stanford3dDataset_v1.2_Aligned_Version/Area_5/conferenceRoom_2/Annotations/table_1.txt"]}, {"id": 65, "parent": 76, "children": [33], "label": "table group", "path": ["/data/S3DIS/Stanford3dDataset_v1.2_Aligned_Version/Area_5/conferenceRoom_2/Annotations/table_6.txt"]}, {"id": 66, "parent": 69, "children": [35], "label": "bookcase group", "path": ["/data/S3DIS/Stanford3dDataset_v1.2_Aligned_Version/Area_5/conferenceRoom_2/Annotations/bookcase_1.txt"]}, {"id": 67, "parent": -1, "children": [56, 58, 59, 60, 61], "label": "building area", "path": ["/data/S3DIS/Stanford3dDataset_v1.2_Aligned_Version/Area_5/conferenceRoom_2/Annotations/floor_1.txt", "/data/S3DIS/Stanford3dDataset_v1.2_Aligned_Version/Area_5/conferenceRoom_2/Annotations/wall_6.txt", "/data/S3DIS/Stanford3dDataset_v1.2_Aligned_Version/Area_5/conferenceRoom_2/Annotations/wall_2.txt", "/data/S3DIS/Stanford3dDataset_v1.2_Aligned_Version/Area_5/conferenceRoom_2/Annotations/wall_7.txt", "/data/S3DIS/Stanford3dDataset_v1.2_Aligned_Version/Area_5/conferenceRoom_2/Annotations/wall_5.txt", "/data/S3DIS/Stanford3dDataset_v1.2_Aligned_Version/Area_5/conferenceRoom_2/Annotations/wall_9.txt", "/data/S3DIS/Stanford3dDataset_v1.2_Aligned_Version/Area_5/conferenceRoom_2/Annotations/wall_1.txt", "/data/S3DIS/Stanford3dDataset_v1.2_Aligned_Version/Area_5/conferenceRoom_2/Annotations/wall_4.txt", "/data/S3DIS/Stanford3dDataset_v1.2_Aligned_Version/Area_5/conferenceRoom_2/Annotations/wall_8.txt", "/data/S3DIS/Stanford3dDataset_v1.2_Aligned_Version/Area_5/conferenceRoom_2/Annotations/wall_3.txt", "/data/S3DIS/Stanford3dDataset_v1.2_Aligned_Version/Area_5/conferenceRoom_2/Annotations/board_4.txt", "/data/S3DIS/Stanford3dDataset_v1.2_Aligned_Version/Area_5/conferenceRoom_2/Annotations/board_2.txt", "/data/S3DIS/Stanford3dDataset_v1.2_Aligned_Version/Area_5/conferenceRoom_2/Annotations/board_1.txt", "/data/S3DIS/Stanford3dDataset_v1.2_Aligned_Version/Area_5/conferenceRoom_2/Annotations/board_3.txt", "/data/S3DIS/Stanford3dDataset_v1.2_Aligned_Version/Area_5/conferenceRoom_2/Annotations/ceiling_1.txt", "/data/S3DIS/Stanford3dDataset_v1.2_Aligned_Version/Area_5/conferenceRoom_2/Annotations/column_1.txt", "/data/S3DIS/Stanford3dDataset_v1.2_Aligned_Version/Area_5/conferenceRoom_2/Annotations/column_2.txt"]}, {"id": 68, "parent": -1, "children": [57], "label": "entrance area", "path": ["/data/S3DIS/Stanford3dDataset_v1.2_Aligned_Version/Area_5/conferenceRoom_2/Annotations/door_1.txt"]}, {"id": 69, "parent": -1, "children": [66], "label": "case area", "path": ["/data/S3DIS/Stanford3dDataset_v1.2_Aligned_Version/Area_5/conferenceRoom_2/Annotations/bookcase_1.txt"]}, {"id": 70, "parent": 75, "children": [0, 25, 37, 39, 43, 45], "label": "chair group", "path": ["/data/S3DIS/Stanford3dDataset_v1.2_Aligned_Version/Area_5/conferenceRoom_2/Annotations/chair_8.txt", "/data/S3DIS/Stanford3dDataset_v1.2_Aligned_Version/Area_5/conferenceRoom_2/Annotations/chair_6.txt", "/data/S3DIS/Stanford3dDataset_v1.2_Aligned_Version/Area_5/conferenceRoom_2/Annotations/chair_7.txt", "/data/S3DIS/Stanford3dDataset_v1.2_Aligned_Version/Area_5/conferenceRoom_2/Annotations/chair_12.txt", "/data/S3DIS/Stanford3dDataset_v1.2_Aligned_Version/Area_5/conferenceRoom_2/Annotations/chair_13.txt", "/data/S3DIS/Stanford3dDataset_v1.2_Aligned_Version/Area_5/conferenceRoom_2/Annotations/chair_14.txt"]}, {"id": 71, "parent": 77, "children": [10, 20, 30, 42], "label": "chair group", "path": ["/data/S3DIS/Stanford3dDataset_v1.2_Aligned_Version/Area_5/conferenceRoom_2/Annotations/chair_10.txt", "/data/S3DIS/Stanford3dDataset_v1.2_Aligned_Version/Area_5/conferenceRoom_2/Annotations/chair_9.txt", "/data/S3DIS/Stanford3dDataset_v1.2_Aligned_Version/Area_5/conferenceRoom_2/Annotations/chair_5.txt", "/data/S3DIS/Stanford3dDataset_v1.2_Aligned_Version/Area_5/conferenceRoom_2/Annotations/chair_11.txt"]}, {"id": 72, "parent": 76, "children": [17, 40, 53], "label": "chair group", "path": ["/data/S3DIS/Stanford3dDataset_v1.2_Aligned_Version/Area_5/conferenceRoom_2/Annotations/chair_1.txt", "/data/S3DIS/Stanford3dDataset_v1.2_Aligned_Version/Area_5/conferenceRoom_2/Annotations/chair_3.txt", "/data/S3DIS/Stanford3dDataset_v1.2_Aligned_Version/Area_5/conferenceRoom_2/Annotations/chair_2.txt"]}, {"id": 73, "parent": 74, "children": [34], "label": "chair group", "path": ["/data/S3DIS/Stanford3dDataset_v1.2_Aligned_Version/Area_5/conferenceRoom_2/Annotations/chair_4.txt"]}, {"id": 74, "parent": -1, "children": [62, 73], "label": "rest area", "path": ["/data/S3DIS/Stanford3dDataset_v1.2_Aligned_Version/Area_5/conferenceRoom_2/Annotations/sofa_1.txt", "/data/S3DIS/Stanford3dDataset_v1.2_Aligned_Version/Area_5/conferenceRoom_2/Annotations/chair_4.txt"]}, {"id": 75, "parent": -1, "children": [63, 70], "label": "office area", "path": ["/data/S3DIS/Stanford3dDataset_v1.2_Aligned_Version/Area_5/conferenceRoom_2/Annotations/table_2.txt", "/data/S3DIS/Stanford3dDataset_v1.2_Aligned_Version/Area_5/conferenceRoom_2/Annotations/table_4.txt", "/data/S3DIS/Stanford3dDataset_v1.2_Aligned_Version/Area_5/conferenceRoom_2/Annotations/table_5.txt", "/data/S3DIS/Stanford3dDataset_v1.2_Aligned_Version/Area_5/conferenceRoom_2/Annotations/table_3.txt", "/data/S3DIS/Stanford3dDataset_v1.2_Aligned_Version/Area_5/conferenceRoom_2/Annotations/chair_8.txt", "/data/S3DIS/Stanford3dDataset_v1.2_Aligned_Version/Area_5/conferenceRoom_2/Annotations/chair_6.txt", "/data/S3DIS/Stanford3dDataset_v1.2_Aligned_Version/Area_5/conferenceRoom_2/Annotations/chair_7.txt", "/data/S3DIS/Stanford3dDataset_v1.2_Aligned_Version/Area_5/conferenceRoom_2/Annotations/chair_12.txt", "/data/S3DIS/Stanford3dDataset_v1.2_Aligned_Version/Area_5/conferenceRoom_2/Annotations/chair_13.txt", "/data/S3DIS/Stanford3dDataset_v1.2_Aligned_Version/Area_5/conferenceRoom_2/Annotations/chair_14.txt"]}, {"id": 76, "parent": -1, "children": [65, 72], "label": "office area", "path": ["/data/S3DIS/Stanford3dDataset_v1.2_Aligned_Version/Area_5/conferenceRoom_2/Annotations/table_6.txt", "/data/S3DIS/Stanford3dDataset_v1.2_Aligned_Version/Area_5/conferenceRoom_2/Annotations/chair_1.txt", "/data/S3DIS/Stanford3dDataset_v1.2_Aligned_Version/Area_5/conferenceRoom_2/Annotations/chair_3.txt", "/data/S3DIS/Stanford3dDataset_v1.2_Aligned_Version/Area_5/conferenceRoom_2/Annotations/chair_2.txt"]}, {"id": 77, "parent": -1, "children": [64, 71], "label": "office area", "path": ["/data/S3DIS/Stanford3dDataset_v1.2_Aligned_Version/Area_5/conferenceRoom_2/Annotations/table_1.txt", "/data/S3DIS/Stanford3dDataset_v1.2_Aligned_Version/Area_5/conferenceRoom_2/Annotations/chair_10.txt", "/data/S3DIS/Stanford3dDataset_v1.2_Aligned_Version/Area_5/conferenceRoom_2/Annotations/chair_9.txt", "/data/S3DIS/Stanford3dDataset_v1.2_Aligned_Version/Area_5/conferenceRoom_2/Annotations/chair_5.txt", "/data/S3DIS/Stanford3dDataset_v1.2_Aligned_Version/Area_5/conferenceRoom_2/Annotations/chair_11.txt"]}]