[
  {
    "id": 0,
    "parent": 11,
    "children": [],
    "label": "floor",
    "path": [
      "/data/S3DIS/Stanford3dDataset_v1.2_Aligned_Version/Area_5/hallway_8/Annotations/floor_1.txt"
    ]
  },
  {
    "id": 1,
    "parent": 13,
    "children": [],
    "label": "door",
    "path": [
      "/data/S3DIS/Stanford3dDataset_v1.2_Aligned_Version/Area_5/hallway_8/Annotations/door_1.txt"
    ]
  },
  {
    "id": 2,
    "parent": 10,
    "children": [],
    "label": "ceiling",
    "path": [
      "/data/S3DIS/Stanford3dDataset_v1.2_Aligned_Version/Area_5/hallway_8/Annotations/ceiling_1.txt"
    ]
  },
  {
    "id": 3,
    "parent": 14,
    "children": [],
    "label": "door",
    "path": [
      "/data/S3DIS/Stanford3dDataset_v1.2_Aligned_Version/Area_5/hallway_8/Annotations/door_2.txt"
    ]
  },
  {
    "id": 4,
    "parent": -1,
    "children": [],
    "label": "clutter",
    "path": [
      "/data/S3DIS/Stanford3dDataset_v1.2_Aligned_Version/Area_5/hallway_8/Annotations/clutter_2.txt"
    ]
  },
  {
    "id": 5,
    "parent": 9,
    "children": [],
    "label": "wall",
    "path": [
      "/data/S3DIS/Stanford3dDataset_v1.2_Aligned_Version/Area_5/hallway_8/Annotations/wall_2.txt"
    ]
  },
  {
    "id": 6,
    "parent": -1,
    "children": [],
    "label": "clutter",
    "path": [
      "/data/S3DIS/Stanford3dDataset_v1.2_Aligned_Version/Area_5/hallway_8/Annotations/clutter_1.txt"
    ]
  },
  {
    "id": 7,
    "parent": 9,
    "children": [],
    "label": "wall",
    "path": [
      "/data/S3DIS/Stanford3dDataset_v1.2_Aligned_Version/Area_5/hallway_8/Annotations/wall_1.txt"
    ]
  },
  {
    "id": 8,
    "parent": 9,
    "children": [],
    "label": "wall",
    "path": [
      "/data/S3DIS/Stanford3dDataset_v1.2_Aligned_Version/Area_5/hallway_8/Annotations/wall_3.txt"
    ]
  },
  {
    "id": 9,
    "parent": 12,
    "children": [
      5,
      7,
      8
    ],
    "label": "wall group",
    "path": [
      "/data/S3DIS/Stanford3dDataset_v1.2_Aligned_Version/Area_5/hallway_8/Annotations/wall_2.txt",
      "/data/S3DIS/Stanford3dDataset_v1.2_Aligned_Version/Area_5/hallway_8/Annotations/wall_1.txt",
      "/data/S3DIS/Stanford3dDataset_v1.2_Aligned_Version/Area_5/hallway_8/Annotations/wall_3.txt"
    ]
  },
  {
    "id": 10,
    "parent": 12,
    "children": [
      2
    ],
    "label": "ceiling group",
    "path": [
      "/data/S3DIS/Stanford3dDataset_v1.2_Aligned_Version/Area_5/hallway_8/Annotations/ceiling_1.txt"
    ]
  },
  {
    "id": 11,
    "parent": 12,
    "children": [
      0
    ],
    "label": "floor group",
    "path": [
      "/data/S3DIS/Stanford3dDataset_v1.2_Aligned_Version/Area_5/hallway_8/Annotations/floor_1.txt"
    ]
  },
  {
    "id": 12,
    "parent": -1,
    "children": [
      9,
      10,
      11
    ],
    "label": "building area",
    "path": [
      "/data/S3DIS/Stanford3dDataset_v1.2_Aligned_Version/Area_5/hallway_8/Annotations/wall_2.txt",
      "/data/S3DIS/Stanford3dDataset_v1.2_Aligned_Version/Area_5/hallway_8/Annotations/wall_1.txt",
      "/data/S3DIS/Stanford3dDataset_v1.2_Aligned_Version/Area_5/hallway_8/Annotations/wall_3.txt",
      "/data/S3DIS/Stanford3dDataset_v1.2_Aligned_Version/Area_5/hallway_8/Annotations/ceiling_1.txt",
      "/data/S3DIS/Stanford3dDataset_v1.2_Aligned_Version/Area_5/hallway_8/Annotations/floor_1.txt"
    ]
  },
  {
    "id": 13,
    "parent": 15,
    "children": [
      1
    ],
    "label": "door group",
    "path": [
      "/data/S3DIS/Stanford3dDataset_v1.2_Aligned_Version/Area_5/hallway_8/Annotations/door_1.txt"
    ]
  },
  {
    "id": 14,
    "parent": 17,
    "children": [
      3
    ],
    "label": "door group",
    "path": [
      "/data/S3DIS/Stanford3dDataset_v1.2_Aligned_Version/Area_5/hallway_8/Annotations/door_2.txt"
    ]
  },
  {
    "id": 15,
    "parent": 16,
    "children": [
      13
    ],
    "label": "entrance area",
    "path": [
      "/data/S3DIS/Stanford3dDataset_v1.2_Aligned_Version/Area_5/hallway_8/Annotations/door_1.txt"
    ]
  },
  {
    "id": 16,
    "parent": -1,
    "children": [
      15
    ],
    "label": "entrance area",
    "path": [
      "/data/S3DIS/Stanford3dDataset_v1.2_Aligned_Version/Area_5/hallway_8/Annotations/door_1.txt"
    ]
  },
  {
    "id": 17,
    "parent": -1,
    "children": [
      14
    ],
    "label": "entrance area",
    "path": [
      "/data/S3DIS/Stanford3dDataset_v1.2_Aligned_Version/Area_5/hallway_8/Annotations/door_2.txt"
    ]
  }
]