[{"id": 0, "parent": 18, "children": [], "label": "floor", "path": ["/data/S3DIS/Stanford3dDataset_v1.2_Aligned_Version/Area_5/hallway_14/Annotations/floor_1.txt"]}, {"id": 1, "parent": 21, "children": [], "label": "door", "path": ["/data/S3DIS/Stanford3dDataset_v1.2_Aligned_Version/Area_5/hallway_14/Annotations/door_1.txt"]}, {"id": 2, "parent": 17, "children": [], "label": "wall", "path": ["/data/S3DIS/Stanford3dDataset_v1.2_Aligned_Version/Area_5/hallway_14/Annotations/wall_6.txt"]}, {"id": 3, "parent": -1, "children": [], "label": "clutter", "path": ["/data/S3DIS/Stanford3dDataset_v1.2_Aligned_Version/Area_5/hallway_14/Annotations/clutter_5.txt"]}, {"id": 4, "parent": 22, "children": [], "label": "door", "path": ["/data/S3DIS/Stanford3dDataset_v1.2_Aligned_Version/Area_5/hallway_14/Annotations/door_3.txt"]}, {"id": 5, "parent": 19, "children": [], "label": "ceiling", "path": ["/data/S3DIS/Stanford3dDataset_v1.2_Aligned_Version/Area_5/hallway_14/Annotations/ceiling_1.txt"]}, {"id": 6, "parent": 21, "children": [], "label": "door", "path": ["/data/S3DIS/Stanford3dDataset_v1.2_Aligned_Version/Area_5/hallway_14/Annotations/door_2.txt"]}, {"id": 7, "parent": -1, "children": [], "label": "clutter", "path": ["/data/S3DIS/Stanford3dDataset_v1.2_Aligned_Version/Area_5/hallway_14/Annotations/clutter_2.txt"]}, {"id": 8, "parent": 17, "children": [], "label": "wall", "path": ["/data/S3DIS/Stanford3dDataset_v1.2_Aligned_Version/Area_5/hallway_14/Annotations/wall_2.txt"]}, {"id": 9, "parent": -1, "children": [], "label": "clutter", "path": ["/data/S3DIS/Stanford3dDataset_v1.2_Aligned_Version/Area_5/hallway_14/Annotations/clutter_1.txt"]}, {"id": 10, "parent": 17, "children": [], "label": "wall", "path": ["/data/S3DIS/Stanford3dDataset_v1.2_Aligned_Version/Area_5/hallway_14/Annotations/wall_5.txt"]}, {"id": 11, "parent": -1, "children": [], "label": "clutter", "path": ["/data/S3DIS/Stanford3dDataset_v1.2_Aligned_Version/Area_5/hallway_14/Annotations/clutter_6.txt"]}, {"id": 12, "parent": -1, "children": [], "label": "clutter", "path": ["/data/S3DIS/Stanford3dDataset_v1.2_Aligned_Version/Area_5/hallway_14/Annotations/clutter_4.txt"]}, {"id": 13, "parent": 17, "children": [], "label": "wall", "path": ["/data/S3DIS/Stanford3dDataset_v1.2_Aligned_Version/Area_5/hallway_14/Annotations/wall_1.txt"]}, {"id": 14, "parent": 17, "children": [], "label": "wall", "path": ["/data/S3DIS/Stanford3dDataset_v1.2_Aligned_Version/Area_5/hallway_14/Annotations/wall_4.txt"]}, {"id": 15, "parent": -1, "children": [], "label": "clutter", "path": ["/data/S3DIS/Stanford3dDataset_v1.2_Aligned_Version/Area_5/hallway_14/Annotations/clutter_3.txt"]}, {"id": 16, "parent": 17, "children": [], "label": "wall", "path": ["/data/S3DIS/Stanford3dDataset_v1.2_Aligned_Version/Area_5/hallway_14/Annotations/wall_3.txt"]}, {"id": 17, "parent": 20, "children": [2, 8, 10, 13, 14, 16], "label": "wall group", "path": ["/data/S3DIS/Stanford3dDataset_v1.2_Aligned_Version/Area_5/hallway_14/Annotations/wall_6.txt", "/data/S3DIS/Stanford3dDataset_v1.2_Aligned_Version/Area_5/hallway_14/Annotations/wall_2.txt", "/data/S3DIS/Stanford3dDataset_v1.2_Aligned_Version/Area_5/hallway_14/Annotations/wall_5.txt", "/data/S3DIS/Stanford3dDataset_v1.2_Aligned_Version/Area_5/hallway_14/Annotations/wall_1.txt", "/data/S3DIS/Stanford3dDataset_v1.2_Aligned_Version/Area_5/hallway_14/Annotations/wall_4.txt", "/data/S3DIS/Stanford3dDataset_v1.2_Aligned_Version/Area_5/hallway_14/Annotations/wall_3.txt"]}, {"id": 18, "parent": 20, "children": [0], "label": "floor group", "path": ["/data/S3DIS/Stanford3dDataset_v1.2_Aligned_Version/Area_5/hallway_14/Annotations/floor_1.txt"]}, {"id": 19, "parent": 20, "children": [5], "label": "ceiling group", "path": ["/data/S3DIS/Stanford3dDataset_v1.2_Aligned_Version/Area_5/hallway_14/Annotations/ceiling_1.txt"]}, {"id": 20, "parent": -1, "children": [17, 18, 19], "label": "building area", "path": ["/data/S3DIS/Stanford3dDataset_v1.2_Aligned_Version/Area_5/hallway_14/Annotations/wall_6.txt", "/data/S3DIS/Stanford3dDataset_v1.2_Aligned_Version/Area_5/hallway_14/Annotations/wall_2.txt", "/data/S3DIS/Stanford3dDataset_v1.2_Aligned_Version/Area_5/hallway_14/Annotations/wall_5.txt", "/data/S3DIS/Stanford3dDataset_v1.2_Aligned_Version/Area_5/hallway_14/Annotations/wall_1.txt", "/data/S3DIS/Stanford3dDataset_v1.2_Aligned_Version/Area_5/hallway_14/Annotations/wall_4.txt", "/data/S3DIS/Stanford3dDataset_v1.2_Aligned_Version/Area_5/hallway_14/Annotations/wall_3.txt", "/data/S3DIS/Stanford3dDataset_v1.2_Aligned_Version/Area_5/hallway_14/Annotations/floor_1.txt", "/data/S3DIS/Stanford3dDataset_v1.2_Aligned_Version/Area_5/hallway_14/Annotations/ceiling_1.txt"]}, {"id": 21, "parent": 23, "children": [1, 6], "label": "door group", "path": ["/data/S3DIS/Stanford3dDataset_v1.2_Aligned_Version/Area_5/hallway_14/Annotations/door_1.txt", "/data/S3DIS/Stanford3dDataset_v1.2_Aligned_Version/Area_5/hallway_14/Annotations/door_2.txt"]}, {"id": 22, "parent": 24, "children": [4], "label": "door group", "path": ["/data/S3DIS/Stanford3dDataset_v1.2_Aligned_Version/Area_5/hallway_14/Annotations/door_3.txt"]}, {"id": 23, "parent": -1, "children": [21], "label": "entrance area", "path": ["/data/S3DIS/Stanford3dDataset_v1.2_Aligned_Version/Area_5/hallway_14/Annotations/door_1.txt", "/data/S3DIS/Stanford3dDataset_v1.2_Aligned_Version/Area_5/hallway_14/Annotations/door_2.txt"]}, {"id": 24, "parent": -1, "children": [22], "label": "entrance area", "path": ["/data/S3DIS/Stanford3dDataset_v1.2_Aligned_Version/Area_5/hallway_14/Annotations/door_3.txt"]}]