[{"id": 0, "parent": 14, "children": [], "label": "floor", "path": ["/data/S3DIS/Stanford3dDataset_v1.2_Aligned_Version/Area_5/hallway_10/Annotations/floor_1.txt"]}, {"id": 1, "parent": 16, "children": [], "label": "door", "path": ["/data/S3DIS/Stanford3dDataset_v1.2_Aligned_Version/Area_5/hallway_10/Annotations/door_1.txt"]}, {"id": 2, "parent": 19, "children": [], "label": "door", "path": ["/data/S3DIS/Stanford3dDataset_v1.2_Aligned_Version/Area_5/hallway_10/Annotations/door_3.txt"]}, {"id": 3, "parent": 17, "children": [], "label": "door", "path": ["/data/S3DIS/Stanford3dDataset_v1.2_Aligned_Version/Area_5/hallway_10/Annotations/door_5.txt"]}, {"id": 4, "parent": 13, "children": [], "label": "ceiling", "path": ["/data/S3DIS/Stanford3dDataset_v1.2_Aligned_Version/Area_5/hallway_10/Annotations/ceiling_1.txt"]}, {"id": 5, "parent": 16, "children": [], "label": "door", "path": ["/data/S3DIS/Stanford3dDataset_v1.2_Aligned_Version/Area_5/hallway_10/Annotations/door_2.txt"]}, {"id": 6, "parent": 12, "children": [], "label": "wall", "path": ["/data/S3DIS/Stanford3dDataset_v1.2_Aligned_Version/Area_5/hallway_10/Annotations/wall_2.txt"]}, {"id": 7, "parent": -1, "children": [], "label": "clutter", "path": ["/data/S3DIS/Stanford3dDataset_v1.2_Aligned_Version/Area_5/hallway_10/Annotations/clutter_1.txt"]}, {"id": 8, "parent": 17, "children": [], "label": "door", "path": ["/data/S3DIS/Stanford3dDataset_v1.2_Aligned_Version/Area_5/hallway_10/Annotations/door_6.txt"]}, {"id": 9, "parent": 12, "children": [], "label": "wall", "path": ["/data/S3DIS/Stanford3dDataset_v1.2_Aligned_Version/Area_5/hallway_10/Annotations/wall_1.txt"]}, {"id": 10, "parent": 18, "children": [], "label": "door", "path": ["/data/S3DIS/Stanford3dDataset_v1.2_Aligned_Version/Area_5/hallway_10/Annotations/door_4.txt"]}, {"id": 11, "parent": 12, "children": [], "label": "wall", "path": ["/data/S3DIS/Stanford3dDataset_v1.2_Aligned_Version/Area_5/hallway_10/Annotations/wall_3.txt"]}, {"id": 12, "parent": 15, "children": [6, 9, 11], "label": "wall group", "path": ["/data/S3DIS/Stanford3dDataset_v1.2_Aligned_Version/Area_5/hallway_10/Annotations/wall_2.txt", "/data/S3DIS/Stanford3dDataset_v1.2_Aligned_Version/Area_5/hallway_10/Annotations/wall_1.txt", "/data/S3DIS/Stanford3dDataset_v1.2_Aligned_Version/Area_5/hallway_10/Annotations/wall_3.txt"]}, {"id": 13, "parent": 15, "children": [4], "label": "ceiling group", "path": ["/data/S3DIS/Stanford3dDataset_v1.2_Aligned_Version/Area_5/hallway_10/Annotations/ceiling_1.txt"]}, {"id": 14, "parent": 15, "children": [0], "label": "floor group", "path": ["/data/S3DIS/Stanford3dDataset_v1.2_Aligned_Version/Area_5/hallway_10/Annotations/floor_1.txt"]}, {"id": 15, "parent": -1, "children": [12, 13, 14], "label": "building area", "path": ["/data/S3DIS/Stanford3dDataset_v1.2_Aligned_Version/Area_5/hallway_10/Annotations/wall_2.txt", "/data/S3DIS/Stanford3dDataset_v1.2_Aligned_Version/Area_5/hallway_10/Annotations/wall_1.txt", "/data/S3DIS/Stanford3dDataset_v1.2_Aligned_Version/Area_5/hallway_10/Annotations/wall_3.txt", "/data/S3DIS/Stanford3dDataset_v1.2_Aligned_Version/Area_5/hallway_10/Annotations/ceiling_1.txt", "/data/S3DIS/Stanford3dDataset_v1.2_Aligned_Version/Area_5/hallway_10/Annotations/floor_1.txt"]}, {"id": 16, "parent": 20, "children": [1, 5], "label": "door group", "path": ["/data/S3DIS/Stanford3dDataset_v1.2_Aligned_Version/Area_5/hallway_10/Annotations/door_1.txt", "/data/S3DIS/Stanford3dDataset_v1.2_Aligned_Version/Area_5/hallway_10/Annotations/door_2.txt"]}, {"id": 17, "parent": 21, "children": [3, 8], "label": "door group", "path": ["/data/S3DIS/Stanford3dDataset_v1.2_Aligned_Version/Area_5/hallway_10/Annotations/door_5.txt", "/data/S3DIS/Stanford3dDataset_v1.2_Aligned_Version/Area_5/hallway_10/Annotations/door_6.txt"]}, {"id": 18, "parent": 22, "children": [10], "label": "door group", "path": ["/data/S3DIS/Stanford3dDataset_v1.2_Aligned_Version/Area_5/hallway_10/Annotations/door_4.txt"]}, {"id": 19, "parent": 23, "children": [2], "label": "door group", "path": ["/data/S3DIS/Stanford3dDataset_v1.2_Aligned_Version/Area_5/hallway_10/Annotations/door_3.txt"]}, {"id": 20, "parent": -1, "children": [16], "label": "entrance area", "path": ["/data/S3DIS/Stanford3dDataset_v1.2_Aligned_Version/Area_5/hallway_10/Annotations/door_1.txt", "/data/S3DIS/Stanford3dDataset_v1.2_Aligned_Version/Area_5/hallway_10/Annotations/door_2.txt"]}, {"id": 21, "parent": -1, "children": [17], "label": "entrance area", "path": ["/data/S3DIS/Stanford3dDataset_v1.2_Aligned_Version/Area_5/hallway_10/Annotations/door_5.txt", "/data/S3DIS/Stanford3dDataset_v1.2_Aligned_Version/Area_5/hallway_10/Annotations/door_6.txt"]}, {"id": 22, "parent": -1, "children": [18], "label": "entrance area", "path": ["/data/S3DIS/Stanford3dDataset_v1.2_Aligned_Version/Area_5/hallway_10/Annotations/door_4.txt"]}, {"id": 23, "parent": -1, "children": [19], "label": "entrance area", "path": ["/data/S3DIS/Stanford3dDataset_v1.2_Aligned_Version/Area_5/hallway_10/Annotations/door_3.txt"]}]