[{"id": 0, "parent": -1, "children": [], "label": "floor", "path": ["/data/S3DIS/Stanford3dDataset_v1.2_Aligned_Version/Area_5/hallway_6/Annotations/floor_1.txt"]}, {"id": 1, "parent": -1, "children": [], "label": "clutter", "path": ["/data/S3DIS/Stanford3dDataset_v1.2_Aligned_Version/Area_5/hallway_6/Annotations/clutter_13.txt"]}, {"id": 2, "parent": -1, "children": [], "label": "door", "path": ["/data/S3DIS/Stanford3dDataset_v1.2_Aligned_Version/Area_5/hallway_6/Annotations/door_1.txt"]}, {"id": 3, "parent": -1, "children": [], "label": "clutter", "path": ["/data/S3DIS/Stanford3dDataset_v1.2_Aligned_Version/Area_5/hallway_6/Annotations/clutter_5.txt"]}, {"id": 4, "parent": -1, "children": [], "label": "door", "path": ["/data/S3DIS/Stanford3dDataset_v1.2_Aligned_Version/Area_5/hallway_6/Annotations/door_3.txt"]}, {"id": 5, "parent": -1, "children": [], "label": "clutter", "path": ["/data/S3DIS/Stanford3dDataset_v1.2_Aligned_Version/Area_5/hallway_6/Annotations/clutter_16.txt"]}, {"id": 6, "parent": -1, "children": [], "label": "ceiling", "path": ["/data/S3DIS/Stanford3dDataset_v1.2_Aligned_Version/Area_5/hallway_6/Annotations/ceiling_1.txt"]}, {"id": 7, "parent": -1, "children": [], "label": "door", "path": ["/data/S3DIS/Stanford3dDataset_v1.2_Aligned_Version/Area_5/hallway_6/Annotations/door_2.txt"]}, {"id": 8, "parent": -1, "children": [], "label": "clutter", "path": ["/data/S3DIS/Stanford3dDataset_v1.2_Aligned_Version/Area_5/hallway_6/Annotations/clutter_9.txt"]}, {"id": 9, "parent": -1, "children": [], "label": "clutter", "path": ["/data/S3DIS/Stanford3dDataset_v1.2_Aligned_Version/Area_5/hallway_6/Annotations/clutter_2.txt"]}, {"id": 10, "parent": -1, "children": [], "label": "wall", "path": ["/data/S3DIS/Stanford3dDataset_v1.2_Aligned_Version/Area_5/hallway_6/Annotations/wall_2.txt"]}, {"id": 11, "parent": -1, "children": [], "label": "clutter", "path": ["/data/S3DIS/Stanford3dDataset_v1.2_Aligned_Version/Area_5/hallway_6/Annotations/clutter_20.txt"]}, {"id": 12, "parent": -1, "children": [], "label": "clutter", "path": ["/data/S3DIS/Stanford3dDataset_v1.2_Aligned_Version/Area_5/hallway_6/Annotations/clutter_1.txt"]}, {"id": 13, "parent": -1, "children": [], "label": "clutter", "path": ["/data/S3DIS/Stanford3dDataset_v1.2_Aligned_Version/Area_5/hallway_6/Annotations/clutter_12.txt"]}, {"id": 14, "parent": -1, "children": [], "label": "clutter", "path": ["/data/S3DIS/Stanford3dDataset_v1.2_Aligned_Version/Area_5/hallway_6/Annotations/clutter_7.txt"]}, {"id": 15, "parent": -1, "children": [], "label": "clutter", "path": ["/data/S3DIS/Stanford3dDataset_v1.2_Aligned_Version/Area_5/hallway_6/Annotations/clutter_8.txt"]}, {"id": 16, "parent": -1, "children": [], "label": "clutter", "path": ["/data/S3DIS/Stanford3dDataset_v1.2_Aligned_Version/Area_5/hallway_6/Annotations/clutter_6.txt"]}, {"id": 17, "parent": -1, "children": [], "label": "clutter", "path": ["/data/S3DIS/Stanford3dDataset_v1.2_Aligned_Version/Area_5/hallway_6/Annotations/clutter_19.txt"]}, {"id": 18, "parent": -1, "children": [], "label": "clutter", "path": ["/data/S3DIS/Stanford3dDataset_v1.2_Aligned_Version/Area_5/hallway_6/Annotations/clutter_10.txt"]}, {"id": 19, "parent": -1, "children": [], "label": "clutter", "path": ["/data/S3DIS/Stanford3dDataset_v1.2_Aligned_Version/Area_5/hallway_6/Annotations/clutter_18.txt"]}, {"id": 20, "parent": -1, "children": [], "label": "clutter", "path": ["/data/S3DIS/Stanford3dDataset_v1.2_Aligned_Version/Area_5/hallway_6/Annotations/clutter_4.txt"]}, {"id": 21, "parent": -1, "children": [], "label": "clutter", "path": ["/data/S3DIS/Stanford3dDataset_v1.2_Aligned_Version/Area_5/hallway_6/Annotations/clutter_11.txt"]}, {"id": 22, "parent": -1, "children": [], "label": "clutter", "path": ["/data/S3DIS/Stanford3dDataset_v1.2_Aligned_Version/Area_5/hallway_6/Annotations/clutter_21.txt"]}, {"id": 23, "parent": -1, "children": [], "label": "wall", "path": ["/data/S3DIS/Stanford3dDataset_v1.2_Aligned_Version/Area_5/hallway_6/Annotations/wall_1.txt"]}, {"id": 24, "parent": -1, "children": [], "label": "clutter", "path": ["/data/S3DIS/Stanford3dDataset_v1.2_Aligned_Version/Area_5/hallway_6/Annotations/clutter_14.txt"]}, {"id": 25, "parent": -1, "children": [], "label": "clutter", "path": ["/data/S3DIS/Stanford3dDataset_v1.2_Aligned_Version/Area_5/hallway_6/Annotations/clutter_22.txt"]}, {"id": 27, "parent": -1, "children": [], "label": "clutter", "path": ["/data/S3DIS/Stanford3dDataset_v1.2_Aligned_Version/Area_5/hallway_6/Annotations/clutter_15.txt"]}, {"id": 28, "parent": -1, "children": [], "label": "clutter", "path": ["/data/S3DIS/Stanford3dDataset_v1.2_Aligned_Version/Area_5/hallway_6/Annotations/clutter_3.txt"]}, {"id": 29, "parent": -1, "children": [], "label": "clutter", "path": ["/data/S3DIS/Stanford3dDataset_v1.2_Aligned_Version/Area_5/hallway_6/Annotations/clutter_17.txt"]}]