[{"id": 0, "parent": 32, "children": [], "label": "sofa", "path": ["/data/S3DIS/Stanford3dDataset_v1.2_Aligned_Version/Area_5/hallway_1/Annotations/sofa_4.txt"]}, {"id": 1, "parent": 29, "children": [], "label": "floor", "path": ["/data/S3DIS/Stanford3dDataset_v1.2_Aligned_Version/Area_5/hallway_1/Annotations/floor_1.txt"]}, {"id": 2, "parent": 37, "children": [], "label": "door", "path": ["/data/S3DIS/Stanford3dDataset_v1.2_Aligned_Version/Area_5/hallway_1/Annotations/door_1.txt"]}, {"id": 3, "parent": 28, "children": [], "label": "ceiling", "path": ["/data/S3DIS/Stanford3dDataset_v1.2_Aligned_Version/Area_5/hallway_1/Annotations/ceiling_1.txt"]}, {"id": 4, "parent": -1, "children": [], "label": "clutter", "path": ["/data/S3DIS/Stanford3dDataset_v1.2_Aligned_Version/Area_5/hallway_1/Annotations/clutter_2.txt"]}, {"id": 5, "parent": 27, "children": [], "label": "wall", "path": ["/data/S3DIS/Stanford3dDataset_v1.2_Aligned_Version/Area_5/hallway_1/Annotations/wall_2.txt"]}, {"id": 6, "parent": 31, "children": [], "label": "column", "path": ["/data/S3DIS/Stanford3dDataset_v1.2_Aligned_Version/Area_5/hallway_1/Annotations/column_4.txt"]}, {"id": 7, "parent": -1, "children": [], "label": "clutter", "path": ["/data/S3DIS/Stanford3dDataset_v1.2_Aligned_Version/Area_5/hallway_1/Annotations/clutter_1.txt"]}, {"id": 8, "parent": 32, "children": [], "label": "sofa", "path": ["/data/S3DIS/Stanford3dDataset_v1.2_Aligned_Version/Area_5/hallway_1/Annotations/sofa_3.txt"]}, {"id": 9, "parent": 32, "children": [], "label": "sofa", "path": ["/data/S3DIS/Stanford3dDataset_v1.2_Aligned_Version/Area_5/hallway_1/Annotations/sofa_2.txt"]}, {"id": 10, "parent": 31, "children": [], "label": "column", "path": ["/data/S3DIS/Stanford3dDataset_v1.2_Aligned_Version/Area_5/hallway_1/Annotations/column_5.txt"]}, {"id": 11, "parent": 32, "children": [], "label": "sofa", "path": ["/data/S3DIS/Stanford3dDataset_v1.2_Aligned_Version/Area_5/hallway_1/Annotations/sofa_1.txt"]}, {"id": 12, "parent": 30, "children": [], "label": "window", "path": ["/data/S3DIS/Stanford3dDataset_v1.2_Aligned_Version/Area_5/hallway_1/Annotations/window_5.txt"]}, {"id": 13, "parent": 30, "children": [], "label": "window", "path": ["/data/S3DIS/Stanford3dDataset_v1.2_Aligned_Version/Area_5/hallway_1/Annotations/window_4.txt"]}, {"id": 14, "parent": 30, "children": [], "label": "window", "path": ["/data/S3DIS/Stanford3dDataset_v1.2_Aligned_Version/Area_5/hallway_1/Annotations/window_2.txt"]}, {"id": 15, "parent": 30, "children": [], "label": "window", "path": ["/data/S3DIS/Stanford3dDataset_v1.2_Aligned_Version/Area_5/hallway_1/Annotations/window_3.txt"]}, {"id": 16, "parent": 30, "children": [], "label": "window", "path": ["/data/S3DIS/Stanford3dDataset_v1.2_Aligned_Version/Area_5/hallway_1/Annotations/window_1.txt"]}, {"id": 17, "parent": 33, "children": [], "label": "bookcase", "path": ["/data/S3DIS/Stanford3dDataset_v1.2_Aligned_Version/Area_5/hallway_1/Annotations/bookcase_1.txt"]}, {"id": 18, "parent": 27, "children": [], "label": "wall", "path": ["/data/S3DIS/Stanford3dDataset_v1.2_Aligned_Version/Area_5/hallway_1/Annotations/wall_1.txt"]}, {"id": 19, "parent": 31, "children": [], "label": "column", "path": ["/data/S3DIS/Stanford3dDataset_v1.2_Aligned_Version/Area_5/hallway_1/Annotations/column_1.txt"]}, {"id": 20, "parent": 31, "children": [], "label": "column", "path": ["/data/S3DIS/Stanford3dDataset_v1.2_Aligned_Version/Area_5/hallway_1/Annotations/column_7.txt"]}, {"id": 21, "parent": 31, "children": [], "label": "column", "path": ["/data/S3DIS/Stanford3dDataset_v1.2_Aligned_Version/Area_5/hallway_1/Annotations/column_3.txt"]}, {"id": 23, "parent": 27, "children": [], "label": "wall", "path": ["/data/S3DIS/Stanford3dDataset_v1.2_Aligned_Version/Area_5/hallway_1/Annotations/wall_4.txt"]}, {"id": 24, "parent": 31, "children": [], "label": "column", "path": ["/data/S3DIS/Stanford3dDataset_v1.2_Aligned_Version/Area_5/hallway_1/Annotations/column_6.txt"]}, {"id": 25, "parent": 31, "children": [], "label": "column", "path": ["/data/S3DIS/Stanford3dDataset_v1.2_Aligned_Version/Area_5/hallway_1/Annotations/column_2.txt"]}, {"id": 26, "parent": 27, "children": [], "label": "wall", "path": ["/data/S3DIS/Stanford3dDataset_v1.2_Aligned_Version/Area_5/hallway_1/Annotations/wall_3.txt"]}, {"id": 27, "parent": 34, "children": [5, 18, 23, 26], "label": "wall group", "path": ["/data/S3DIS/Stanford3dDataset_v1.2_Aligned_Version/Area_5/hallway_1/Annotations/wall_2.txt", "/data/S3DIS/Stanford3dDataset_v1.2_Aligned_Version/Area_5/hallway_1/Annotations/wall_1.txt", "/data/S3DIS/Stanford3dDataset_v1.2_Aligned_Version/Area_5/hallway_1/Annotations/wall_4.txt", "/data/S3DIS/Stanford3dDataset_v1.2_Aligned_Version/Area_5/hallway_1/Annotations/wall_3.txt"]}, {"id": 28, "parent": 34, "children": [3], "label": "ceiling group", "path": ["/data/S3DIS/Stanford3dDataset_v1.2_Aligned_Version/Area_5/hallway_1/Annotations/ceiling_1.txt"]}, {"id": 29, "parent": 34, "children": [1], "label": "floor group", "path": ["/data/S3DIS/Stanford3dDataset_v1.2_Aligned_Version/Area_5/hallway_1/Annotations/floor_1.txt"]}, {"id": 30, "parent": 34, "children": [12, 13, 14, 15, 16], "label": "window group", "path": ["/data/S3DIS/Stanford3dDataset_v1.2_Aligned_Version/Area_5/hallway_1/Annotations/window_5.txt", "/data/S3DIS/Stanford3dDataset_v1.2_Aligned_Version/Area_5/hallway_1/Annotations/window_4.txt", "/data/S3DIS/Stanford3dDataset_v1.2_Aligned_Version/Area_5/hallway_1/Annotations/window_2.txt", "/data/S3DIS/Stanford3dDataset_v1.2_Aligned_Version/Area_5/hallway_1/Annotations/window_3.txt", "/data/S3DIS/Stanford3dDataset_v1.2_Aligned_Version/Area_5/hallway_1/Annotations/window_1.txt"]}, {"id": 31, "parent": 34, "children": [6, 10, 19, 20, 21, 24, 25], "label": "column group", "path": ["/data/S3DIS/Stanford3dDataset_v1.2_Aligned_Version/Area_5/hallway_1/Annotations/column_4.txt", "/data/S3DIS/Stanford3dDataset_v1.2_Aligned_Version/Area_5/hallway_1/Annotations/column_5.txt", "/data/S3DIS/Stanford3dDataset_v1.2_Aligned_Version/Area_5/hallway_1/Annotations/column_1.txt", "/data/S3DIS/Stanford3dDataset_v1.2_Aligned_Version/Area_5/hallway_1/Annotations/column_7.txt", "/data/S3DIS/Stanford3dDataset_v1.2_Aligned_Version/Area_5/hallway_1/Annotations/column_3.txt", "/data/S3DIS/Stanford3dDataset_v1.2_Aligned_Version/Area_5/hallway_1/Annotations/column_6.txt", "/data/S3DIS/Stanford3dDataset_v1.2_Aligned_Version/Area_5/hallway_1/Annotations/column_2.txt"]}, {"id": 32, "parent": 35, "children": [0, 8, 9, 11], "label": "sofa group", "path": ["/data/S3DIS/Stanford3dDataset_v1.2_Aligned_Version/Area_5/hallway_1/Annotations/sofa_4.txt", "/data/S3DIS/Stanford3dDataset_v1.2_Aligned_Version/Area_5/hallway_1/Annotations/sofa_3.txt", "/data/S3DIS/Stanford3dDataset_v1.2_Aligned_Version/Area_5/hallway_1/Annotations/sofa_2.txt", "/data/S3DIS/Stanford3dDataset_v1.2_Aligned_Version/Area_5/hallway_1/Annotations/sofa_1.txt"]}, {"id": 33, "parent": 36, "children": [17], "label": "bookcase group", "path": ["/data/S3DIS/Stanford3dDataset_v1.2_Aligned_Version/Area_5/hallway_1/Annotations/bookcase_1.txt"]}, {"id": 34, "parent": -1, "children": [27, 28, 29, 30, 31], "label": "building area", "path": ["/data/S3DIS/Stanford3dDataset_v1.2_Aligned_Version/Area_5/hallway_1/Annotations/wall_2.txt", "/data/S3DIS/Stanford3dDataset_v1.2_Aligned_Version/Area_5/hallway_1/Annotations/wall_1.txt", "/data/S3DIS/Stanford3dDataset_v1.2_Aligned_Version/Area_5/hallway_1/Annotations/wall_4.txt", "/data/S3DIS/Stanford3dDataset_v1.2_Aligned_Version/Area_5/hallway_1/Annotations/wall_3.txt", "/data/S3DIS/Stanford3dDataset_v1.2_Aligned_Version/Area_5/hallway_1/Annotations/ceiling_1.txt", "/data/S3DIS/Stanford3dDataset_v1.2_Aligned_Version/Area_5/hallway_1/Annotations/floor_1.txt", "/data/S3DIS/Stanford3dDataset_v1.2_Aligned_Version/Area_5/hallway_1/Annotations/window_5.txt", "/data/S3DIS/Stanford3dDataset_v1.2_Aligned_Version/Area_5/hallway_1/Annotations/window_4.txt", "/data/S3DIS/Stanford3dDataset_v1.2_Aligned_Version/Area_5/hallway_1/Annotations/window_2.txt", "/data/S3DIS/Stanford3dDataset_v1.2_Aligned_Version/Area_5/hallway_1/Annotations/window_3.txt", "/data/S3DIS/Stanford3dDataset_v1.2_Aligned_Version/Area_5/hallway_1/Annotations/window_1.txt", "/data/S3DIS/Stanford3dDataset_v1.2_Aligned_Version/Area_5/hallway_1/Annotations/column_4.txt", "/data/S3DIS/Stanford3dDataset_v1.2_Aligned_Version/Area_5/hallway_1/Annotations/column_5.txt", "/data/S3DIS/Stanford3dDataset_v1.2_Aligned_Version/Area_5/hallway_1/Annotations/column_1.txt", "/data/S3DIS/Stanford3dDataset_v1.2_Aligned_Version/Area_5/hallway_1/Annotations/column_7.txt", "/data/S3DIS/Stanford3dDataset_v1.2_Aligned_Version/Area_5/hallway_1/Annotations/column_3.txt", "/data/S3DIS/Stanford3dDataset_v1.2_Aligned_Version/Area_5/hallway_1/Annotations/column_6.txt", "/data/S3DIS/Stanford3dDataset_v1.2_Aligned_Version/Area_5/hallway_1/Annotations/column_2.txt"]}, {"id": 35, "parent": -1, "children": [32], "label": "rest area", "path": ["/data/S3DIS/Stanford3dDataset_v1.2_Aligned_Version/Area_5/hallway_1/Annotations/sofa_4.txt", "/data/S3DIS/Stanford3dDataset_v1.2_Aligned_Version/Area_5/hallway_1/Annotations/sofa_3.txt", "/data/S3DIS/Stanford3dDataset_v1.2_Aligned_Version/Area_5/hallway_1/Annotations/sofa_2.txt", "/data/S3DIS/Stanford3dDataset_v1.2_Aligned_Version/Area_5/hallway_1/Annotations/sofa_1.txt"]}, {"id": 36, "parent": -1, "children": [33], "label": "case area", "path": ["/data/S3DIS/Stanford3dDataset_v1.2_Aligned_Version/Area_5/hallway_1/Annotations/bookcase_1.txt"]}, {"id": 37, "parent": 38, "children": [2], "label": "door group", "path": ["/data/S3DIS/Stanford3dDataset_v1.2_Aligned_Version/Area_5/hallway_1/Annotations/door_1.txt"]}, {"id": 38, "parent": -1, "children": [37], "label": "entrance area", "path": ["/data/S3DIS/Stanford3dDataset_v1.2_Aligned_Version/Area_5/hallway_1/Annotations/door_1.txt"]}]