[{"id": 0, "parent": 8, "children": [], "label": "floor", "path": ["/data/S3DIS/Stanford3dDataset_v1.2_Aligned_Version/Area_5/hallway_11/Annotations/floor_1.txt"]}, {"id": 1, "parent": 11, "children": [], "label": "door", "path": ["/data/S3DIS/Stanford3dDataset_v1.2_Aligned_Version/Area_5/hallway_11/Annotations/door_1.txt"]}, {"id": 2, "parent": 7, "children": [], "label": "ceiling", "path": ["/data/S3DIS/Stanford3dDataset_v1.2_Aligned_Version/Area_5/hallway_11/Annotations/ceiling_1.txt"]}, {"id": 3, "parent": 10, "children": [], "label": "door", "path": ["/data/S3DIS/Stanford3dDataset_v1.2_Aligned_Version/Area_5/hallway_11/Annotations/door_2.txt"]}, {"id": 4, "parent": 6, "children": [], "label": "wall", "path": ["/data/S3DIS/Stanford3dDataset_v1.2_Aligned_Version/Area_5/hallway_11/Annotations/wall_2.txt"]}, {"id": 5, "parent": 6, "children": [], "label": "wall", "path": ["/data/S3DIS/Stanford3dDataset_v1.2_Aligned_Version/Area_5/hallway_11/Annotations/wall_1.txt"]}, {"id": 6, "parent": 9, "children": [4, 5], "label": "wall group", "path": ["/data/S3DIS/Stanford3dDataset_v1.2_Aligned_Version/Area_5/hallway_11/Annotations/wall_2.txt", "/data/S3DIS/Stanford3dDataset_v1.2_Aligned_Version/Area_5/hallway_11/Annotations/wall_1.txt"]}, {"id": 7, "parent": 9, "children": [2], "label": "ceiling group", "path": ["/data/S3DIS/Stanford3dDataset_v1.2_Aligned_Version/Area_5/hallway_11/Annotations/ceiling_1.txt"]}, {"id": 8, "parent": 9, "children": [0], "label": "floor group", "path": ["/data/S3DIS/Stanford3dDataset_v1.2_Aligned_Version/Area_5/hallway_11/Annotations/floor_1.txt"]}, {"id": 9, "parent": -1, "children": [6, 7, 8], "label": "building area", "path": ["/data/S3DIS/Stanford3dDataset_v1.2_Aligned_Version/Area_5/hallway_11/Annotations/wall_2.txt", "/data/S3DIS/Stanford3dDataset_v1.2_Aligned_Version/Area_5/hallway_11/Annotations/wall_1.txt", "/data/S3DIS/Stanford3dDataset_v1.2_Aligned_Version/Area_5/hallway_11/Annotations/ceiling_1.txt", "/data/S3DIS/Stanford3dDataset_v1.2_Aligned_Version/Area_5/hallway_11/Annotations/floor_1.txt"]}, {"id": 10, "parent": 12, "children": [3], "label": "door group", "path": ["/data/S3DIS/Stanford3dDataset_v1.2_Aligned_Version/Area_5/hallway_11/Annotations/door_2.txt"]}, {"id": 11, "parent": 13, "children": [1], "label": "door group", "path": ["/data/S3DIS/Stanford3dDataset_v1.2_Aligned_Version/Area_5/hallway_11/Annotations/door_1.txt"]}, {"id": 12, "parent": -1, "children": [10], "label": "entrance area", "path": ["/data/S3DIS/Stanford3dDataset_v1.2_Aligned_Version/Area_5/hallway_11/Annotations/door_2.txt"]}, {"id": 13, "parent": -1, "children": [11], "label": "entrance area", "path": ["/data/S3DIS/Stanford3dDataset_v1.2_Aligned_Version/Area_5/hallway_11/Annotations/door_1.txt"]}]