[{"id": 0, "parent": 15, "children": [], "label": "floor", "path": ["/data/S3DIS/Stanford3dDataset_v1.2_Aligned_Version/Area_5/hallway_15/Annotations/floor_1.txt"]}, {"id": 1, "parent": 20, "children": [], "label": "door", "path": ["/data/S3DIS/Stanford3dDataset_v1.2_Aligned_Version/Area_5/hallway_15/Annotations/door_1.txt"]}, {"id": 2, "parent": 16, "children": [], "label": "ceiling", "path": ["/data/S3DIS/Stanford3dDataset_v1.2_Aligned_Version/Area_5/hallway_15/Annotations/ceiling_1.txt"]}, {"id": 3, "parent": 21, "children": [], "label": "door", "path": ["/data/S3DIS/Stanford3dDataset_v1.2_Aligned_Version/Area_5/hallway_15/Annotations/door_2.txt"]}, {"id": 4, "parent": -1, "children": [], "label": "clutter", "path": ["/data/S3DIS/Stanford3dDataset_v1.2_Aligned_Version/Area_5/hallway_15/Annotations/clutter_2.txt"]}, {"id": 5, "parent": 14, "children": [], "label": "wall", "path": ["/data/S3DIS/Stanford3dDataset_v1.2_Aligned_Version/Area_5/hallway_15/Annotations/wall_2.txt"]}, {"id": 6, "parent": -1, "children": [], "label": "clutter", "path": ["/data/S3DIS/Stanford3dDataset_v1.2_Aligned_Version/Area_5/hallway_15/Annotations/clutter_1.txt"]}, {"id": 7, "parent": 18, "children": [], "label": "window", "path": ["/data/S3DIS/Stanford3dDataset_v1.2_Aligned_Version/Area_5/hallway_15/Annotations/window_2.txt"]}, {"id": 8, "parent": 18, "children": [], "label": "window", "path": ["/data/S3DIS/Stanford3dDataset_v1.2_Aligned_Version/Area_5/hallway_15/Annotations/window_3.txt"]}, {"id": 9, "parent": 19, "children": [], "label": "window", "path": ["/data/S3DIS/Stanford3dDataset_v1.2_Aligned_Version/Area_5/hallway_15/Annotations/window_1.txt"]}, {"id": 10, "parent": 14, "children": [], "label": "wall", "path": ["/data/S3DIS/Stanford3dDataset_v1.2_Aligned_Version/Area_5/hallway_15/Annotations/wall_1.txt"]}, {"id": 11, "parent": 17, "children": [], "label": "column", "path": ["/data/S3DIS/Stanford3dDataset_v1.2_Aligned_Version/Area_5/hallway_15/Annotations/column_1.txt"]}, {"id": 12, "parent": -1, "children": [], "label": "clutter", "path": ["/data/S3DIS/Stanford3dDataset_v1.2_Aligned_Version/Area_5/hallway_15/Annotations/clutter_3.txt"]}, {"id": 13, "parent": 14, "children": [], "label": "wall", "path": ["/data/S3DIS/Stanford3dDataset_v1.2_Aligned_Version/Area_5/hallway_15/Annotations/wall_3.txt"]}, {"id": 14, "parent": 22, "children": [5, 10, 13], "label": "wall group", "path": ["/data/S3DIS/Stanford3dDataset_v1.2_Aligned_Version/Area_5/hallway_15/Annotations/wall_2.txt", "/data/S3DIS/Stanford3dDataset_v1.2_Aligned_Version/Area_5/hallway_15/Annotations/wall_1.txt", "/data/S3DIS/Stanford3dDataset_v1.2_Aligned_Version/Area_5/hallway_15/Annotations/wall_3.txt"]}, {"id": 15, "parent": 22, "children": [0], "label": "floor group", "path": ["/data/S3DIS/Stanford3dDataset_v1.2_Aligned_Version/Area_5/hallway_15/Annotations/floor_1.txt"]}, {"id": 16, "parent": 22, "children": [2], "label": "ceiling group", "path": ["/data/S3DIS/Stanford3dDataset_v1.2_Aligned_Version/Area_5/hallway_15/Annotations/ceiling_1.txt"]}, {"id": 17, "parent": 22, "children": [11], "label": "column group", "path": ["/data/S3DIS/Stanford3dDataset_v1.2_Aligned_Version/Area_5/hallway_15/Annotations/column_1.txt"]}, {"id": 18, "parent": 22, "children": [7, 8], "label": "window group", "path": ["/data/S3DIS/Stanford3dDataset_v1.2_Aligned_Version/Area_5/hallway_15/Annotations/window_2.txt", "/data/S3DIS/Stanford3dDataset_v1.2_Aligned_Version/Area_5/hallway_15/Annotations/window_3.txt"]}, {"id": 19, "parent": 22, "children": [9], "label": "window group", "path": ["/data/S3DIS/Stanford3dDataset_v1.2_Aligned_Version/Area_5/hallway_15/Annotations/window_1.txt"]}, {"id": 20, "parent": 23, "children": [1], "label": "door group", "path": ["/data/S3DIS/Stanford3dDataset_v1.2_Aligned_Version/Area_5/hallway_15/Annotations/door_1.txt"]}, {"id": 21, "parent": 24, "children": [3], "label": "door group", "path": ["/data/S3DIS/Stanford3dDataset_v1.2_Aligned_Version/Area_5/hallway_15/Annotations/door_2.txt"]}, {"id": 22, "parent": -1, "children": [14, 15, 16, 17, 18, 19], "label": "building area", "path": ["/data/S3DIS/Stanford3dDataset_v1.2_Aligned_Version/Area_5/hallway_15/Annotations/wall_2.txt", "/data/S3DIS/Stanford3dDataset_v1.2_Aligned_Version/Area_5/hallway_15/Annotations/wall_1.txt", "/data/S3DIS/Stanford3dDataset_v1.2_Aligned_Version/Area_5/hallway_15/Annotations/wall_3.txt", "/data/S3DIS/Stanford3dDataset_v1.2_Aligned_Version/Area_5/hallway_15/Annotations/floor_1.txt", "/data/S3DIS/Stanford3dDataset_v1.2_Aligned_Version/Area_5/hallway_15/Annotations/ceiling_1.txt", "/data/S3DIS/Stanford3dDataset_v1.2_Aligned_Version/Area_5/hallway_15/Annotations/column_1.txt", "/data/S3DIS/Stanford3dDataset_v1.2_Aligned_Version/Area_5/hallway_15/Annotations/window_2.txt", "/data/S3DIS/Stanford3dDataset_v1.2_Aligned_Version/Area_5/hallway_15/Annotations/window_3.txt", "/data/S3DIS/Stanford3dDataset_v1.2_Aligned_Version/Area_5/hallway_15/Annotations/window_1.txt"]}, {"id": 23, "parent": -1, "children": [20], "label": "entrance area", "path": ["/data/S3DIS/Stanford3dDataset_v1.2_Aligned_Version/Area_5/hallway_15/Annotations/door_1.txt"]}, {"id": 24, "parent": -1, "children": [21], "label": "entrance area", "path": ["/data/S3DIS/Stanford3dDataset_v1.2_Aligned_Version/Area_5/hallway_15/Annotations/door_2.txt"]}]