[{"id": 0, "parent": 55, "children": [], "label": "chair", "path": ["/data/S3DIS/Stanford3dDataset_v1.2_Aligned_Version/Area_5/lobby_1/Annotations/chair_8.txt"]}, {"id": 1, "parent": 56, "children": [], "label": "chair", "path": ["/data/S3DIS/Stanford3dDataset_v1.2_Aligned_Version/Area_5/lobby_1/Annotations/chair_21.txt"]}, {"id": 2, "parent": 46, "children": [], "label": "floor", "path": ["/data/S3DIS/Stanford3dDataset_v1.2_Aligned_Version/Area_5/lobby_1/Annotations/floor_1.txt"]}, {"id": 3, "parent": -1, "children": [], "label": "clutter", "path": ["/data/S3DIS/Stanford3dDataset_v1.2_Aligned_Version/Area_5/lobby_1/Annotations/clutter_5.txt"]}, {"id": 4, "parent": 51, "children": [], "label": "table", "path": ["/data/S3DIS/Stanford3dDataset_v1.2_Aligned_Version/Area_5/lobby_1/Annotations/table_2.txt"]}, {"id": 6, "parent": 47, "children": [], "label": "ceiling", "path": ["/data/S3DIS/Stanford3dDataset_v1.2_Aligned_Version/Area_5/lobby_1/Annotations/ceiling_1.txt"]}, {"id": 7, "parent": 55, "children": [], "label": "chair", "path": ["/data/S3DIS/Stanford3dDataset_v1.2_Aligned_Version/Area_5/lobby_1/Annotations/chair_10.txt"]}, {"id": 8, "parent": -1, "children": [], "label": "clutter", "path": ["/data/S3DIS/Stanford3dDataset_v1.2_Aligned_Version/Area_5/lobby_1/Annotations/clutter_2.txt"]}, {"id": 9, "parent": 48, "children": [], "label": "wall", "path": ["/data/S3DIS/Stanford3dDataset_v1.2_Aligned_Version/Area_5/lobby_1/Annotations/wall_2.txt"]}, {"id": 10, "parent": 57, "children": [], "label": "chair", "path": ["/data/S3DIS/Stanford3dDataset_v1.2_Aligned_Version/Area_5/lobby_1/Annotations/chair_16.txt"]}, {"id": 11, "parent": -1, "children": [], "label": "clutter", "path": ["/data/S3DIS/Stanford3dDataset_v1.2_Aligned_Version/Area_5/lobby_1/Annotations/clutter_1.txt"]}, {"id": 12, "parent": -1, "children": [], "label": "clutter", "path": ["/data/S3DIS/Stanford3dDataset_v1.2_Aligned_Version/Area_5/lobby_1/Annotations/clutter_7.txt"]}, {"id": 13, "parent": 60, "children": [], "label": "chair", "path": ["/data/S3DIS/Stanford3dDataset_v1.2_Aligned_Version/Area_5/lobby_1/Annotations/chair_1.txt"]}, {"id": 14, "parent": 58, "children": [], "label": "chair", "path": ["/data/S3DIS/Stanford3dDataset_v1.2_Aligned_Version/Area_5/lobby_1/Annotations/chair_20.txt"]}, {"id": 15, "parent": 55, "children": [], "label": "chair", "path": ["/data/S3DIS/Stanford3dDataset_v1.2_Aligned_Version/Area_5/lobby_1/Annotations/chair_9.txt"]}, {"id": 16, "parent": 48, "children": [], "label": "wall", "path": ["/data/S3DIS/Stanford3dDataset_v1.2_Aligned_Version/Area_5/lobby_1/Annotations/wall_5.txt"]}, {"id": 17, "parent": 53, "children": [], "label": "table", "path": ["/data/S3DIS/Stanford3dDataset_v1.2_Aligned_Version/Area_5/lobby_1/Annotations/table_4.txt"]}, {"id": 18, "parent": 58, "children": [], "label": "chair", "path": ["/data/S3DIS/Stanford3dDataset_v1.2_Aligned_Version/Area_5/lobby_1/Annotations/chair_18.txt"]}, {"id": 19, "parent": -1, "children": [], "label": "clutter", "path": ["/data/S3DIS/Stanford3dDataset_v1.2_Aligned_Version/Area_5/lobby_1/Annotations/clutter_6.txt"]}, {"id": 20, "parent": 59, "children": [], "label": "chair", "path": ["/data/S3DIS/Stanford3dDataset_v1.2_Aligned_Version/Area_5/lobby_1/Annotations/chair_6.txt"]}, {"id": 21, "parent": 57, "children": [], "label": "chair", "path": ["/data/S3DIS/Stanford3dDataset_v1.2_Aligned_Version/Area_5/lobby_1/Annotations/chair_15.txt"]}, {"id": 22, "parent": 56, "children": [], "label": "chair", "path": ["/data/S3DIS/Stanford3dDataset_v1.2_Aligned_Version/Area_5/lobby_1/Annotations/chair_24.txt"]}, {"id": 23, "parent": -1, "children": [], "label": "clutter", "path": ["/data/S3DIS/Stanford3dDataset_v1.2_Aligned_Version/Area_5/lobby_1/Annotations/clutter_4.txt"]}, {"id": 24, "parent": 54, "children": [], "label": "table", "path": ["/data/S3DIS/Stanford3dDataset_v1.2_Aligned_Version/Area_5/lobby_1/Annotations/table_5.txt"]}, {"id": 25, "parent": 59, "children": [], "label": "chair", "path": ["/data/S3DIS/Stanford3dDataset_v1.2_Aligned_Version/Area_5/lobby_1/Annotations/chair_5.txt"]}, {"id": 26, "parent": 52, "children": [], "label": "table", "path": ["/data/S3DIS/Stanford3dDataset_v1.2_Aligned_Version/Area_5/lobby_1/Annotations/table_6.txt"]}, {"id": 27, "parent": 59, "children": [], "label": "chair", "path": ["/data/S3DIS/Stanford3dDataset_v1.2_Aligned_Version/Area_5/lobby_1/Annotations/chair_4.txt"]}, {"id": 28, "parent": 48, "children": [], "label": "wall", "path": ["/data/S3DIS/Stanford3dDataset_v1.2_Aligned_Version/Area_5/lobby_1/Annotations/wall_1.txt"]}, {"id": 29, "parent": 55, "children": [], "label": "chair", "path": ["/data/S3DIS/Stanford3dDataset_v1.2_Aligned_Version/Area_5/lobby_1/Annotations/chair_7.txt"]}, {"id": 30, "parent": 58, "children": [], "label": "chair", "path": ["/data/S3DIS/Stanford3dDataset_v1.2_Aligned_Version/Area_5/lobby_1/Annotations/chair_17.txt"]}, {"id": 31, "parent": 57, "children": [], "label": "chair", "path": ["/data/S3DIS/Stanford3dDataset_v1.2_Aligned_Version/Area_5/lobby_1/Annotations/chair_12.txt"]}, {"id": 32, "parent": 59, "children": [], "label": "chair", "path": ["/data/S3DIS/Stanford3dDataset_v1.2_Aligned_Version/Area_5/lobby_1/Annotations/chair_3.txt"]}, {"id": 33, "parent": 56, "children": [], "label": "chair", "path": ["/data/S3DIS/Stanford3dDataset_v1.2_Aligned_Version/Area_5/lobby_1/Annotations/chair_23.txt"]}, {"id": 34, "parent": 50, "children": [], "label": "table", "path": ["/data/S3DIS/Stanford3dDataset_v1.2_Aligned_Version/Area_5/lobby_1/Annotations/table_3.txt"]}, {"id": 35, "parent": 55, "children": [], "label": "chair", "path": ["/data/S3DIS/Stanford3dDataset_v1.2_Aligned_Version/Area_5/lobby_1/Annotations/chair_11.txt"]}, {"id": 36, "parent": 57, "children": [], "label": "chair", "path": ["/data/S3DIS/Stanford3dDataset_v1.2_Aligned_Version/Area_5/lobby_1/Annotations/chair_13.txt"]}, {"id": 37, "parent": 57, "children": [], "label": "chair", "path": ["/data/S3DIS/Stanford3dDataset_v1.2_Aligned_Version/Area_5/lobby_1/Annotations/chair_14.txt"]}, {"id": 39, "parent": 49, "children": [], "label": "table", "path": ["/data/S3DIS/Stanford3dDataset_v1.2_Aligned_Version/Area_5/lobby_1/Annotations/table_1.txt"]}, {"id": 40, "parent": 48, "children": [], "label": "wall", "path": ["/data/S3DIS/Stanford3dDataset_v1.2_Aligned_Version/Area_5/lobby_1/Annotations/wall_4.txt"]}, {"id": 41, "parent": 56, "children": [], "label": "chair", "path": ["/data/S3DIS/Stanford3dDataset_v1.2_Aligned_Version/Area_5/lobby_1/Annotations/chair_22.txt"]}, {"id": 42, "parent": 58, "children": [], "label": "chair", "path": ["/data/S3DIS/Stanford3dDataset_v1.2_Aligned_Version/Area_5/lobby_1/Annotations/chair_19.txt"]}, {"id": 43, "parent": -1, "children": [], "label": "clutter", "path": ["/data/S3DIS/Stanford3dDataset_v1.2_Aligned_Version/Area_5/lobby_1/Annotations/clutter_3.txt"]}, {"id": 44, "parent": 60, "children": [], "label": "chair", "path": ["/data/S3DIS/Stanford3dDataset_v1.2_Aligned_Version/Area_5/lobby_1/Annotations/chair_2.txt"]}, {"id": 45, "parent": 48, "children": [], "label": "wall", "path": ["/data/S3DIS/Stanford3dDataset_v1.2_Aligned_Version/Area_5/lobby_1/Annotations/wall_3.txt"]}, {"id": 46, "parent": 61, "children": [2], "label": "floor group", "path": ["/data/S3DIS/Stanford3dDataset_v1.2_Aligned_Version/Area_5/lobby_1/Annotations/floor_1.txt"]}, {"id": 47, "parent": 61, "children": [6], "label": "ceiling group", "path": ["/data/S3DIS/Stanford3dDataset_v1.2_Aligned_Version/Area_5/lobby_1/Annotations/ceiling_1.txt"]}, {"id": 48, "parent": 61, "children": [9, 16, 28, 40, 45], "label": "wall group", "path": ["/data/S3DIS/Stanford3dDataset_v1.2_Aligned_Version/Area_5/lobby_1/Annotations/wall_2.txt", "/data/S3DIS/Stanford3dDataset_v1.2_Aligned_Version/Area_5/lobby_1/Annotations/wall_5.txt", "/data/S3DIS/Stanford3dDataset_v1.2_Aligned_Version/Area_5/lobby_1/Annotations/wall_1.txt", "/data/S3DIS/Stanford3dDataset_v1.2_Aligned_Version/Area_5/lobby_1/Annotations/wall_4.txt", "/data/S3DIS/Stanford3dDataset_v1.2_Aligned_Version/Area_5/lobby_1/Annotations/wall_3.txt"]}, {"id": 49, "parent": 62, "children": [39], "label": "table group", "path": ["/data/S3DIS/Stanford3dDataset_v1.2_Aligned_Version/Area_5/lobby_1/Annotations/table_1.txt"]}, {"id": 50, "parent": 63, "children": [34], "label": "table group", "path": ["/data/S3DIS/Stanford3dDataset_v1.2_Aligned_Version/Area_5/lobby_1/Annotations/table_3.txt"]}, {"id": 51, "parent": 64, "children": [4], "label": "table group", "path": ["/data/S3DIS/Stanford3dDataset_v1.2_Aligned_Version/Area_5/lobby_1/Annotations/table_2.txt"]}, {"id": 52, "parent": 65, "children": [26], "label": "table group", "path": ["/data/S3DIS/Stanford3dDataset_v1.2_Aligned_Version/Area_5/lobby_1/Annotations/table_6.txt"]}, {"id": 53, "parent": 66, "children": [17], "label": "table group", "path": ["/data/S3DIS/Stanford3dDataset_v1.2_Aligned_Version/Area_5/lobby_1/Annotations/table_4.txt"]}, {"id": 54, "parent": 67, "children": [24], "label": "table group", "path": ["/data/S3DIS/Stanford3dDataset_v1.2_Aligned_Version/Area_5/lobby_1/Annotations/table_5.txt"]}, {"id": 55, "parent": 63, "children": [0, 7, 15, 29, 35], "label": "chair group", "path": ["/data/S3DIS/Stanford3dDataset_v1.2_Aligned_Version/Area_5/lobby_1/Annotations/chair_8.txt", "/data/S3DIS/Stanford3dDataset_v1.2_Aligned_Version/Area_5/lobby_1/Annotations/chair_10.txt", "/data/S3DIS/Stanford3dDataset_v1.2_Aligned_Version/Area_5/lobby_1/Annotations/chair_9.txt", "/data/S3DIS/Stanford3dDataset_v1.2_Aligned_Version/Area_5/lobby_1/Annotations/chair_7.txt", "/data/S3DIS/Stanford3dDataset_v1.2_Aligned_Version/Area_5/lobby_1/Annotations/chair_11.txt"]}, {"id": 56, "parent": 65, "children": [1, 22, 33, 41], "label": "chair group", "path": ["/data/S3DIS/Stanford3dDataset_v1.2_Aligned_Version/Area_5/lobby_1/Annotations/chair_21.txt", "/data/S3DIS/Stanford3dDataset_v1.2_Aligned_Version/Area_5/lobby_1/Annotations/chair_24.txt", "/data/S3DIS/Stanford3dDataset_v1.2_Aligned_Version/Area_5/lobby_1/Annotations/chair_23.txt", "/data/S3DIS/Stanford3dDataset_v1.2_Aligned_Version/Area_5/lobby_1/Annotations/chair_22.txt"]}, {"id": 57, "parent": 66, "children": [10, 21, 31, 36, 37], "label": "chair group", "path": ["/data/S3DIS/Stanford3dDataset_v1.2_Aligned_Version/Area_5/lobby_1/Annotations/chair_16.txt", "/data/S3DIS/Stanford3dDataset_v1.2_Aligned_Version/Area_5/lobby_1/Annotations/chair_15.txt", "/data/S3DIS/Stanford3dDataset_v1.2_Aligned_Version/Area_5/lobby_1/Annotations/chair_12.txt", "/data/S3DIS/Stanford3dDataset_v1.2_Aligned_Version/Area_5/lobby_1/Annotations/chair_13.txt", "/data/S3DIS/Stanford3dDataset_v1.2_Aligned_Version/Area_5/lobby_1/Annotations/chair_14.txt"]}, {"id": 58, "parent": 67, "children": [14, 18, 30, 42], "label": "chair group", "path": ["/data/S3DIS/Stanford3dDataset_v1.2_Aligned_Version/Area_5/lobby_1/Annotations/chair_20.txt", "/data/S3DIS/Stanford3dDataset_v1.2_Aligned_Version/Area_5/lobby_1/Annotations/chair_18.txt", "/data/S3DIS/Stanford3dDataset_v1.2_Aligned_Version/Area_5/lobby_1/Annotations/chair_17.txt", "/data/S3DIS/Stanford3dDataset_v1.2_Aligned_Version/Area_5/lobby_1/Annotations/chair_19.txt"]}, {"id": 59, "parent": 64, "children": [20, 25, 27, 32], "label": "chair group", "path": ["/data/S3DIS/Stanford3dDataset_v1.2_Aligned_Version/Area_5/lobby_1/Annotations/chair_6.txt", "/data/S3DIS/Stanford3dDataset_v1.2_Aligned_Version/Area_5/lobby_1/Annotations/chair_5.txt", "/data/S3DIS/Stanford3dDataset_v1.2_Aligned_Version/Area_5/lobby_1/Annotations/chair_4.txt", "/data/S3DIS/Stanford3dDataset_v1.2_Aligned_Version/Area_5/lobby_1/Annotations/chair_3.txt"]}, {"id": 60, "parent": 62, "children": [13, 44], "label": "chair group", "path": ["/data/S3DIS/Stanford3dDataset_v1.2_Aligned_Version/Area_5/lobby_1/Annotations/chair_1.txt", "/data/S3DIS/Stanford3dDataset_v1.2_Aligned_Version/Area_5/lobby_1/Annotations/chair_2.txt"]}, {"id": 61, "parent": -1, "children": [46, 47, 48], "label": "building area", "path": ["/data/S3DIS/Stanford3dDataset_v1.2_Aligned_Version/Area_5/lobby_1/Annotations/floor_1.txt", "/data/S3DIS/Stanford3dDataset_v1.2_Aligned_Version/Area_5/lobby_1/Annotations/ceiling_1.txt", "/data/S3DIS/Stanford3dDataset_v1.2_Aligned_Version/Area_5/lobby_1/Annotations/wall_2.txt", "/data/S3DIS/Stanford3dDataset_v1.2_Aligned_Version/Area_5/lobby_1/Annotations/wall_5.txt", "/data/S3DIS/Stanford3dDataset_v1.2_Aligned_Version/Area_5/lobby_1/Annotations/wall_1.txt", "/data/S3DIS/Stanford3dDataset_v1.2_Aligned_Version/Area_5/lobby_1/Annotations/wall_4.txt", "/data/S3DIS/Stanford3dDataset_v1.2_Aligned_Version/Area_5/lobby_1/Annotations/wall_3.txt"]}, {"id": 62, "parent": -1, "children": [49, 60], "label": "rest area", "path": ["/data/S3DIS/Stanford3dDataset_v1.2_Aligned_Version/Area_5/lobby_1/Annotations/table_1.txt", "/data/S3DIS/Stanford3dDataset_v1.2_Aligned_Version/Area_5/lobby_1/Annotations/chair_1.txt", "/data/S3DIS/Stanford3dDataset_v1.2_Aligned_Version/Area_5/lobby_1/Annotations/chair_2.txt"]}, {"id": 63, "parent": -1, "children": [50, 55], "label": "rest area", "path": ["/data/S3DIS/Stanford3dDataset_v1.2_Aligned_Version/Area_5/lobby_1/Annotations/table_3.txt", "/data/S3DIS/Stanford3dDataset_v1.2_Aligned_Version/Area_5/lobby_1/Annotations/chair_8.txt", "/data/S3DIS/Stanford3dDataset_v1.2_Aligned_Version/Area_5/lobby_1/Annotations/chair_10.txt", "/data/S3DIS/Stanford3dDataset_v1.2_Aligned_Version/Area_5/lobby_1/Annotations/chair_9.txt", "/data/S3DIS/Stanford3dDataset_v1.2_Aligned_Version/Area_5/lobby_1/Annotations/chair_7.txt", "/data/S3DIS/Stanford3dDataset_v1.2_Aligned_Version/Area_5/lobby_1/Annotations/chair_11.txt"]}, {"id": 64, "parent": -1, "children": [51, 59], "label": "rest area", "path": ["/data/S3DIS/Stanford3dDataset_v1.2_Aligned_Version/Area_5/lobby_1/Annotations/table_2.txt", "/data/S3DIS/Stanford3dDataset_v1.2_Aligned_Version/Area_5/lobby_1/Annotations/chair_6.txt", "/data/S3DIS/Stanford3dDataset_v1.2_Aligned_Version/Area_5/lobby_1/Annotations/chair_5.txt", "/data/S3DIS/Stanford3dDataset_v1.2_Aligned_Version/Area_5/lobby_1/Annotations/chair_4.txt", "/data/S3DIS/Stanford3dDataset_v1.2_Aligned_Version/Area_5/lobby_1/Annotations/chair_3.txt"]}, {"id": 65, "parent": -1, "children": [52, 56], "label": "rest area", "path": ["/data/S3DIS/Stanford3dDataset_v1.2_Aligned_Version/Area_5/lobby_1/Annotations/table_6.txt", "/data/S3DIS/Stanford3dDataset_v1.2_Aligned_Version/Area_5/lobby_1/Annotations/chair_21.txt", "/data/S3DIS/Stanford3dDataset_v1.2_Aligned_Version/Area_5/lobby_1/Annotations/chair_24.txt", "/data/S3DIS/Stanford3dDataset_v1.2_Aligned_Version/Area_5/lobby_1/Annotations/chair_23.txt", "/data/S3DIS/Stanford3dDataset_v1.2_Aligned_Version/Area_5/lobby_1/Annotations/chair_22.txt"]}, {"id": 66, "parent": -1, "children": [53, 57], "label": "rest area", "path": ["/data/S3DIS/Stanford3dDataset_v1.2_Aligned_Version/Area_5/lobby_1/Annotations/table_4.txt", "/data/S3DIS/Stanford3dDataset_v1.2_Aligned_Version/Area_5/lobby_1/Annotations/chair_16.txt", "/data/S3DIS/Stanford3dDataset_v1.2_Aligned_Version/Area_5/lobby_1/Annotations/chair_15.txt", "/data/S3DIS/Stanford3dDataset_v1.2_Aligned_Version/Area_5/lobby_1/Annotations/chair_12.txt", "/data/S3DIS/Stanford3dDataset_v1.2_Aligned_Version/Area_5/lobby_1/Annotations/chair_13.txt", "/data/S3DIS/Stanford3dDataset_v1.2_Aligned_Version/Area_5/lobby_1/Annotations/chair_14.txt"]}, {"id": 67, "parent": -1, "children": [54, 58], "label": "rest area", "path": ["/data/S3DIS/Stanford3dDataset_v1.2_Aligned_Version/Area_5/lobby_1/Annotations/table_5.txt", "/data/S3DIS/Stanford3dDataset_v1.2_Aligned_Version/Area_5/lobby_1/Annotations/chair_20.txt", "/data/S3DIS/Stanford3dDataset_v1.2_Aligned_Version/Area_5/lobby_1/Annotations/chair_18.txt", "/data/S3DIS/Stanford3dDataset_v1.2_Aligned_Version/Area_5/lobby_1/Annotations/chair_17.txt", "/data/S3DIS/Stanford3dDataset_v1.2_Aligned_Version/Area_5/lobby_1/Annotations/chair_19.txt"]}]