[{"id": 0, "parent": 92, "children": [], "label": "chair", "path": ["/data/S3DIS/Stanford3dDataset_v1.2_Aligned_Version/Area_5/office_37/Annotations/chair_8.txt"]}, {"id": 1, "parent": 90, "children": [], "label": "table", "path": ["/data/S3DIS/Stanford3dDataset_v1.2_Aligned_Version/Area_5/office_37/Annotations/table_8.txt"]}, {"id": 2, "parent": 83, "children": [], "label": "floor", "path": ["/data/S3DIS/Stanford3dDataset_v1.2_Aligned_Version/Area_5/office_37/Annotations/floor_1.txt"]}, {"id": 3, "parent": -1, "children": [], "label": "clutter", "path": ["/data/S3DIS/Stanford3dDataset_v1.2_Aligned_Version/Area_5/office_37/Annotations/clutter_13.txt"]}, {"id": 4, "parent": 105, "children": [], "label": "bookcase", "path": ["/data/S3DIS/Stanford3dDataset_v1.2_Aligned_Version/Area_5/office_37/Annotations/bookcase_7.txt"]}, {"id": 5, "parent": 84, "children": [], "label": "door", "path": ["/data/S3DIS/Stanford3dDataset_v1.2_Aligned_Version/Area_5/office_37/Annotations/door_1.txt"]}, {"id": 6, "parent": 104, "children": [], "label": "bookcase", "path": ["/data/S3DIS/Stanford3dDataset_v1.2_Aligned_Version/Area_5/office_37/Annotations/bookcase_2.txt"]}, {"id": 7, "parent": -1, "children": [], "label": "clutter", "path": ["/data/S3DIS/Stanford3dDataset_v1.2_Aligned_Version/Area_5/office_37/Annotations/clutter_25.txt"]}, {"id": 8, "parent": -1, "children": [], "label": "clutter", "path": ["/data/S3DIS/Stanford3dDataset_v1.2_Aligned_Version/Area_5/office_37/Annotations/clutter_5.txt"]}, {"id": 9, "parent": -1, "children": [], "label": "clutter", "path": ["/data/S3DIS/Stanford3dDataset_v1.2_Aligned_Version/Area_5/office_37/Annotations/clutter_16.txt"]}, {"id": 10, "parent": 89, "children": [], "label": "table", "path": ["/data/S3DIS/Stanford3dDataset_v1.2_Aligned_Version/Area_5/office_37/Annotations/table_2.txt"]}, {"id": 11, "parent": -1, "children": [], "label": "clutter", "path": ["/data/S3DIS/Stanford3dDataset_v1.2_Aligned_Version/Area_5/office_37/Annotations/clutter_33.txt"]}, {"id": 13, "parent": -1, "children": [], "label": "clutter", "path": ["/data/S3DIS/Stanford3dDataset_v1.2_Aligned_Version/Area_5/office_37/Annotations/clutter_27.txt"]}, {"id": 14, "parent": 85, "children": [], "label": "ceiling", "path": ["/data/S3DIS/Stanford3dDataset_v1.2_Aligned_Version/Area_5/office_37/Annotations/ceiling_1.txt"]}, {"id": 15, "parent": 105, "children": [], "label": "bookcase", "path": ["/data/S3DIS/Stanford3dDataset_v1.2_Aligned_Version/Area_5/office_37/Annotations/bookcase_3.txt"]}, {"id": 16, "parent": -1, "children": [], "label": "clutter", "path": ["/data/S3DIS/Stanford3dDataset_v1.2_Aligned_Version/Area_5/office_37/Annotations/clutter_26.txt"]}, {"id": 17, "parent": -1, "children": [], "label": "clutter", "path": ["/data/S3DIS/Stanford3dDataset_v1.2_Aligned_Version/Area_5/office_37/Annotations/clutter_35.txt"]}, {"id": 18, "parent": -1, "children": [], "label": "clutter", "path": ["/data/S3DIS/Stanford3dDataset_v1.2_Aligned_Version/Area_5/office_37/Annotations/clutter_9.txt"]}, {"id": 19, "parent": 89, "children": [], "label": "table", "path": ["/data/S3DIS/Stanford3dDataset_v1.2_Aligned_Version/Area_5/office_37/Annotations/table_11.txt"]}, {"id": 20, "parent": 92, "children": [], "label": "chair", "path": ["/data/S3DIS/Stanford3dDataset_v1.2_Aligned_Version/Area_5/office_37/Annotations/chair_10.txt"]}, {"id": 21, "parent": -1, "children": [], "label": "clutter", "path": ["/data/S3DIS/Stanford3dDataset_v1.2_Aligned_Version/Area_5/office_37/Annotations/clutter_2.txt"]}, {"id": 22, "parent": 86, "children": [], "label": "wall", "path": ["/data/S3DIS/Stanford3dDataset_v1.2_Aligned_Version/Area_5/office_37/Annotations/wall_2.txt"]}, {"id": 23, "parent": -1, "children": [], "label": "clutter", "path": ["/data/S3DIS/Stanford3dDataset_v1.2_Aligned_Version/Area_5/office_37/Annotations/clutter_20.txt"]}, {"id": 24, "parent": 104, "children": [], "label": "bookcase", "path": ["/data/S3DIS/Stanford3dDataset_v1.2_Aligned_Version/Area_5/office_37/Annotations/bookcase_8.txt"]}, {"id": 25, "parent": 96, "children": [], "label": "chair", "path": ["/data/S3DIS/Stanford3dDataset_v1.2_Aligned_Version/Area_5/office_37/Annotations/chair_16.txt"]}, {"id": 26, "parent": -1, "children": [], "label": "clutter", "path": ["/data/S3DIS/Stanford3dDataset_v1.2_Aligned_Version/Area_5/office_37/Annotations/clutter_1.txt"]}, {"id": 27, "parent": 87, "children": [], "label": "board", "path": ["/data/S3DIS/Stanford3dDataset_v1.2_Aligned_Version/Area_5/office_37/Annotations/board_2.txt"]}, {"id": 28, "parent": -1, "children": [], "label": "clutter", "path": ["/data/S3DIS/Stanford3dDataset_v1.2_Aligned_Version/Area_5/office_37/Annotations/clutter_12.txt"]}, {"id": 29, "parent": -1, "children": [], "label": "clutter", "path": ["/data/S3DIS/Stanford3dDataset_v1.2_Aligned_Version/Area_5/office_37/Annotations/clutter_7.txt"]}, {"id": 30, "parent": 94, "children": [], "label": "chair", "path": ["/data/S3DIS/Stanford3dDataset_v1.2_Aligned_Version/Area_5/office_37/Annotations/chair_1.txt"]}, {"id": 31, "parent": -1, "children": [], "label": "clutter", "path": ["/data/S3DIS/Stanford3dDataset_v1.2_Aligned_Version/Area_5/office_37/Annotations/clutter_8.txt"]}, {"id": 32, "parent": 89, "children": [], "label": "table", "path": ["/data/S3DIS/Stanford3dDataset_v1.2_Aligned_Version/Area_5/office_37/Annotations/table_9.txt"]}, {"id": 33, "parent": -1, "children": [], "label": "clutter", "path": ["/data/S3DIS/Stanford3dDataset_v1.2_Aligned_Version/Area_5/office_37/Annotations/clutter_34.txt"]}, {"id": 34, "parent": 106, "children": [], "label": "bookcase", "path": ["/data/S3DIS/Stanford3dDataset_v1.2_Aligned_Version/Area_5/office_37/Annotations/bookcase_4.txt"]}, {"id": 35, "parent": 92, "children": [], "label": "chair", "path": ["/data/S3DIS/Stanford3dDataset_v1.2_Aligned_Version/Area_5/office_37/Annotations/chair_9.txt"]}, {"id": 36, "parent": -1, "children": [], "label": "clutter", "path": ["/data/S3DIS/Stanford3dDataset_v1.2_Aligned_Version/Area_5/office_37/Annotations/clutter_30.txt"]}, {"id": 37, "parent": 91, "children": [], "label": "table", "path": ["/data/S3DIS/Stanford3dDataset_v1.2_Aligned_Version/Area_5/office_37/Annotations/table_4.txt"]}, {"id": 38, "parent": 93, "children": [], "label": "chair", "path": ["/data/S3DIS/Stanford3dDataset_v1.2_Aligned_Version/Area_5/office_37/Annotations/chair_18.txt"]}, {"id": 39, "parent": -1, "children": [], "label": "clutter", "path": ["/data/S3DIS/Stanford3dDataset_v1.2_Aligned_Version/Area_5/office_37/Annotations/clutter_6.txt"]}, {"id": 40, "parent": -1, "children": [], "label": "clutter", "path": ["/data/S3DIS/Stanford3dDataset_v1.2_Aligned_Version/Area_5/office_37/Annotations/clutter_19.txt"]}, {"id": 41, "parent": 95, "children": [], "label": "chair", "path": ["/data/S3DIS/Stanford3dDataset_v1.2_Aligned_Version/Area_5/office_37/Annotations/chair_6.txt"]}, {"id": 42, "parent": 94, "children": [], "label": "chair", "path": ["/data/S3DIS/Stanford3dDataset_v1.2_Aligned_Version/Area_5/office_37/Annotations/chair_15.txt"]}, {"id": 43, "parent": 90, "children": [], "label": "table", "path": ["/data/S3DIS/Stanford3dDataset_v1.2_Aligned_Version/Area_5/office_37/Annotations/table_7.txt"]}, {"id": 44, "parent": -1, "children": [], "label": "clutter", "path": ["/data/S3DIS/Stanford3dDataset_v1.2_Aligned_Version/Area_5/office_37/Annotations/clutter_10.txt"]}, {"id": 45, "parent": 87, "children": [], "label": "board", "path": ["/data/S3DIS/Stanford3dDataset_v1.2_Aligned_Version/Area_5/office_37/Annotations/board_1.txt"]}, {"id": 46, "parent": -1, "children": [], "label": "clutter", "path": ["/data/S3DIS/Stanford3dDataset_v1.2_Aligned_Version/Area_5/office_37/Annotations/clutter_18.txt"]}, {"id": 47, "parent": -1, "children": [], "label": "clutter", "path": ["/data/S3DIS/Stanford3dDataset_v1.2_Aligned_Version/Area_5/office_37/Annotations/clutter_4.txt"]}, {"id": 48, "parent": 89, "children": [], "label": "table", "path": ["/data/S3DIS/Stanford3dDataset_v1.2_Aligned_Version/Area_5/office_37/Annotations/table_5.txt"]}, {"id": 49, "parent": 92, "children": [], "label": "chair", "path": ["/data/S3DIS/Stanford3dDataset_v1.2_Aligned_Version/Area_5/office_37/Annotations/chair_5.txt"]}, {"id": 50, "parent": -1, "children": [], "label": "clutter", "path": ["/data/S3DIS/Stanford3dDataset_v1.2_Aligned_Version/Area_5/office_37/Annotations/clutter_11.txt"]}, {"id": 51, "parent": -1, "children": [], "label": "clutter", "path": ["/data/S3DIS/Stanford3dDataset_v1.2_Aligned_Version/Area_5/office_37/Annotations/clutter_32.txt"]}, {"id": 52, "parent": -1, "children": [], "label": "clutter", "path": ["/data/S3DIS/Stanford3dDataset_v1.2_Aligned_Version/Area_5/office_37/Annotations/clutter_31.txt"]}, {"id": 53, "parent": 89, "children": [], "label": "table", "path": ["/data/S3DIS/Stanford3dDataset_v1.2_Aligned_Version/Area_5/office_37/Annotations/table_6.txt"]}, {"id": 54, "parent": -1, "children": [], "label": "clutter", "path": ["/data/S3DIS/Stanford3dDataset_v1.2_Aligned_Version/Area_5/office_37/Annotations/clutter_29.txt"]}, {"id": 55, "parent": 92, "children": [], "label": "chair", "path": ["/data/S3DIS/Stanford3dDataset_v1.2_Aligned_Version/Area_5/office_37/Annotations/chair_4.txt"]}, {"id": 56, "parent": 107, "children": [], "label": "bookcase", "path": ["/data/S3DIS/Stanford3dDataset_v1.2_Aligned_Version/Area_5/office_37/Annotations/bookcase_1.txt"]}, {"id": 57, "parent": -1, "children": [], "label": "clutter", "path": ["/data/S3DIS/Stanford3dDataset_v1.2_Aligned_Version/Area_5/office_37/Annotations/clutter_21.txt"]}, {"id": 58, "parent": 86, "children": [], "label": "wall", "path": ["/data/S3DIS/Stanford3dDataset_v1.2_Aligned_Version/Area_5/office_37/Annotations/wall_1.txt"]}, {"id": 59, "parent": 92, "children": [], "label": "chair", "path": ["/data/S3DIS/Stanford3dDataset_v1.2_Aligned_Version/Area_5/office_37/Annotations/chair_7.txt"]}, {"id": 60, "parent": 89, "children": [], "label": "table", "path": ["/data/S3DIS/Stanford3dDataset_v1.2_Aligned_Version/Area_5/office_37/Annotations/table_10.txt"]}, {"id": 61, "parent": 88, "children": [], "label": "column", "path": ["/data/S3DIS/Stanford3dDataset_v1.2_Aligned_Version/Area_5/office_37/Annotations/column_1.txt"]}, {"id": 62, "parent": 93, "children": [], "label": "chair", "path": ["/data/S3DIS/Stanford3dDataset_v1.2_Aligned_Version/Area_5/office_37/Annotations/chair_17.txt"]}, {"id": 63, "parent": 95, "children": [], "label": "chair", "path": ["/data/S3DIS/Stanford3dDataset_v1.2_Aligned_Version/Area_5/office_37/Annotations/chair_12.txt"]}, {"id": 64, "parent": -1, "children": [], "label": "clutter", "path": ["/data/S3DIS/Stanford3dDataset_v1.2_Aligned_Version/Area_5/office_37/Annotations/clutter_28.txt"]}, {"id": 65, "parent": 94, "children": [], "label": "chair", "path": ["/data/S3DIS/Stanford3dDataset_v1.2_Aligned_Version/Area_5/office_37/Annotations/chair_3.txt"]}, {"id": 66, "parent": 91, "children": [], "label": "table", "path": ["/data/S3DIS/Stanford3dDataset_v1.2_Aligned_Version/Area_5/office_37/Annotations/table_3.txt"]}, {"id": 67, "parent": 92, "children": [], "label": "chair", "path": ["/data/S3DIS/Stanford3dDataset_v1.2_Aligned_Version/Area_5/office_37/Annotations/chair_11.txt"]}, {"id": 68, "parent": -1, "children": [], "label": "clutter", "path": ["/data/S3DIS/Stanford3dDataset_v1.2_Aligned_Version/Area_5/office_37/Annotations/clutter_23.txt"]}, {"id": 69, "parent": 107, "children": [], "label": "bookcase", "path": ["/data/S3DIS/Stanford3dDataset_v1.2_Aligned_Version/Area_5/office_37/Annotations/bookcase_6.txt"]}, {"id": 70, "parent": 96, "children": [], "label": "chair", "path": ["/data/S3DIS/Stanford3dDataset_v1.2_Aligned_Version/Area_5/office_37/Annotations/chair_13.txt"]}, {"id": 71, "parent": -1, "children": [], "label": "clutter", "path": ["/data/S3DIS/Stanford3dDataset_v1.2_Aligned_Version/Area_5/office_37/Annotations/clutter_14.txt"]}, {"id": 72, "parent": -1, "children": [], "label": "clutter", "path": ["/data/S3DIS/Stanford3dDataset_v1.2_Aligned_Version/Area_5/office_37/Annotations/clutter_22.txt"]}, {"id": 73, "parent": 93, "children": [], "label": "chair", "path": ["/data/S3DIS/Stanford3dDataset_v1.2_Aligned_Version/Area_5/office_37/Annotations/chair_14.txt"]}, {"id": 74, "parent": 90, "children": [], "label": "table", "path": ["/data/S3DIS/Stanford3dDataset_v1.2_Aligned_Version/Area_5/office_37/Annotations/table_1.txt"]}, {"id": 75, "parent": 86, "children": [], "label": "wall", "path": ["/data/S3DIS/Stanford3dDataset_v1.2_Aligned_Version/Area_5/office_37/Annotations/wall_4.txt"]}, {"id": 76, "parent": -1, "children": [], "label": "clutter", "path": ["/data/S3DIS/Stanford3dDataset_v1.2_Aligned_Version/Area_5/office_37/Annotations/clutter_15.txt"]}, {"id": 77, "parent": -1, "children": [], "label": "clutter", "path": ["/data/S3DIS/Stanford3dDataset_v1.2_Aligned_Version/Area_5/office_37/Annotations/clutter_3.txt"]}, {"id": 78, "parent": -1, "children": [], "label": "clutter", "path": ["/data/S3DIS/Stanford3dDataset_v1.2_Aligned_Version/Area_5/office_37/Annotations/clutter_24.txt"]}, {"id": 79, "parent": -1, "children": [], "label": "clutter", "path": ["/data/S3DIS/Stanford3dDataset_v1.2_Aligned_Version/Area_5/office_37/Annotations/clutter_17.txt"]}, {"id": 80, "parent": 94, "children": [], "label": "chair", "path": ["/data/S3DIS/Stanford3dDataset_v1.2_Aligned_Version/Area_5/office_37/Annotations/chair_2.txt"]}, {"id": 81, "parent": 106, "children": [], "label": "bookcase", "path": ["/data/S3DIS/Stanford3dDataset_v1.2_Aligned_Version/Area_5/office_37/Annotations/bookcase_5.txt"]}, {"id": 82, "parent": 86, "children": [], "label": "wall", "path": ["/data/S3DIS/Stanford3dDataset_v1.2_Aligned_Version/Area_5/office_37/Annotations/wall_3.txt"]}, {"id": 83, "parent": 97, "children": [2], "label": "floor group", "path": ["/data/S3DIS/Stanford3dDataset_v1.2_Aligned_Version/Area_5/office_37/Annotations/floor_1.txt"]}, {"id": 84, "parent": 98, "children": [5], "label": "door group", "path": ["/data/S3DIS/Stanford3dDataset_v1.2_Aligned_Version/Area_5/office_37/Annotations/door_1.txt"]}, {"id": 85, "parent": 97, "children": [14], "label": "ceiling group", "path": ["/data/S3DIS/Stanford3dDataset_v1.2_Aligned_Version/Area_5/office_37/Annotations/ceiling_1.txt"]}, {"id": 86, "parent": 97, "children": [22, 58, 75, 82], "label": "wall group", "path": ["/data/S3DIS/Stanford3dDataset_v1.2_Aligned_Version/Area_5/office_37/Annotations/wall_2.txt", "/data/S3DIS/Stanford3dDataset_v1.2_Aligned_Version/Area_5/office_37/Annotations/wall_1.txt", "/data/S3DIS/Stanford3dDataset_v1.2_Aligned_Version/Area_5/office_37/Annotations/wall_4.txt", "/data/S3DIS/Stanford3dDataset_v1.2_Aligned_Version/Area_5/office_37/Annotations/wall_3.txt"]}, {"id": 87, "parent": 97, "children": [27, 45], "label": "board group", "path": ["/data/S3DIS/Stanford3dDataset_v1.2_Aligned_Version/Area_5/office_37/Annotations/board_2.txt", "/data/S3DIS/Stanford3dDataset_v1.2_Aligned_Version/Area_5/office_37/Annotations/board_1.txt"]}, {"id": 88, "parent": 97, "children": [61], "label": "column group", "path": ["/data/S3DIS/Stanford3dDataset_v1.2_Aligned_Version/Area_5/office_37/Annotations/column_1.txt"]}, {"id": 89, "parent": 99, "children": [10, 19, 32, 48, 53, 60], "label": "table group", "path": ["/data/S3DIS/Stanford3dDataset_v1.2_Aligned_Version/Area_5/office_37/Annotations/table_2.txt", "/data/S3DIS/Stanford3dDataset_v1.2_Aligned_Version/Area_5/office_37/Annotations/table_11.txt", "/data/S3DIS/Stanford3dDataset_v1.2_Aligned_Version/Area_5/office_37/Annotations/table_9.txt", "/data/S3DIS/Stanford3dDataset_v1.2_Aligned_Version/Area_5/office_37/Annotations/table_5.txt", "/data/S3DIS/Stanford3dDataset_v1.2_Aligned_Version/Area_5/office_37/Annotations/table_6.txt", "/data/S3DIS/Stanford3dDataset_v1.2_Aligned_Version/Area_5/office_37/Annotations/table_10.txt"]}, {"id": 90, "parent": 100, "children": [1, 43, 74], "label": "table group", "path": ["/data/S3DIS/Stanford3dDataset_v1.2_Aligned_Version/Area_5/office_37/Annotations/table_8.txt", "/data/S3DIS/Stanford3dDataset_v1.2_Aligned_Version/Area_5/office_37/Annotations/table_7.txt", "/data/S3DIS/Stanford3dDataset_v1.2_Aligned_Version/Area_5/office_37/Annotations/table_1.txt"]}, {"id": 91, "parent": 101, "children": [37, 66], "label": "table group", "path": ["/data/S3DIS/Stanford3dDataset_v1.2_Aligned_Version/Area_5/office_37/Annotations/table_4.txt", "/data/S3DIS/Stanford3dDataset_v1.2_Aligned_Version/Area_5/office_37/Annotations/table_3.txt"]}, {"id": 92, "parent": 100, "children": [0, 20, 35, 49, 55, 59, 67], "label": "chair group", "path": ["/data/S3DIS/Stanford3dDataset_v1.2_Aligned_Version/Area_5/office_37/Annotations/chair_8.txt", "/data/S3DIS/Stanford3dDataset_v1.2_Aligned_Version/Area_5/office_37/Annotations/chair_10.txt", "/data/S3DIS/Stanford3dDataset_v1.2_Aligned_Version/Area_5/office_37/Annotations/chair_9.txt", "/data/S3DIS/Stanford3dDataset_v1.2_Aligned_Version/Area_5/office_37/Annotations/chair_5.txt", "/data/S3DIS/Stanford3dDataset_v1.2_Aligned_Version/Area_5/office_37/Annotations/chair_4.txt", "/data/S3DIS/Stanford3dDataset_v1.2_Aligned_Version/Area_5/office_37/Annotations/chair_7.txt", "/data/S3DIS/Stanford3dDataset_v1.2_Aligned_Version/Area_5/office_37/Annotations/chair_11.txt"]}, {"id": 93, "parent": 101, "children": [38, 62, 73], "label": "chair group", "path": ["/data/S3DIS/Stanford3dDataset_v1.2_Aligned_Version/Area_5/office_37/Annotations/chair_18.txt", "/data/S3DIS/Stanford3dDataset_v1.2_Aligned_Version/Area_5/office_37/Annotations/chair_17.txt", "/data/S3DIS/Stanford3dDataset_v1.2_Aligned_Version/Area_5/office_37/Annotations/chair_14.txt"]}, {"id": 94, "parent": 99, "children": [30, 42, 65, 80], "label": "chair group", "path": ["/data/S3DIS/Stanford3dDataset_v1.2_Aligned_Version/Area_5/office_37/Annotations/chair_1.txt", "/data/S3DIS/Stanford3dDataset_v1.2_Aligned_Version/Area_5/office_37/Annotations/chair_15.txt", "/data/S3DIS/Stanford3dDataset_v1.2_Aligned_Version/Area_5/office_37/Annotations/chair_3.txt", "/data/S3DIS/Stanford3dDataset_v1.2_Aligned_Version/Area_5/office_37/Annotations/chair_2.txt"]}, {"id": 95, "parent": 103, "children": [41, 63], "label": "chair group", "path": ["/data/S3DIS/Stanford3dDataset_v1.2_Aligned_Version/Area_5/office_37/Annotations/chair_6.txt", "/data/S3DIS/Stanford3dDataset_v1.2_Aligned_Version/Area_5/office_37/Annotations/chair_12.txt"]}, {"id": 96, "parent": 102, "children": [25, 70], "label": "chair group", "path": ["/data/S3DIS/Stanford3dDataset_v1.2_Aligned_Version/Area_5/office_37/Annotations/chair_16.txt", "/data/S3DIS/Stanford3dDataset_v1.2_Aligned_Version/Area_5/office_37/Annotations/chair_13.txt"]}, {"id": 97, "parent": -1, "children": [83, 85, 86, 87, 88], "label": "building area", "path": ["/data/S3DIS/Stanford3dDataset_v1.2_Aligned_Version/Area_5/office_37/Annotations/floor_1.txt", "/data/S3DIS/Stanford3dDataset_v1.2_Aligned_Version/Area_5/office_37/Annotations/ceiling_1.txt", "/data/S3DIS/Stanford3dDataset_v1.2_Aligned_Version/Area_5/office_37/Annotations/wall_2.txt", "/data/S3DIS/Stanford3dDataset_v1.2_Aligned_Version/Area_5/office_37/Annotations/wall_1.txt", "/data/S3DIS/Stanford3dDataset_v1.2_Aligned_Version/Area_5/office_37/Annotations/wall_4.txt", "/data/S3DIS/Stanford3dDataset_v1.2_Aligned_Version/Area_5/office_37/Annotations/wall_3.txt", "/data/S3DIS/Stanford3dDataset_v1.2_Aligned_Version/Area_5/office_37/Annotations/board_2.txt", "/data/S3DIS/Stanford3dDataset_v1.2_Aligned_Version/Area_5/office_37/Annotations/board_1.txt", "/data/S3DIS/Stanford3dDataset_v1.2_Aligned_Version/Area_5/office_37/Annotations/column_1.txt"]}, {"id": 98, "parent": -1, "children": [84], "label": "entrance area", "path": ["/data/S3DIS/Stanford3dDataset_v1.2_Aligned_Version/Area_5/office_37/Annotations/door_1.txt"]}, {"id": 99, "parent": -1, "children": [89, 94], "label": "office area", "path": ["/data/S3DIS/Stanford3dDataset_v1.2_Aligned_Version/Area_5/office_37/Annotations/table_2.txt", "/data/S3DIS/Stanford3dDataset_v1.2_Aligned_Version/Area_5/office_37/Annotations/table_11.txt", "/data/S3DIS/Stanford3dDataset_v1.2_Aligned_Version/Area_5/office_37/Annotations/table_9.txt", "/data/S3DIS/Stanford3dDataset_v1.2_Aligned_Version/Area_5/office_37/Annotations/table_5.txt", "/data/S3DIS/Stanford3dDataset_v1.2_Aligned_Version/Area_5/office_37/Annotations/table_6.txt", "/data/S3DIS/Stanford3dDataset_v1.2_Aligned_Version/Area_5/office_37/Annotations/table_10.txt", "/data/S3DIS/Stanford3dDataset_v1.2_Aligned_Version/Area_5/office_37/Annotations/chair_1.txt", "/data/S3DIS/Stanford3dDataset_v1.2_Aligned_Version/Area_5/office_37/Annotations/chair_15.txt", "/data/S3DIS/Stanford3dDataset_v1.2_Aligned_Version/Area_5/office_37/Annotations/chair_3.txt", "/data/S3DIS/Stanford3dDataset_v1.2_Aligned_Version/Area_5/office_37/Annotations/chair_2.txt"]}, {"id": 100, "parent": -1, "children": [90, 92], "label": "office area", "path": ["/data/S3DIS/Stanford3dDataset_v1.2_Aligned_Version/Area_5/office_37/Annotations/table_8.txt", "/data/S3DIS/Stanford3dDataset_v1.2_Aligned_Version/Area_5/office_37/Annotations/table_7.txt", "/data/S3DIS/Stanford3dDataset_v1.2_Aligned_Version/Area_5/office_37/Annotations/table_1.txt", "/data/S3DIS/Stanford3dDataset_v1.2_Aligned_Version/Area_5/office_37/Annotations/chair_8.txt", "/data/S3DIS/Stanford3dDataset_v1.2_Aligned_Version/Area_5/office_37/Annotations/chair_10.txt", "/data/S3DIS/Stanford3dDataset_v1.2_Aligned_Version/Area_5/office_37/Annotations/chair_9.txt", "/data/S3DIS/Stanford3dDataset_v1.2_Aligned_Version/Area_5/office_37/Annotations/chair_5.txt", "/data/S3DIS/Stanford3dDataset_v1.2_Aligned_Version/Area_5/office_37/Annotations/chair_4.txt", "/data/S3DIS/Stanford3dDataset_v1.2_Aligned_Version/Area_5/office_37/Annotations/chair_7.txt", "/data/S3DIS/Stanford3dDataset_v1.2_Aligned_Version/Area_5/office_37/Annotations/chair_11.txt"]}, {"id": 101, "parent": -1, "children": [91, 93], "label": "office area", "path": ["/data/S3DIS/Stanford3dDataset_v1.2_Aligned_Version/Area_5/office_37/Annotations/table_4.txt", "/data/S3DIS/Stanford3dDataset_v1.2_Aligned_Version/Area_5/office_37/Annotations/table_3.txt", "/data/S3DIS/Stanford3dDataset_v1.2_Aligned_Version/Area_5/office_37/Annotations/chair_18.txt", "/data/S3DIS/Stanford3dDataset_v1.2_Aligned_Version/Area_5/office_37/Annotations/chair_17.txt", "/data/S3DIS/Stanford3dDataset_v1.2_Aligned_Version/Area_5/office_37/Annotations/chair_14.txt"]}, {"id": 102, "parent": -1, "children": [96], "label": "chair area", "path": ["/data/S3DIS/Stanford3dDataset_v1.2_Aligned_Version/Area_5/office_37/Annotations/chair_16.txt", "/data/S3DIS/Stanford3dDataset_v1.2_Aligned_Version/Area_5/office_37/Annotations/chair_13.txt"]}, {"id": 103, "parent": -1, "children": [95], "label": "chair area", "path": ["/data/S3DIS/Stanford3dDataset_v1.2_Aligned_Version/Area_5/office_37/Annotations/chair_6.txt", "/data/S3DIS/Stanford3dDataset_v1.2_Aligned_Version/Area_5/office_37/Annotations/chair_12.txt"]}, {"id": 104, "parent": 111, "children": [6, 24], "label": "bookcase group", "path": ["/data/S3DIS/Stanford3dDataset_v1.2_Aligned_Version/Area_5/office_37/Annotations/bookcase_2.txt", "/data/S3DIS/Stanford3dDataset_v1.2_Aligned_Version/Area_5/office_37/Annotations/bookcase_8.txt"]}, {"id": 105, "parent": 110, "children": [4, 15], "label": "bookcase group", "path": ["/data/S3DIS/Stanford3dDataset_v1.2_Aligned_Version/Area_5/office_37/Annotations/bookcase_7.txt", "/data/S3DIS/Stanford3dDataset_v1.2_Aligned_Version/Area_5/office_37/Annotations/bookcase_3.txt"]}, {"id": 106, "parent": 109, "children": [34, 81], "label": "bookcase group", "path": ["/data/S3DIS/Stanford3dDataset_v1.2_Aligned_Version/Area_5/office_37/Annotations/bookcase_4.txt", "/data/S3DIS/Stanford3dDataset_v1.2_Aligned_Version/Area_5/office_37/Annotations/bookcase_5.txt"]}, {"id": 107, "parent": 108, "children": [56, 69], "label": "bookcase group", "path": ["/data/S3DIS/Stanford3dDataset_v1.2_Aligned_Version/Area_5/office_37/Annotations/bookcase_1.txt", "/data/S3DIS/Stanford3dDataset_v1.2_Aligned_Version/Area_5/office_37/Annotations/bookcase_6.txt"]}, {"id": 108, "parent": -1, "children": [107], "label": "case area", "path": ["/data/S3DIS/Stanford3dDataset_v1.2_Aligned_Version/Area_5/office_37/Annotations/bookcase_1.txt", "/data/S3DIS/Stanford3dDataset_v1.2_Aligned_Version/Area_5/office_37/Annotations/bookcase_6.txt"]}, {"id": 109, "parent": -1, "children": [106], "label": "case area", "path": ["/data/S3DIS/Stanford3dDataset_v1.2_Aligned_Version/Area_5/office_37/Annotations/bookcase_4.txt", "/data/S3DIS/Stanford3dDataset_v1.2_Aligned_Version/Area_5/office_37/Annotations/bookcase_5.txt"]}, {"id": 110, "parent": -1, "children": [105], "label": "case area", "path": ["/data/S3DIS/Stanford3dDataset_v1.2_Aligned_Version/Area_5/office_37/Annotations/bookcase_7.txt", "/data/S3DIS/Stanford3dDataset_v1.2_Aligned_Version/Area_5/office_37/Annotations/bookcase_3.txt"]}, {"id": 111, "parent": -1, "children": [104], "label": "case area", "path": ["/data/S3DIS/Stanford3dDataset_v1.2_Aligned_Version/Area_5/office_37/Annotations/bookcase_2.txt", "/data/S3DIS/Stanford3dDataset_v1.2_Aligned_Version/Area_5/office_37/Annotations/bookcase_8.txt"]}]