[{"id": 0, "parent": 91, "children": [], "label": "chair", "path": ["/data/S3DIS/Stanford3dDataset_v1.2_Aligned_Version/Area_5/office_40/Annotations/chair_8.txt"]}, {"id": 1, "parent": 82, "children": [], "label": "floor", "path": ["/data/S3DIS/Stanford3dDataset_v1.2_Aligned_Version/Area_5/office_40/Annotations/floor_1.txt"]}, {"id": 2, "parent": -1, "children": [], "label": "clutter", "path": ["/data/S3DIS/Stanford3dDataset_v1.2_Aligned_Version/Area_5/office_40/Annotations/clutter_13.txt"]}, {"id": 3, "parent": 101, "children": [], "label": "bookcase", "path": ["/data/S3DIS/Stanford3dDataset_v1.2_Aligned_Version/Area_5/office_40/Annotations/bookcase_7.txt"]}, {"id": 4, "parent": 83, "children": [], "label": "door", "path": ["/data/S3DIS/Stanford3dDataset_v1.2_Aligned_Version/Area_5/office_40/Annotations/door_1.txt"]}, {"id": 5, "parent": 101, "children": [], "label": "bookcase", "path": ["/data/S3DIS/Stanford3dDataset_v1.2_Aligned_Version/Area_5/office_40/Annotations/bookcase_13.txt"]}, {"id": 6, "parent": 84, "children": [], "label": "wall", "path": ["/data/S3DIS/Stanford3dDataset_v1.2_Aligned_Version/Area_5/office_40/Annotations/wall_6.txt"]}, {"id": 7, "parent": 101, "children": [], "label": "bookcase", "path": ["/data/S3DIS/Stanford3dDataset_v1.2_Aligned_Version/Area_5/office_40/Annotations/bookcase_2.txt"]}, {"id": 8, "parent": -1, "children": [], "label": "clutter", "path": ["/data/S3DIS/Stanford3dDataset_v1.2_Aligned_Version/Area_5/office_40/Annotations/clutter_25.txt"]}, {"id": 9, "parent": -1, "children": [], "label": "clutter", "path": ["/data/S3DIS/Stanford3dDataset_v1.2_Aligned_Version/Area_5/office_40/Annotations/clutter_5.txt"]}, {"id": 10, "parent": -1, "children": [], "label": "clutter", "path": ["/data/S3DIS/Stanford3dDataset_v1.2_Aligned_Version/Area_5/office_40/Annotations/clutter_16.txt"]}, {"id": 11, "parent": 88, "children": [], "label": "table", "path": ["/data/S3DIS/Stanford3dDataset_v1.2_Aligned_Version/Area_5/office_40/Annotations/table_2.txt"]}, {"id": 12, "parent": -1, "children": [], "label": "clutter", "path": ["/data/S3DIS/Stanford3dDataset_v1.2_Aligned_Version/Area_5/office_40/Annotations/clutter_33.txt"]}, {"id": 13, "parent": -1, "children": [], "label": "clutter", "path": ["/data/S3DIS/Stanford3dDataset_v1.2_Aligned_Version/Area_5/office_40/Annotations/clutter_36.txt"]}, {"id": 14, "parent": -1, "children": [], "label": "clutter", "path": ["/data/S3DIS/Stanford3dDataset_v1.2_Aligned_Version/Area_5/office_40/Annotations/clutter_27.txt"]}, {"id": 15, "parent": 85, "children": [], "label": "ceiling", "path": ["/data/S3DIS/Stanford3dDataset_v1.2_Aligned_Version/Area_5/office_40/Annotations/ceiling_1.txt"]}, {"id": 16, "parent": 103, "children": [], "label": "bookcase", "path": ["/data/S3DIS/Stanford3dDataset_v1.2_Aligned_Version/Area_5/office_40/Annotations/bookcase_3.txt"]}, {"id": 17, "parent": -1, "children": [], "label": "clutter", "path": ["/data/S3DIS/Stanford3dDataset_v1.2_Aligned_Version/Area_5/office_40/Annotations/clutter_26.txt"]}, {"id": 18, "parent": -1, "children": [], "label": "clutter", "path": ["/data/S3DIS/Stanford3dDataset_v1.2_Aligned_Version/Area_5/office_40/Annotations/clutter_35.txt"]}, {"id": 19, "parent": -1, "children": [], "label": "clutter", "path": ["/data/S3DIS/Stanford3dDataset_v1.2_Aligned_Version/Area_5/office_40/Annotations/clutter_9.txt"]}, {"id": 20, "parent": -1, "children": [], "label": "clutter", "path": ["/data/S3DIS/Stanford3dDataset_v1.2_Aligned_Version/Area_5/office_40/Annotations/clutter_2.txt"]}, {"id": 21, "parent": 84, "children": [], "label": "wall", "path": ["/data/S3DIS/Stanford3dDataset_v1.2_Aligned_Version/Area_5/office_40/Annotations/wall_2.txt"]}, {"id": 22, "parent": -1, "children": [], "label": "clutter", "path": ["/data/S3DIS/Stanford3dDataset_v1.2_Aligned_Version/Area_5/office_40/Annotations/clutter_20.txt"]}, {"id": 23, "parent": 102, "children": [], "label": "bookcase", "path": ["/data/S3DIS/Stanford3dDataset_v1.2_Aligned_Version/Area_5/office_40/Annotations/bookcase_8.txt"]}, {"id": 24, "parent": 103, "children": [], "label": "bookcase", "path": ["/data/S3DIS/Stanford3dDataset_v1.2_Aligned_Version/Area_5/office_40/Annotations/bookcase_12.txt"]}, {"id": 25, "parent": -1, "children": [], "label": "clutter", "path": ["/data/S3DIS/Stanford3dDataset_v1.2_Aligned_Version/Area_5/office_40/Annotations/clutter_1.txt"]}, {"id": 26, "parent": -1, "children": [], "label": "clutter", "path": ["/data/S3DIS/Stanford3dDataset_v1.2_Aligned_Version/Area_5/office_40/Annotations/clutter_12.txt"]}, {"id": 27, "parent": -1, "children": [], "label": "clutter", "path": ["/data/S3DIS/Stanford3dDataset_v1.2_Aligned_Version/Area_5/office_40/Annotations/clutter_7.txt"]}, {"id": 28, "parent": 94, "children": [], "label": "chair", "path": ["/data/S3DIS/Stanford3dDataset_v1.2_Aligned_Version/Area_5/office_40/Annotations/chair_1.txt"]}, {"id": 29, "parent": -1, "children": [], "label": "clutter", "path": ["/data/S3DIS/Stanford3dDataset_v1.2_Aligned_Version/Area_5/office_40/Annotations/clutter_8.txt"]}, {"id": 30, "parent": 84, "children": [], "label": "wall", "path": ["/data/S3DIS/Stanford3dDataset_v1.2_Aligned_Version/Area_5/office_40/Annotations/wall_7.txt"]}, {"id": 31, "parent": -1, "children": [], "label": "clutter", "path": ["/data/S3DIS/Stanford3dDataset_v1.2_Aligned_Version/Area_5/office_40/Annotations/clutter_34.txt"]}, {"id": 32, "parent": 103, "children": [], "label": "bookcase", "path": ["/data/S3DIS/Stanford3dDataset_v1.2_Aligned_Version/Area_5/office_40/Annotations/bookcase_4.txt"]}, {"id": 33, "parent": -1, "children": [], "label": "clutter", "path": ["/data/S3DIS/Stanford3dDataset_v1.2_Aligned_Version/Area_5/office_40/Annotations/clutter_30.txt"]}, {"id": 34, "parent": 84, "children": [], "label": "wall", "path": ["/data/S3DIS/Stanford3dDataset_v1.2_Aligned_Version/Area_5/office_40/Annotations/wall_5.txt"]}, {"id": 35, "parent": 89, "children": [], "label": "table", "path": ["/data/S3DIS/Stanford3dDataset_v1.2_Aligned_Version/Area_5/office_40/Annotations/table_4.txt"]}, {"id": 36, "parent": -1, "children": [], "label": "clutter", "path": ["/data/S3DIS/Stanford3dDataset_v1.2_Aligned_Version/Area_5/office_40/Annotations/clutter_6.txt"]}, {"id": 37, "parent": -1, "children": [], "label": "clutter", "path": ["/data/S3DIS/Stanford3dDataset_v1.2_Aligned_Version/Area_5/office_40/Annotations/clutter_19.txt"]}, {"id": 38, "parent": 91, "children": [], "label": "chair", "path": ["/data/S3DIS/Stanford3dDataset_v1.2_Aligned_Version/Area_5/office_40/Annotations/chair_6.txt"]}, {"id": 39, "parent": -1, "children": [], "label": "clutter", "path": ["/data/S3DIS/Stanford3dDataset_v1.2_Aligned_Version/Area_5/office_40/Annotations/clutter_10.txt"]}, {"id": 40, "parent": 86, "children": [], "label": "board", "path": ["/data/S3DIS/Stanford3dDataset_v1.2_Aligned_Version/Area_5/office_40/Annotations/board_1.txt"]}, {"id": 41, "parent": -1, "children": [], "label": "clutter", "path": ["/data/S3DIS/Stanford3dDataset_v1.2_Aligned_Version/Area_5/office_40/Annotations/clutter_18.txt"]}, {"id": 42, "parent": -1, "children": [], "label": "clutter", "path": ["/data/S3DIS/Stanford3dDataset_v1.2_Aligned_Version/Area_5/office_40/Annotations/clutter_4.txt"]}, {"id": 43, "parent": 88, "children": [], "label": "table", "path": ["/data/S3DIS/Stanford3dDataset_v1.2_Aligned_Version/Area_5/office_40/Annotations/table_5.txt"]}, {"id": 44, "parent": 91, "children": [], "label": "chair", "path": ["/data/S3DIS/Stanford3dDataset_v1.2_Aligned_Version/Area_5/office_40/Annotations/chair_5.txt"]}, {"id": 45, "parent": -1, "children": [], "label": "clutter", "path": ["/data/S3DIS/Stanford3dDataset_v1.2_Aligned_Version/Area_5/office_40/Annotations/clutter_11.txt"]}, {"id": 46, "parent": -1, "children": [], "label": "clutter", "path": ["/data/S3DIS/Stanford3dDataset_v1.2_Aligned_Version/Area_5/office_40/Annotations/clutter_32.txt"]}, {"id": 47, "parent": -1, "children": [], "label": "clutter", "path": ["/data/S3DIS/Stanford3dDataset_v1.2_Aligned_Version/Area_5/office_40/Annotations/clutter_31.txt"]}, {"id": 48, "parent": 90, "children": [], "label": "table", "path": ["/data/S3DIS/Stanford3dDataset_v1.2_Aligned_Version/Area_5/office_40/Annotations/table_6.txt"]}, {"id": 49, "parent": -1, "children": [], "label": "clutter", "path": ["/data/S3DIS/Stanford3dDataset_v1.2_Aligned_Version/Area_5/office_40/Annotations/clutter_37.txt"]}, {"id": 50, "parent": 101, "children": [], "label": "bookcase", "path": ["/data/S3DIS/Stanford3dDataset_v1.2_Aligned_Version/Area_5/office_40/Annotations/bookcase_15.txt"]}, {"id": 51, "parent": -1, "children": [], "label": "clutter", "path": ["/data/S3DIS/Stanford3dDataset_v1.2_Aligned_Version/Area_5/office_40/Annotations/clutter_29.txt"]}, {"id": 52, "parent": -1, "children": [], "label": "clutter", "path": ["/data/S3DIS/Stanford3dDataset_v1.2_Aligned_Version/Area_5/office_40/Annotations/clutter_39.txt"]}, {"id": 53, "parent": 92, "children": [], "label": "chair", "path": ["/data/S3DIS/Stanford3dDataset_v1.2_Aligned_Version/Area_5/office_40/Annotations/chair_4.txt"]}, {"id": 54, "parent": 101, "children": [], "label": "bookcase", "path": ["/data/S3DIS/Stanford3dDataset_v1.2_Aligned_Version/Area_5/office_40/Annotations/bookcase_1.txt"]}, {"id": 55, "parent": -1, "children": [], "label": "clutter", "path": ["/data/S3DIS/Stanford3dDataset_v1.2_Aligned_Version/Area_5/office_40/Annotations/clutter_21.txt"]}, {"id": 56, "parent": 84, "children": [], "label": "wall", "path": ["/data/S3DIS/Stanford3dDataset_v1.2_Aligned_Version/Area_5/office_40/Annotations/wall_1.txt"]}, {"id": 57, "parent": 91, "children": [], "label": "chair", "path": ["/data/S3DIS/Stanford3dDataset_v1.2_Aligned_Version/Area_5/office_40/Annotations/chair_7.txt"]}, {"id": 58, "parent": 87, "children": [], "label": "column", "path": ["/data/S3DIS/Stanford3dDataset_v1.2_Aligned_Version/Area_5/office_40/Annotations/column_1.txt"]}, {"id": 59, "parent": -1, "children": [], "label": "clutter", "path": ["/data/S3DIS/Stanford3dDataset_v1.2_Aligned_Version/Area_5/office_40/Annotations/clutter_38.txt"]}, {"id": 60, "parent": -1, "children": [], "label": "clutter", "path": ["/data/S3DIS/Stanford3dDataset_v1.2_Aligned_Version/Area_5/office_40/Annotations/clutter_28.txt"]}, {"id": 61, "parent": 92, "children": [], "label": "chair", "path": ["/data/S3DIS/Stanford3dDataset_v1.2_Aligned_Version/Area_5/office_40/Annotations/chair_3.txt"]}, {"id": 62, "parent": 101, "children": [], "label": "bookcase", "path": ["/data/S3DIS/Stanford3dDataset_v1.2_Aligned_Version/Area_5/office_40/Annotations/bookcase_11.txt"]}, {"id": 63, "parent": 89, "children": [], "label": "table", "path": ["/data/S3DIS/Stanford3dDataset_v1.2_Aligned_Version/Area_5/office_40/Annotations/table_3.txt"]}, {"id": 64, "parent": -1, "children": [], "label": "clutter", "path": ["/data/S3DIS/Stanford3dDataset_v1.2_Aligned_Version/Area_5/office_40/Annotations/clutter_23.txt"]}, {"id": 65, "parent": 102, "children": [], "label": "bookcase", "path": ["/data/S3DIS/Stanford3dDataset_v1.2_Aligned_Version/Area_5/office_40/Annotations/bookcase_6.txt"]}, {"id": 66, "parent": -1, "children": [], "label": "clutter", "path": ["/data/S3DIS/Stanford3dDataset_v1.2_Aligned_Version/Area_5/office_40/Annotations/clutter_14.txt"]}, {"id": 67, "parent": -1, "children": [], "label": "clutter", "path": ["/data/S3DIS/Stanford3dDataset_v1.2_Aligned_Version/Area_5/office_40/Annotations/clutter_22.txt"]}, {"id": 68, "parent": 101, "children": [], "label": "bookcase", "path": ["/data/S3DIS/Stanford3dDataset_v1.2_Aligned_Version/Area_5/office_40/Annotations/bookcase_14.txt"]}, {"id": 69, "parent": 102, "children": [], "label": "bookcase", "path": ["/data/S3DIS/Stanford3dDataset_v1.2_Aligned_Version/Area_5/office_40/Annotations/bookcase_10.txt"]}, {"id": 71, "parent": 88, "children": [], "label": "table", "path": ["/data/S3DIS/Stanford3dDataset_v1.2_Aligned_Version/Area_5/office_40/Annotations/table_1.txt"]}, {"id": 72, "parent": 84, "children": [], "label": "wall", "path": ["/data/S3DIS/Stanford3dDataset_v1.2_Aligned_Version/Area_5/office_40/Annotations/wall_4.txt"]}, {"id": 73, "parent": -1, "children": [], "label": "clutter", "path": ["/data/S3DIS/Stanford3dDataset_v1.2_Aligned_Version/Area_5/office_40/Annotations/clutter_15.txt"]}, {"id": 74, "parent": 102, "children": [], "label": "bookcase", "path": ["/data/S3DIS/Stanford3dDataset_v1.2_Aligned_Version/Area_5/office_40/Annotations/bookcase_9.txt"]}, {"id": 75, "parent": -1, "children": [], "label": "clutter", "path": ["/data/S3DIS/Stanford3dDataset_v1.2_Aligned_Version/Area_5/office_40/Annotations/clutter_3.txt"]}, {"id": 76, "parent": -1, "children": [], "label": "clutter", "path": ["/data/S3DIS/Stanford3dDataset_v1.2_Aligned_Version/Area_5/office_40/Annotations/clutter_24.txt"]}, {"id": 77, "parent": -1, "children": [], "label": "clutter", "path": ["/data/S3DIS/Stanford3dDataset_v1.2_Aligned_Version/Area_5/office_40/Annotations/clutter_17.txt"]}, {"id": 78, "parent": 87, "children": [], "label": "column", "path": ["/data/S3DIS/Stanford3dDataset_v1.2_Aligned_Version/Area_5/office_40/Annotations/column_2.txt"]}, {"id": 79, "parent": 93, "children": [], "label": "chair", "path": ["/data/S3DIS/Stanford3dDataset_v1.2_Aligned_Version/Area_5/office_40/Annotations/chair_2.txt"]}, {"id": 80, "parent": 102, "children": [], "label": "bookcase", "path": ["/data/S3DIS/Stanford3dDataset_v1.2_Aligned_Version/Area_5/office_40/Annotations/bookcase_5.txt"]}, {"id": 81, "parent": 84, "children": [], "label": "wall", "path": ["/data/S3DIS/Stanford3dDataset_v1.2_Aligned_Version/Area_5/office_40/Annotations/wall_3.txt"]}, {"id": 82, "parent": 95, "children": [1], "label": "floor group", "path": ["/data/S3DIS/Stanford3dDataset_v1.2_Aligned_Version/Area_5/office_40/Annotations/floor_1.txt"]}, {"id": 83, "parent": 96, "children": [4], "label": "door group", "path": ["/data/S3DIS/Stanford3dDataset_v1.2_Aligned_Version/Area_5/office_40/Annotations/door_1.txt"]}, {"id": 84, "parent": 95, "children": [6, 21, 30, 34, 56, 72, 81], "label": "wall group", "path": ["/data/S3DIS/Stanford3dDataset_v1.2_Aligned_Version/Area_5/office_40/Annotations/wall_6.txt", "/data/S3DIS/Stanford3dDataset_v1.2_Aligned_Version/Area_5/office_40/Annotations/wall_2.txt", "/data/S3DIS/Stanford3dDataset_v1.2_Aligned_Version/Area_5/office_40/Annotations/wall_7.txt", "/data/S3DIS/Stanford3dDataset_v1.2_Aligned_Version/Area_5/office_40/Annotations/wall_5.txt", "/data/S3DIS/Stanford3dDataset_v1.2_Aligned_Version/Area_5/office_40/Annotations/wall_1.txt", "/data/S3DIS/Stanford3dDataset_v1.2_Aligned_Version/Area_5/office_40/Annotations/wall_4.txt", "/data/S3DIS/Stanford3dDataset_v1.2_Aligned_Version/Area_5/office_40/Annotations/wall_3.txt"]}, {"id": 85, "parent": 95, "children": [15], "label": "ceiling group", "path": ["/data/S3DIS/Stanford3dDataset_v1.2_Aligned_Version/Area_5/office_40/Annotations/ceiling_1.txt"]}, {"id": 86, "parent": 95, "children": [40], "label": "board group", "path": ["/data/S3DIS/Stanford3dDataset_v1.2_Aligned_Version/Area_5/office_40/Annotations/board_1.txt"]}, {"id": 87, "parent": 95, "children": [58, 78], "label": "column group", "path": ["/data/S3DIS/Stanford3dDataset_v1.2_Aligned_Version/Area_5/office_40/Annotations/column_1.txt", "/data/S3DIS/Stanford3dDataset_v1.2_Aligned_Version/Area_5/office_40/Annotations/column_2.txt"]}, {"id": 88, "parent": 97, "children": [11, 43, 71], "label": "table group", "path": ["/data/S3DIS/Stanford3dDataset_v1.2_Aligned_Version/Area_5/office_40/Annotations/table_2.txt", "/data/S3DIS/Stanford3dDataset_v1.2_Aligned_Version/Area_5/office_40/Annotations/table_5.txt", "/data/S3DIS/Stanford3dDataset_v1.2_Aligned_Version/Area_5/office_40/Annotations/table_1.txt"]}, {"id": 89, "parent": 98, "children": [35, 63], "label": "table group", "path": ["/data/S3DIS/Stanford3dDataset_v1.2_Aligned_Version/Area_5/office_40/Annotations/table_4.txt", "/data/S3DIS/Stanford3dDataset_v1.2_Aligned_Version/Area_5/office_40/Annotations/table_3.txt"]}, {"id": 90, "parent": 99, "children": [48], "label": "table group", "path": ["/data/S3DIS/Stanford3dDataset_v1.2_Aligned_Version/Area_5/office_40/Annotations/table_6.txt"]}, {"id": 91, "parent": 99, "children": [0, 38, 44, 57], "label": "chair group", "path": ["/data/S3DIS/Stanford3dDataset_v1.2_Aligned_Version/Area_5/office_40/Annotations/chair_8.txt", "/data/S3DIS/Stanford3dDataset_v1.2_Aligned_Version/Area_5/office_40/Annotations/chair_6.txt", "/data/S3DIS/Stanford3dDataset_v1.2_Aligned_Version/Area_5/office_40/Annotations/chair_5.txt", "/data/S3DIS/Stanford3dDataset_v1.2_Aligned_Version/Area_5/office_40/Annotations/chair_7.txt"]}, {"id": 92, "parent": 98, "children": [53, 61], "label": "chair group", "path": ["/data/S3DIS/Stanford3dDataset_v1.2_Aligned_Version/Area_5/office_40/Annotations/chair_4.txt", "/data/S3DIS/Stanford3dDataset_v1.2_Aligned_Version/Area_5/office_40/Annotations/chair_3.txt"]}, {"id": 93, "parent": 97, "children": [79], "label": "chair group", "path": ["/data/S3DIS/Stanford3dDataset_v1.2_Aligned_Version/Area_5/office_40/Annotations/chair_2.txt"]}, {"id": 94, "parent": 100, "children": [28], "label": "chair group", "path": ["/data/S3DIS/Stanford3dDataset_v1.2_Aligned_Version/Area_5/office_40/Annotations/chair_1.txt"]}, {"id": 95, "parent": -1, "children": [82, 84, 85, 86, 87], "label": "building area", "path": ["/data/S3DIS/Stanford3dDataset_v1.2_Aligned_Version/Area_5/office_40/Annotations/floor_1.txt", "/data/S3DIS/Stanford3dDataset_v1.2_Aligned_Version/Area_5/office_40/Annotations/wall_6.txt", "/data/S3DIS/Stanford3dDataset_v1.2_Aligned_Version/Area_5/office_40/Annotations/wall_2.txt", "/data/S3DIS/Stanford3dDataset_v1.2_Aligned_Version/Area_5/office_40/Annotations/wall_7.txt", "/data/S3DIS/Stanford3dDataset_v1.2_Aligned_Version/Area_5/office_40/Annotations/wall_5.txt", "/data/S3DIS/Stanford3dDataset_v1.2_Aligned_Version/Area_5/office_40/Annotations/wall_1.txt", "/data/S3DIS/Stanford3dDataset_v1.2_Aligned_Version/Area_5/office_40/Annotations/wall_4.txt", "/data/S3DIS/Stanford3dDataset_v1.2_Aligned_Version/Area_5/office_40/Annotations/wall_3.txt", "/data/S3DIS/Stanford3dDataset_v1.2_Aligned_Version/Area_5/office_40/Annotations/ceiling_1.txt", "/data/S3DIS/Stanford3dDataset_v1.2_Aligned_Version/Area_5/office_40/Annotations/board_1.txt", "/data/S3DIS/Stanford3dDataset_v1.2_Aligned_Version/Area_5/office_40/Annotations/column_1.txt", "/data/S3DIS/Stanford3dDataset_v1.2_Aligned_Version/Area_5/office_40/Annotations/column_2.txt"]}, {"id": 96, "parent": -1, "children": [83], "label": "entrance area", "path": ["/data/S3DIS/Stanford3dDataset_v1.2_Aligned_Version/Area_5/office_40/Annotations/door_1.txt"]}, {"id": 97, "parent": -1, "children": [88, 93], "label": "office area", "path": ["/data/S3DIS/Stanford3dDataset_v1.2_Aligned_Version/Area_5/office_40/Annotations/table_2.txt", "/data/S3DIS/Stanford3dDataset_v1.2_Aligned_Version/Area_5/office_40/Annotations/table_5.txt", "/data/S3DIS/Stanford3dDataset_v1.2_Aligned_Version/Area_5/office_40/Annotations/table_1.txt", "/data/S3DIS/Stanford3dDataset_v1.2_Aligned_Version/Area_5/office_40/Annotations/chair_2.txt"]}, {"id": 98, "parent": -1, "children": [89, 92], "label": "office area", "path": ["/data/S3DIS/Stanford3dDataset_v1.2_Aligned_Version/Area_5/office_40/Annotations/table_4.txt", "/data/S3DIS/Stanford3dDataset_v1.2_Aligned_Version/Area_5/office_40/Annotations/table_3.txt", "/data/S3DIS/Stanford3dDataset_v1.2_Aligned_Version/Area_5/office_40/Annotations/chair_4.txt", "/data/S3DIS/Stanford3dDataset_v1.2_Aligned_Version/Area_5/office_40/Annotations/chair_3.txt"]}, {"id": 99, "parent": -1, "children": [90, 91], "label": "rest area", "path": ["/data/S3DIS/Stanford3dDataset_v1.2_Aligned_Version/Area_5/office_40/Annotations/table_6.txt", "/data/S3DIS/Stanford3dDataset_v1.2_Aligned_Version/Area_5/office_40/Annotations/chair_8.txt", "/data/S3DIS/Stanford3dDataset_v1.2_Aligned_Version/Area_5/office_40/Annotations/chair_6.txt", "/data/S3DIS/Stanford3dDataset_v1.2_Aligned_Version/Area_5/office_40/Annotations/chair_5.txt", "/data/S3DIS/Stanford3dDataset_v1.2_Aligned_Version/Area_5/office_40/Annotations/chair_7.txt"]}, {"id": 100, "parent": -1, "children": [94], "label": "chair area", "path": ["/data/S3DIS/Stanford3dDataset_v1.2_Aligned_Version/Area_5/office_40/Annotations/chair_1.txt"]}, {"id": 101, "parent": 106, "children": [3, 5, 7, 50, 54, 62, 68], "label": "bookcase group", "path": ["/data/S3DIS/Stanford3dDataset_v1.2_Aligned_Version/Area_5/office_40/Annotations/bookcase_7.txt", "/data/S3DIS/Stanford3dDataset_v1.2_Aligned_Version/Area_5/office_40/Annotations/bookcase_13.txt", "/data/S3DIS/Stanford3dDataset_v1.2_Aligned_Version/Area_5/office_40/Annotations/bookcase_2.txt", "/data/S3DIS/Stanford3dDataset_v1.2_Aligned_Version/Area_5/office_40/Annotations/bookcase_15.txt", "/data/S3DIS/Stanford3dDataset_v1.2_Aligned_Version/Area_5/office_40/Annotations/bookcase_1.txt", "/data/S3DIS/Stanford3dDataset_v1.2_Aligned_Version/Area_5/office_40/Annotations/bookcase_11.txt", "/data/S3DIS/Stanford3dDataset_v1.2_Aligned_Version/Area_5/office_40/Annotations/bookcase_14.txt"]}, {"id": 102, "parent": 105, "children": [23, 65, 69, 74, 80], "label": "bookcase group", "path": ["/data/S3DIS/Stanford3dDataset_v1.2_Aligned_Version/Area_5/office_40/Annotations/bookcase_8.txt", "/data/S3DIS/Stanford3dDataset_v1.2_Aligned_Version/Area_5/office_40/Annotations/bookcase_6.txt", "/data/S3DIS/Stanford3dDataset_v1.2_Aligned_Version/Area_5/office_40/Annotations/bookcase_10.txt", "/data/S3DIS/Stanford3dDataset_v1.2_Aligned_Version/Area_5/office_40/Annotations/bookcase_9.txt", "/data/S3DIS/Stanford3dDataset_v1.2_Aligned_Version/Area_5/office_40/Annotations/bookcase_5.txt"]}, {"id": 103, "parent": 104, "children": [16, 24, 32], "label": "bookcase group", "path": ["/data/S3DIS/Stanford3dDataset_v1.2_Aligned_Version/Area_5/office_40/Annotations/bookcase_3.txt", "/data/S3DIS/Stanford3dDataset_v1.2_Aligned_Version/Area_5/office_40/Annotations/bookcase_12.txt", "/data/S3DIS/Stanford3dDataset_v1.2_Aligned_Version/Area_5/office_40/Annotations/bookcase_4.txt"]}, {"id": 104, "parent": -1, "children": [103], "label": "case area", "path": ["/data/S3DIS/Stanford3dDataset_v1.2_Aligned_Version/Area_5/office_40/Annotations/bookcase_3.txt", "/data/S3DIS/Stanford3dDataset_v1.2_Aligned_Version/Area_5/office_40/Annotations/bookcase_12.txt", "/data/S3DIS/Stanford3dDataset_v1.2_Aligned_Version/Area_5/office_40/Annotations/bookcase_4.txt"]}, {"id": 105, "parent": -1, "children": [102], "label": "case area", "path": ["/data/S3DIS/Stanford3dDataset_v1.2_Aligned_Version/Area_5/office_40/Annotations/bookcase_8.txt", "/data/S3DIS/Stanford3dDataset_v1.2_Aligned_Version/Area_5/office_40/Annotations/bookcase_6.txt", "/data/S3DIS/Stanford3dDataset_v1.2_Aligned_Version/Area_5/office_40/Annotations/bookcase_10.txt", "/data/S3DIS/Stanford3dDataset_v1.2_Aligned_Version/Area_5/office_40/Annotations/bookcase_9.txt", "/data/S3DIS/Stanford3dDataset_v1.2_Aligned_Version/Area_5/office_40/Annotations/bookcase_5.txt"]}, {"id": 106, "parent": -1, "children": [101], "label": "case area", "path": ["/data/S3DIS/Stanford3dDataset_v1.2_Aligned_Version/Area_5/office_40/Annotations/bookcase_7.txt", "/data/S3DIS/Stanford3dDataset_v1.2_Aligned_Version/Area_5/office_40/Annotations/bookcase_13.txt", "/data/S3DIS/Stanford3dDataset_v1.2_Aligned_Version/Area_5/office_40/Annotations/bookcase_2.txt", "/data/S3DIS/Stanford3dDataset_v1.2_Aligned_Version/Area_5/office_40/Annotations/bookcase_15.txt", "/data/S3DIS/Stanford3dDataset_v1.2_Aligned_Version/Area_5/office_40/Annotations/bookcase_1.txt", "/data/S3DIS/Stanford3dDataset_v1.2_Aligned_Version/Area_5/office_40/Annotations/bookcase_11.txt", "/data/S3DIS/Stanford3dDataset_v1.2_Aligned_Version/Area_5/office_40/Annotations/bookcase_14.txt"]}]