[{"id": 0, "parent": 54, "children": [], "label": "chair", "path": ["/data/S3DIS/Stanford3dDataset_v1.2_Aligned_Version/Area_5/office_21/Annotations/chair_8.txt"]}, {"id": 1, "parent": 53, "children": [], "label": "table", "path": ["/data/S3DIS/Stanford3dDataset_v1.2_Aligned_Version/Area_5/office_21/Annotations/table_8.txt"]}, {"id": 2, "parent": 47, "children": [], "label": "floor", "path": ["/data/S3DIS/Stanford3dDataset_v1.2_Aligned_Version/Area_5/office_21/Annotations/floor_1.txt"]}, {"id": 3, "parent": 57, "children": [], "label": "bookcase", "path": ["/data/S3DIS/Stanford3dDataset_v1.2_Aligned_Version/Area_5/office_21/Annotations/bookcase_7.txt"]}, {"id": 4, "parent": 48, "children": [], "label": "door", "path": ["/data/S3DIS/Stanford3dDataset_v1.2_Aligned_Version/Area_5/office_21/Annotations/door_1.txt"]}, {"id": 5, "parent": 49, "children": [], "label": "wall", "path": ["/data/S3DIS/Stanford3dDataset_v1.2_Aligned_Version/Area_5/office_21/Annotations/wall_6.txt"]}, {"id": 6, "parent": 55, "children": [], "label": "bookcase", "path": ["/data/S3DIS/Stanford3dDataset_v1.2_Aligned_Version/Area_5/office_21/Annotations/bookcase_2.txt"]}, {"id": 7, "parent": -1, "children": [], "label": "clutter", "path": ["/data/S3DIS/Stanford3dDataset_v1.2_Aligned_Version/Area_5/office_21/Annotations/clutter_5.txt"]}, {"id": 8, "parent": 53, "children": [], "label": "table", "path": ["/data/S3DIS/Stanford3dDataset_v1.2_Aligned_Version/Area_5/office_21/Annotations/table_2.txt"]}, {"id": 10, "parent": 50, "children": [], "label": "ceiling", "path": ["/data/S3DIS/Stanford3dDataset_v1.2_Aligned_Version/Area_5/office_21/Annotations/ceiling_1.txt"]}, {"id": 11, "parent": 55, "children": [], "label": "bookcase", "path": ["/data/S3DIS/Stanford3dDataset_v1.2_Aligned_Version/Area_5/office_21/Annotations/bookcase_3.txt"]}, {"id": 12, "parent": -1, "children": [], "label": "clutter", "path": ["/data/S3DIS/Stanford3dDataset_v1.2_Aligned_Version/Area_5/office_21/Annotations/clutter_2.txt"]}, {"id": 13, "parent": 49, "children": [], "label": "wall", "path": ["/data/S3DIS/Stanford3dDataset_v1.2_Aligned_Version/Area_5/office_21/Annotations/wall_2.txt"]}, {"id": 14, "parent": 57, "children": [], "label": "bookcase", "path": ["/data/S3DIS/Stanford3dDataset_v1.2_Aligned_Version/Area_5/office_21/Annotations/bookcase_8.txt"]}, {"id": 15, "parent": -1, "children": [], "label": "clutter", "path": ["/data/S3DIS/Stanford3dDataset_v1.2_Aligned_Version/Area_5/office_21/Annotations/clutter_1.txt"]}, {"id": 16, "parent": 54, "children": [], "label": "chair", "path": ["/data/S3DIS/Stanford3dDataset_v1.2_Aligned_Version/Area_5/office_21/Annotations/chair_1.txt"]}, {"id": 17, "parent": 49, "children": [], "label": "wall", "path": ["/data/S3DIS/Stanford3dDataset_v1.2_Aligned_Version/Area_5/office_21/Annotations/wall_7.txt"]}, {"id": 18, "parent": 53, "children": [], "label": "table", "path": ["/data/S3DIS/Stanford3dDataset_v1.2_Aligned_Version/Area_5/office_21/Annotations/table_9.txt"]}, {"id": 19, "parent": 56, "children": [], "label": "bookcase", "path": ["/data/S3DIS/Stanford3dDataset_v1.2_Aligned_Version/Area_5/office_21/Annotations/bookcase_4.txt"]}, {"id": 20, "parent": 49, "children": [], "label": "wall", "path": ["/data/S3DIS/Stanford3dDataset_v1.2_Aligned_Version/Area_5/office_21/Annotations/wall_5.txt"]}, {"id": 21, "parent": 53, "children": [], "label": "table", "path": ["/data/S3DIS/Stanford3dDataset_v1.2_Aligned_Version/Area_5/office_21/Annotations/table_4.txt"]}, {"id": 22, "parent": -1, "children": [], "label": "clutter", "path": ["/data/S3DIS/Stanford3dDataset_v1.2_Aligned_Version/Area_5/office_21/Annotations/clutter_6.txt"]}, {"id": 23, "parent": 54, "children": [], "label": "chair", "path": ["/data/S3DIS/Stanford3dDataset_v1.2_Aligned_Version/Area_5/office_21/Annotations/chair_6.txt"]}, {"id": 24, "parent": 53, "children": [], "label": "table", "path": ["/data/S3DIS/Stanford3dDataset_v1.2_Aligned_Version/Area_5/office_21/Annotations/table_7.txt"]}, {"id": 25, "parent": 51, "children": [], "label": "board", "path": ["/data/S3DIS/Stanford3dDataset_v1.2_Aligned_Version/Area_5/office_21/Annotations/board_1.txt"]}, {"id": 26, "parent": -1, "children": [], "label": "clutter", "path": ["/data/S3DIS/Stanford3dDataset_v1.2_Aligned_Version/Area_5/office_21/Annotations/clutter_4.txt"]}, {"id": 27, "parent": 53, "children": [], "label": "table", "path": ["/data/S3DIS/Stanford3dDataset_v1.2_Aligned_Version/Area_5/office_21/Annotations/table_5.txt"]}, {"id": 28, "parent": 54, "children": [], "label": "chair", "path": ["/data/S3DIS/Stanford3dDataset_v1.2_Aligned_Version/Area_5/office_21/Annotations/chair_5.txt"]}, {"id": 29, "parent": 53, "children": [], "label": "table", "path": ["/data/S3DIS/Stanford3dDataset_v1.2_Aligned_Version/Area_5/office_21/Annotations/table_6.txt"]}, {"id": 30, "parent": 54, "children": [], "label": "chair", "path": ["/data/S3DIS/Stanford3dDataset_v1.2_Aligned_Version/Area_5/office_21/Annotations/chair_4.txt"]}, {"id": 31, "parent": 55, "children": [], "label": "bookcase", "path": ["/data/S3DIS/Stanford3dDataset_v1.2_Aligned_Version/Area_5/office_21/Annotations/bookcase_1.txt"]}, {"id": 32, "parent": 49, "children": [], "label": "wall", "path": ["/data/S3DIS/Stanford3dDataset_v1.2_Aligned_Version/Area_5/office_21/Annotations/wall_1.txt"]}, {"id": 33, "parent": 54, "children": [], "label": "chair", "path": ["/data/S3DIS/Stanford3dDataset_v1.2_Aligned_Version/Area_5/office_21/Annotations/chair_7.txt"]}, {"id": 34, "parent": 52, "children": [], "label": "column", "path": ["/data/S3DIS/Stanford3dDataset_v1.2_Aligned_Version/Area_5/office_21/Annotations/column_1.txt"]}, {"id": 35, "parent": 54, "children": [], "label": "chair", "path": ["/data/S3DIS/Stanford3dDataset_v1.2_Aligned_Version/Area_5/office_21/Annotations/chair_3.txt"]}, {"id": 36, "parent": 53, "children": [], "label": "table", "path": ["/data/S3DIS/Stanford3dDataset_v1.2_Aligned_Version/Area_5/office_21/Annotations/table_3.txt"]}, {"id": 37, "parent": 56, "children": [], "label": "bookcase", "path": ["/data/S3DIS/Stanford3dDataset_v1.2_Aligned_Version/Area_5/office_21/Annotations/bookcase_6.txt"]}, {"id": 38, "parent": 53, "children": [], "label": "table", "path": ["/data/S3DIS/Stanford3dDataset_v1.2_Aligned_Version/Area_5/office_21/Annotations/table_1.txt"]}, {"id": 39, "parent": 49, "children": [], "label": "wall", "path": ["/data/S3DIS/Stanford3dDataset_v1.2_Aligned_Version/Area_5/office_21/Annotations/wall_4.txt"]}, {"id": 40, "parent": 49, "children": [], "label": "wall", "path": ["/data/S3DIS/Stanford3dDataset_v1.2_Aligned_Version/Area_5/office_21/Annotations/wall_8.txt"]}, {"id": 41, "parent": 57, "children": [], "label": "bookcase", "path": ["/data/S3DIS/Stanford3dDataset_v1.2_Aligned_Version/Area_5/office_21/Annotations/bookcase_9.txt"]}, {"id": 42, "parent": -1, "children": [], "label": "clutter", "path": ["/data/S3DIS/Stanford3dDataset_v1.2_Aligned_Version/Area_5/office_21/Annotations/clutter_3.txt"]}, {"id": 43, "parent": 52, "children": [], "label": "column", "path": ["/data/S3DIS/Stanford3dDataset_v1.2_Aligned_Version/Area_5/office_21/Annotations/column_2.txt"]}, {"id": 44, "parent": 54, "children": [], "label": "chair", "path": ["/data/S3DIS/Stanford3dDataset_v1.2_Aligned_Version/Area_5/office_21/Annotations/chair_2.txt"]}, {"id": 45, "parent": 56, "children": [], "label": "bookcase", "path": ["/data/S3DIS/Stanford3dDataset_v1.2_Aligned_Version/Area_5/office_21/Annotations/bookcase_5.txt"]}, {"id": 46, "parent": 49, "children": [], "label": "wall", "path": ["/data/S3DIS/Stanford3dDataset_v1.2_Aligned_Version/Area_5/office_21/Annotations/wall_3.txt"]}, {"id": 47, "parent": 58, "children": [2], "label": "floor group", "path": ["/data/S3DIS/Stanford3dDataset_v1.2_Aligned_Version/Area_5/office_21/Annotations/floor_1.txt"]}, {"id": 48, "parent": 59, "children": [4], "label": "door group", "path": ["/data/S3DIS/Stanford3dDataset_v1.2_Aligned_Version/Area_5/office_21/Annotations/door_1.txt"]}, {"id": 49, "parent": 58, "children": [5, 13, 17, 20, 32, 39, 40, 46], "label": "wall group", "path": ["/data/S3DIS/Stanford3dDataset_v1.2_Aligned_Version/Area_5/office_21/Annotations/wall_6.txt", "/data/S3DIS/Stanford3dDataset_v1.2_Aligned_Version/Area_5/office_21/Annotations/wall_2.txt", "/data/S3DIS/Stanford3dDataset_v1.2_Aligned_Version/Area_5/office_21/Annotations/wall_7.txt", "/data/S3DIS/Stanford3dDataset_v1.2_Aligned_Version/Area_5/office_21/Annotations/wall_5.txt", "/data/S3DIS/Stanford3dDataset_v1.2_Aligned_Version/Area_5/office_21/Annotations/wall_1.txt", "/data/S3DIS/Stanford3dDataset_v1.2_Aligned_Version/Area_5/office_21/Annotations/wall_4.txt", "/data/S3DIS/Stanford3dDataset_v1.2_Aligned_Version/Area_5/office_21/Annotations/wall_8.txt", "/data/S3DIS/Stanford3dDataset_v1.2_Aligned_Version/Area_5/office_21/Annotations/wall_3.txt"]}, {"id": 50, "parent": 58, "children": [10], "label": "ceiling group", "path": ["/data/S3DIS/Stanford3dDataset_v1.2_Aligned_Version/Area_5/office_21/Annotations/ceiling_1.txt"]}, {"id": 51, "parent": 58, "children": [25], "label": "board group", "path": ["/data/S3DIS/Stanford3dDataset_v1.2_Aligned_Version/Area_5/office_21/Annotations/board_1.txt"]}, {"id": 52, "parent": 58, "children": [34, 43], "label": "column group", "path": ["/data/S3DIS/Stanford3dDataset_v1.2_Aligned_Version/Area_5/office_21/Annotations/column_1.txt", "/data/S3DIS/Stanford3dDataset_v1.2_Aligned_Version/Area_5/office_21/Annotations/column_2.txt"]}, {"id": 53, "parent": 60, "children": [1, 8, 18, 21, 24, 27, 29, 36, 38], "label": "table group", "path": ["/data/S3DIS/Stanford3dDataset_v1.2_Aligned_Version/Area_5/office_21/Annotations/table_8.txt", "/data/S3DIS/Stanford3dDataset_v1.2_Aligned_Version/Area_5/office_21/Annotations/table_2.txt", "/data/S3DIS/Stanford3dDataset_v1.2_Aligned_Version/Area_5/office_21/Annotations/table_9.txt", "/data/S3DIS/Stanford3dDataset_v1.2_Aligned_Version/Area_5/office_21/Annotations/table_4.txt", "/data/S3DIS/Stanford3dDataset_v1.2_Aligned_Version/Area_5/office_21/Annotations/table_7.txt", "/data/S3DIS/Stanford3dDataset_v1.2_Aligned_Version/Area_5/office_21/Annotations/table_5.txt", "/data/S3DIS/Stanford3dDataset_v1.2_Aligned_Version/Area_5/office_21/Annotations/table_6.txt", "/data/S3DIS/Stanford3dDataset_v1.2_Aligned_Version/Area_5/office_21/Annotations/table_3.txt", "/data/S3DIS/Stanford3dDataset_v1.2_Aligned_Version/Area_5/office_21/Annotations/table_1.txt"]}, {"id": 54, "parent": 60, "children": [0, 16, 23, 28, 30, 33, 35, 44], "label": "chair group", "path": ["/data/S3DIS/Stanford3dDataset_v1.2_Aligned_Version/Area_5/office_21/Annotations/chair_8.txt", "/data/S3DIS/Stanford3dDataset_v1.2_Aligned_Version/Area_5/office_21/Annotations/chair_1.txt", "/data/S3DIS/Stanford3dDataset_v1.2_Aligned_Version/Area_5/office_21/Annotations/chair_6.txt", "/data/S3DIS/Stanford3dDataset_v1.2_Aligned_Version/Area_5/office_21/Annotations/chair_5.txt", "/data/S3DIS/Stanford3dDataset_v1.2_Aligned_Version/Area_5/office_21/Annotations/chair_4.txt", "/data/S3DIS/Stanford3dDataset_v1.2_Aligned_Version/Area_5/office_21/Annotations/chair_7.txt", "/data/S3DIS/Stanford3dDataset_v1.2_Aligned_Version/Area_5/office_21/Annotations/chair_3.txt", "/data/S3DIS/Stanford3dDataset_v1.2_Aligned_Version/Area_5/office_21/Annotations/chair_2.txt"]}, {"id": 55, "parent": 63, "children": [6, 11, 31], "label": "bookcase group", "path": ["/data/S3DIS/Stanford3dDataset_v1.2_Aligned_Version/Area_5/office_21/Annotations/bookcase_2.txt", "/data/S3DIS/Stanford3dDataset_v1.2_Aligned_Version/Area_5/office_21/Annotations/bookcase_3.txt", "/data/S3DIS/Stanford3dDataset_v1.2_Aligned_Version/Area_5/office_21/Annotations/bookcase_1.txt"]}, {"id": 56, "parent": 62, "children": [19, 37, 45], "label": "bookcase group", "path": ["/data/S3DIS/Stanford3dDataset_v1.2_Aligned_Version/Area_5/office_21/Annotations/bookcase_4.txt", "/data/S3DIS/Stanford3dDataset_v1.2_Aligned_Version/Area_5/office_21/Annotations/bookcase_6.txt", "/data/S3DIS/Stanford3dDataset_v1.2_Aligned_Version/Area_5/office_21/Annotations/bookcase_5.txt"]}, {"id": 57, "parent": 61, "children": [3, 14, 41], "label": "bookcase group", "path": ["/data/S3DIS/Stanford3dDataset_v1.2_Aligned_Version/Area_5/office_21/Annotations/bookcase_7.txt", "/data/S3DIS/Stanford3dDataset_v1.2_Aligned_Version/Area_5/office_21/Annotations/bookcase_8.txt", "/data/S3DIS/Stanford3dDataset_v1.2_Aligned_Version/Area_5/office_21/Annotations/bookcase_9.txt"]}, {"id": 58, "parent": -1, "children": [47, 49, 50, 51, 52], "label": "building area", "path": ["/data/S3DIS/Stanford3dDataset_v1.2_Aligned_Version/Area_5/office_21/Annotations/floor_1.txt", "/data/S3DIS/Stanford3dDataset_v1.2_Aligned_Version/Area_5/office_21/Annotations/wall_6.txt", "/data/S3DIS/Stanford3dDataset_v1.2_Aligned_Version/Area_5/office_21/Annotations/wall_2.txt", "/data/S3DIS/Stanford3dDataset_v1.2_Aligned_Version/Area_5/office_21/Annotations/wall_7.txt", "/data/S3DIS/Stanford3dDataset_v1.2_Aligned_Version/Area_5/office_21/Annotations/wall_5.txt", "/data/S3DIS/Stanford3dDataset_v1.2_Aligned_Version/Area_5/office_21/Annotations/wall_1.txt", "/data/S3DIS/Stanford3dDataset_v1.2_Aligned_Version/Area_5/office_21/Annotations/wall_4.txt", "/data/S3DIS/Stanford3dDataset_v1.2_Aligned_Version/Area_5/office_21/Annotations/wall_8.txt", "/data/S3DIS/Stanford3dDataset_v1.2_Aligned_Version/Area_5/office_21/Annotations/wall_3.txt", "/data/S3DIS/Stanford3dDataset_v1.2_Aligned_Version/Area_5/office_21/Annotations/ceiling_1.txt", "/data/S3DIS/Stanford3dDataset_v1.2_Aligned_Version/Area_5/office_21/Annotations/board_1.txt", "/data/S3DIS/Stanford3dDataset_v1.2_Aligned_Version/Area_5/office_21/Annotations/column_1.txt", "/data/S3DIS/Stanford3dDataset_v1.2_Aligned_Version/Area_5/office_21/Annotations/column_2.txt"]}, {"id": 59, "parent": -1, "children": [48], "label": "entrance area", "path": ["/data/S3DIS/Stanford3dDataset_v1.2_Aligned_Version/Area_5/office_21/Annotations/door_1.txt"]}, {"id": 60, "parent": -1, "children": [53, 54], "label": "office area", "path": ["/data/S3DIS/Stanford3dDataset_v1.2_Aligned_Version/Area_5/office_21/Annotations/table_8.txt", "/data/S3DIS/Stanford3dDataset_v1.2_Aligned_Version/Area_5/office_21/Annotations/table_2.txt", "/data/S3DIS/Stanford3dDataset_v1.2_Aligned_Version/Area_5/office_21/Annotations/table_9.txt", "/data/S3DIS/Stanford3dDataset_v1.2_Aligned_Version/Area_5/office_21/Annotations/table_4.txt", "/data/S3DIS/Stanford3dDataset_v1.2_Aligned_Version/Area_5/office_21/Annotations/table_7.txt", "/data/S3DIS/Stanford3dDataset_v1.2_Aligned_Version/Area_5/office_21/Annotations/table_5.txt", "/data/S3DIS/Stanford3dDataset_v1.2_Aligned_Version/Area_5/office_21/Annotations/table_6.txt", "/data/S3DIS/Stanford3dDataset_v1.2_Aligned_Version/Area_5/office_21/Annotations/table_3.txt", "/data/S3DIS/Stanford3dDataset_v1.2_Aligned_Version/Area_5/office_21/Annotations/table_1.txt", "/data/S3DIS/Stanford3dDataset_v1.2_Aligned_Version/Area_5/office_21/Annotations/chair_8.txt", "/data/S3DIS/Stanford3dDataset_v1.2_Aligned_Version/Area_5/office_21/Annotations/chair_1.txt", "/data/S3DIS/Stanford3dDataset_v1.2_Aligned_Version/Area_5/office_21/Annotations/chair_6.txt", "/data/S3DIS/Stanford3dDataset_v1.2_Aligned_Version/Area_5/office_21/Annotations/chair_5.txt", "/data/S3DIS/Stanford3dDataset_v1.2_Aligned_Version/Area_5/office_21/Annotations/chair_4.txt", "/data/S3DIS/Stanford3dDataset_v1.2_Aligned_Version/Area_5/office_21/Annotations/chair_7.txt", "/data/S3DIS/Stanford3dDataset_v1.2_Aligned_Version/Area_5/office_21/Annotations/chair_3.txt", "/data/S3DIS/Stanford3dDataset_v1.2_Aligned_Version/Area_5/office_21/Annotations/chair_2.txt"]}, {"id": 61, "parent": -1, "children": [57], "label": "case area", "path": ["/data/S3DIS/Stanford3dDataset_v1.2_Aligned_Version/Area_5/office_21/Annotations/bookcase_7.txt", "/data/S3DIS/Stanford3dDataset_v1.2_Aligned_Version/Area_5/office_21/Annotations/bookcase_8.txt", "/data/S3DIS/Stanford3dDataset_v1.2_Aligned_Version/Area_5/office_21/Annotations/bookcase_9.txt"]}, {"id": 62, "parent": -1, "children": [56], "label": "case area", "path": ["/data/S3DIS/Stanford3dDataset_v1.2_Aligned_Version/Area_5/office_21/Annotations/bookcase_4.txt", "/data/S3DIS/Stanford3dDataset_v1.2_Aligned_Version/Area_5/office_21/Annotations/bookcase_6.txt", "/data/S3DIS/Stanford3dDataset_v1.2_Aligned_Version/Area_5/office_21/Annotations/bookcase_5.txt"]}, {"id": 63, "parent": -1, "children": [55], "label": "case area", "path": ["/data/S3DIS/Stanford3dDataset_v1.2_Aligned_Version/Area_5/office_21/Annotations/bookcase_2.txt", "/data/S3DIS/Stanford3dDataset_v1.2_Aligned_Version/Area_5/office_21/Annotations/bookcase_3.txt", "/data/S3DIS/Stanford3dDataset_v1.2_Aligned_Version/Area_5/office_21/Annotations/bookcase_1.txt"]}]