[{"id": 0, "parent": 27, "children": [], "label": "floor", "path": ["/data/S3DIS/Stanford3dDataset_v1.2_Aligned_Version/Area_5/office_33/Annotations/floor_1.txt"]}, {"id": 1, "parent": 28, "children": [], "label": "door", "path": ["/data/S3DIS/Stanford3dDataset_v1.2_Aligned_Version/Area_5/office_33/Annotations/door_1.txt"]}, {"id": 2, "parent": 38, "children": [], "label": "bookcase", "path": ["/data/S3DIS/Stanford3dDataset_v1.2_Aligned_Version/Area_5/office_33/Annotations/bookcase_2.txt"]}, {"id": 3, "parent": -1, "children": [], "label": "clutter", "path": ["/data/S3DIS/Stanford3dDataset_v1.2_Aligned_Version/Area_5/office_33/Annotations/clutter_5.txt"]}, {"id": 4, "parent": 35, "children": [], "label": "table", "path": ["/data/S3DIS/Stanford3dDataset_v1.2_Aligned_Version/Area_5/office_33/Annotations/table_2.txt"]}, {"id": 6, "parent": 29, "children": [], "label": "ceiling", "path": ["/data/S3DIS/Stanford3dDataset_v1.2_Aligned_Version/Area_5/office_33/Annotations/ceiling_1.txt"]}, {"id": 7, "parent": 38, "children": [], "label": "bookcase", "path": ["/data/S3DIS/Stanford3dDataset_v1.2_Aligned_Version/Area_5/office_33/Annotations/bookcase_3.txt"]}, {"id": 8, "parent": -1, "children": [], "label": "clutter", "path": ["/data/S3DIS/Stanford3dDataset_v1.2_Aligned_Version/Area_5/office_33/Annotations/clutter_2.txt"]}, {"id": 9, "parent": 30, "children": [], "label": "wall", "path": ["/data/S3DIS/Stanford3dDataset_v1.2_Aligned_Version/Area_5/office_33/Annotations/wall_2.txt"]}, {"id": 10, "parent": -1, "children": [], "label": "clutter", "path": ["/data/S3DIS/Stanford3dDataset_v1.2_Aligned_Version/Area_5/office_33/Annotations/clutter_1.txt"]}, {"id": 11, "parent": 37, "children": [], "label": "chair", "path": ["/data/S3DIS/Stanford3dDataset_v1.2_Aligned_Version/Area_5/office_33/Annotations/chair_1.txt"]}, {"id": 12, "parent": 44, "children": [], "label": "bookcase", "path": ["/data/S3DIS/Stanford3dDataset_v1.2_Aligned_Version/Area_5/office_33/Annotations/bookcase_4.txt"]}, {"id": 13, "parent": -1, "children": [], "label": "clutter", "path": ["/data/S3DIS/Stanford3dDataset_v1.2_Aligned_Version/Area_5/office_33/Annotations/clutter_6.txt"]}, {"id": 14, "parent": 31, "children": [], "label": "board", "path": ["/data/S3DIS/Stanford3dDataset_v1.2_Aligned_Version/Area_5/office_33/Annotations/board_1.txt"]}, {"id": 15, "parent": -1, "children": [], "label": "clutter", "path": ["/data/S3DIS/Stanford3dDataset_v1.2_Aligned_Version/Area_5/office_33/Annotations/clutter_4.txt"]}, {"id": 16, "parent": 32, "children": [], "label": "window", "path": ["/data/S3DIS/Stanford3dDataset_v1.2_Aligned_Version/Area_5/office_33/Annotations/window_1.txt"]}, {"id": 17, "parent": 43, "children": [], "label": "bookcase", "path": ["/data/S3DIS/Stanford3dDataset_v1.2_Aligned_Version/Area_5/office_33/Annotations/bookcase_1.txt"]}, {"id": 18, "parent": 30, "children": [], "label": "wall", "path": ["/data/S3DIS/Stanford3dDataset_v1.2_Aligned_Version/Area_5/office_33/Annotations/wall_1.txt"]}, {"id": 19, "parent": 33, "children": [], "label": "column", "path": ["/data/S3DIS/Stanford3dDataset_v1.2_Aligned_Version/Area_5/office_33/Annotations/column_1.txt"]}, {"id": 20, "parent": 36, "children": [], "label": "chair", "path": ["/data/S3DIS/Stanford3dDataset_v1.2_Aligned_Version/Area_5/office_33/Annotations/chair_3.txt"]}, {"id": 21, "parent": 34, "children": [], "label": "table", "path": ["/data/S3DIS/Stanford3dDataset_v1.2_Aligned_Version/Area_5/office_33/Annotations/table_1.txt"]}, {"id": 22, "parent": 30, "children": [], "label": "wall", "path": ["/data/S3DIS/Stanford3dDataset_v1.2_Aligned_Version/Area_5/office_33/Annotations/wall_4.txt"]}, {"id": 23, "parent": -1, "children": [], "label": "clutter", "path": ["/data/S3DIS/Stanford3dDataset_v1.2_Aligned_Version/Area_5/office_33/Annotations/clutter_3.txt"]}, {"id": 24, "parent": 33, "children": [], "label": "column", "path": ["/data/S3DIS/Stanford3dDataset_v1.2_Aligned_Version/Area_5/office_33/Annotations/column_2.txt"]}, {"id": 25, "parent": 36, "children": [], "label": "chair", "path": ["/data/S3DIS/Stanford3dDataset_v1.2_Aligned_Version/Area_5/office_33/Annotations/chair_2.txt"]}, {"id": 26, "parent": 30, "children": [], "label": "wall", "path": ["/data/S3DIS/Stanford3dDataset_v1.2_Aligned_Version/Area_5/office_33/Annotations/wall_3.txt"]}, {"id": 27, "parent": 39, "children": [0], "label": "floor group", "path": ["/data/S3DIS/Stanford3dDataset_v1.2_Aligned_Version/Area_5/office_33/Annotations/floor_1.txt"]}, {"id": 28, "parent": 40, "children": [1], "label": "door group", "path": ["/data/S3DIS/Stanford3dDataset_v1.2_Aligned_Version/Area_5/office_33/Annotations/door_1.txt"]}, {"id": 29, "parent": 39, "children": [6], "label": "ceiling group", "path": ["/data/S3DIS/Stanford3dDataset_v1.2_Aligned_Version/Area_5/office_33/Annotations/ceiling_1.txt"]}, {"id": 30, "parent": 39, "children": [9, 18, 22, 26], "label": "wall group", "path": ["/data/S3DIS/Stanford3dDataset_v1.2_Aligned_Version/Area_5/office_33/Annotations/wall_2.txt", "/data/S3DIS/Stanford3dDataset_v1.2_Aligned_Version/Area_5/office_33/Annotations/wall_1.txt", "/data/S3DIS/Stanford3dDataset_v1.2_Aligned_Version/Area_5/office_33/Annotations/wall_4.txt", "/data/S3DIS/Stanford3dDataset_v1.2_Aligned_Version/Area_5/office_33/Annotations/wall_3.txt"]}, {"id": 31, "parent": 39, "children": [14], "label": "board group", "path": ["/data/S3DIS/Stanford3dDataset_v1.2_Aligned_Version/Area_5/office_33/Annotations/board_1.txt"]}, {"id": 32, "parent": 39, "children": [16], "label": "window group", "path": ["/data/S3DIS/Stanford3dDataset_v1.2_Aligned_Version/Area_5/office_33/Annotations/window_1.txt"]}, {"id": 33, "parent": 39, "children": [19, 24], "label": "column group", "path": ["/data/S3DIS/Stanford3dDataset_v1.2_Aligned_Version/Area_5/office_33/Annotations/column_1.txt", "/data/S3DIS/Stanford3dDataset_v1.2_Aligned_Version/Area_5/office_33/Annotations/column_2.txt"]}, {"id": 34, "parent": 42, "children": [21], "label": "table group", "path": ["/data/S3DIS/Stanford3dDataset_v1.2_Aligned_Version/Area_5/office_33/Annotations/table_1.txt"]}, {"id": 35, "parent": 41, "children": [4], "label": "table group", "path": ["/data/S3DIS/Stanford3dDataset_v1.2_Aligned_Version/Area_5/office_33/Annotations/table_2.txt"]}, {"id": 36, "parent": 41, "children": [20, 25], "label": "chair group", "path": ["/data/S3DIS/Stanford3dDataset_v1.2_Aligned_Version/Area_5/office_33/Annotations/chair_3.txt", "/data/S3DIS/Stanford3dDataset_v1.2_Aligned_Version/Area_5/office_33/Annotations/chair_2.txt"]}, {"id": 37, "parent": 42, "children": [11], "label": "chair group", "path": ["/data/S3DIS/Stanford3dDataset_v1.2_Aligned_Version/Area_5/office_33/Annotations/chair_1.txt"]}, {"id": 38, "parent": 47, "children": [2, 7], "label": "bookcase group", "path": ["/data/S3DIS/Stanford3dDataset_v1.2_Aligned_Version/Area_5/office_33/Annotations/bookcase_2.txt", "/data/S3DIS/Stanford3dDataset_v1.2_Aligned_Version/Area_5/office_33/Annotations/bookcase_3.txt"]}, {"id": 39, "parent": -1, "children": [27, 29, 30, 31, 32, 33], "label": "building area", "path": ["/data/S3DIS/Stanford3dDataset_v1.2_Aligned_Version/Area_5/office_33/Annotations/floor_1.txt", "/data/S3DIS/Stanford3dDataset_v1.2_Aligned_Version/Area_5/office_33/Annotations/ceiling_1.txt", "/data/S3DIS/Stanford3dDataset_v1.2_Aligned_Version/Area_5/office_33/Annotations/wall_2.txt", "/data/S3DIS/Stanford3dDataset_v1.2_Aligned_Version/Area_5/office_33/Annotations/wall_1.txt", "/data/S3DIS/Stanford3dDataset_v1.2_Aligned_Version/Area_5/office_33/Annotations/wall_4.txt", "/data/S3DIS/Stanford3dDataset_v1.2_Aligned_Version/Area_5/office_33/Annotations/wall_3.txt", "/data/S3DIS/Stanford3dDataset_v1.2_Aligned_Version/Area_5/office_33/Annotations/board_1.txt", "/data/S3DIS/Stanford3dDataset_v1.2_Aligned_Version/Area_5/office_33/Annotations/window_1.txt", "/data/S3DIS/Stanford3dDataset_v1.2_Aligned_Version/Area_5/office_33/Annotations/column_1.txt", "/data/S3DIS/Stanford3dDataset_v1.2_Aligned_Version/Area_5/office_33/Annotations/column_2.txt"]}, {"id": 40, "parent": -1, "children": [28], "label": "entrance area", "path": ["/data/S3DIS/Stanford3dDataset_v1.2_Aligned_Version/Area_5/office_33/Annotations/door_1.txt"]}, {"id": 41, "parent": -1, "children": [35, 36], "label": "office area", "path": ["/data/S3DIS/Stanford3dDataset_v1.2_Aligned_Version/Area_5/office_33/Annotations/table_2.txt", "/data/S3DIS/Stanford3dDataset_v1.2_Aligned_Version/Area_5/office_33/Annotations/chair_3.txt", "/data/S3DIS/Stanford3dDataset_v1.2_Aligned_Version/Area_5/office_33/Annotations/chair_2.txt"]}, {"id": 42, "parent": -1, "children": [34, 37], "label": "rest area", "path": ["/data/S3DIS/Stanford3dDataset_v1.2_Aligned_Version/Area_5/office_33/Annotations/table_1.txt", "/data/S3DIS/Stanford3dDataset_v1.2_Aligned_Version/Area_5/office_33/Annotations/chair_1.txt"]}, {"id": 43, "parent": 46, "children": [17], "label": "bookcase group", "path": ["/data/S3DIS/Stanford3dDataset_v1.2_Aligned_Version/Area_5/office_33/Annotations/bookcase_1.txt"]}, {"id": 44, "parent": 45, "children": [12], "label": "bookcase group", "path": ["/data/S3DIS/Stanford3dDataset_v1.2_Aligned_Version/Area_5/office_33/Annotations/bookcase_4.txt"]}, {"id": 45, "parent": -1, "children": [44], "label": "case area", "path": ["/data/S3DIS/Stanford3dDataset_v1.2_Aligned_Version/Area_5/office_33/Annotations/bookcase_4.txt"]}, {"id": 46, "parent": -1, "children": [43], "label": "case area", "path": ["/data/S3DIS/Stanford3dDataset_v1.2_Aligned_Version/Area_5/office_33/Annotations/bookcase_1.txt"]}, {"id": 47, "parent": -1, "children": [38], "label": "case area", "path": ["/data/S3DIS/Stanford3dDataset_v1.2_Aligned_Version/Area_5/office_33/Annotations/bookcase_2.txt", "/data/S3DIS/Stanford3dDataset_v1.2_Aligned_Version/Area_5/office_33/Annotations/bookcase_3.txt"]}]