[{"id": 0, "parent": 41, "children": [], "label": "chair", "path": ["/data/S3DIS/Stanford3dDataset_v1.2_Aligned_Version/Area_5/office_18/Annotations/chair_8.txt"]}, {"id": 1, "parent": 34, "children": [], "label": "floor", "path": ["/data/S3DIS/Stanford3dDataset_v1.2_Aligned_Version/Area_5/office_18/Annotations/floor_1.txt"]}, {"id": 2, "parent": 35, "children": [], "label": "door", "path": ["/data/S3DIS/Stanford3dDataset_v1.2_Aligned_Version/Area_5/office_18/Annotations/door_1.txt"]}, {"id": 3, "parent": 44, "children": [], "label": "bookcase", "path": ["/data/S3DIS/Stanford3dDataset_v1.2_Aligned_Version/Area_5/office_18/Annotations/bookcase_2.txt"]}, {"id": 4, "parent": -1, "children": [], "label": "clutter", "path": ["/data/S3DIS/Stanford3dDataset_v1.2_Aligned_Version/Area_5/office_18/Annotations/clutter_5.txt"]}, {"id": 5, "parent": 40, "children": [], "label": "table", "path": ["/data/S3DIS/Stanford3dDataset_v1.2_Aligned_Version/Area_5/office_18/Annotations/table_2.txt"]}, {"id": 7, "parent": 36, "children": [], "label": "ceiling", "path": ["/data/S3DIS/Stanford3dDataset_v1.2_Aligned_Version/Area_5/office_18/Annotations/ceiling_1.txt"]}, {"id": 8, "parent": 42, "children": [], "label": "chair", "path": ["/data/S3DIS/Stanford3dDataset_v1.2_Aligned_Version/Area_5/office_18/Annotations/chair_10.txt"]}, {"id": 9, "parent": -1, "children": [], "label": "clutter", "path": ["/data/S3DIS/Stanford3dDataset_v1.2_Aligned_Version/Area_5/office_18/Annotations/clutter_2.txt"]}, {"id": 10, "parent": 37, "children": [], "label": "wall", "path": ["/data/S3DIS/Stanford3dDataset_v1.2_Aligned_Version/Area_5/office_18/Annotations/wall_2.txt"]}, {"id": 11, "parent": -1, "children": [], "label": "clutter", "path": ["/data/S3DIS/Stanford3dDataset_v1.2_Aligned_Version/Area_5/office_18/Annotations/clutter_1.txt"]}, {"id": 12, "parent": 38, "children": [], "label": "board", "path": ["/data/S3DIS/Stanford3dDataset_v1.2_Aligned_Version/Area_5/office_18/Annotations/board_2.txt"]}, {"id": 13, "parent": 41, "children": [], "label": "chair", "path": ["/data/S3DIS/Stanford3dDataset_v1.2_Aligned_Version/Area_5/office_18/Annotations/chair_1.txt"]}, {"id": 14, "parent": 41, "children": [], "label": "chair", "path": ["/data/S3DIS/Stanford3dDataset_v1.2_Aligned_Version/Area_5/office_18/Annotations/chair_9.txt"]}, {"id": 15, "parent": -1, "children": [], "label": "clutter", "path": ["/data/S3DIS/Stanford3dDataset_v1.2_Aligned_Version/Area_5/office_18/Annotations/clutter_6.txt"]}, {"id": 16, "parent": 41, "children": [], "label": "chair", "path": ["/data/S3DIS/Stanford3dDataset_v1.2_Aligned_Version/Area_5/office_18/Annotations/chair_6.txt"]}, {"id": 17, "parent": 38, "children": [], "label": "board", "path": ["/data/S3DIS/Stanford3dDataset_v1.2_Aligned_Version/Area_5/office_18/Annotations/board_1.txt"]}, {"id": 18, "parent": -1, "children": [], "label": "clutter", "path": ["/data/S3DIS/Stanford3dDataset_v1.2_Aligned_Version/Area_5/office_18/Annotations/clutter_4.txt"]}, {"id": 19, "parent": 41, "children": [], "label": "chair", "path": ["/data/S3DIS/Stanford3dDataset_v1.2_Aligned_Version/Area_5/office_18/Annotations/chair_5.txt"]}, {"id": 20, "parent": 41, "children": [], "label": "chair", "path": ["/data/S3DIS/Stanford3dDataset_v1.2_Aligned_Version/Area_5/office_18/Annotations/chair_4.txt"]}, {"id": 21, "parent": 43, "children": [], "label": "bookcase", "path": ["/data/S3DIS/Stanford3dDataset_v1.2_Aligned_Version/Area_5/office_18/Annotations/bookcase_1.txt"]}, {"id": 22, "parent": 37, "children": [], "label": "wall", "path": ["/data/S3DIS/Stanford3dDataset_v1.2_Aligned_Version/Area_5/office_18/Annotations/wall_1.txt"]}, {"id": 23, "parent": 41, "children": [], "label": "chair", "path": ["/data/S3DIS/Stanford3dDataset_v1.2_Aligned_Version/Area_5/office_18/Annotations/chair_7.txt"]}, {"id": 24, "parent": 39, "children": [], "label": "column", "path": ["/data/S3DIS/Stanford3dDataset_v1.2_Aligned_Version/Area_5/office_18/Annotations/column_1.txt"]}, {"id": 25, "parent": 42, "children": [], "label": "chair", "path": ["/data/S3DIS/Stanford3dDataset_v1.2_Aligned_Version/Area_5/office_18/Annotations/chair_12.txt"]}, {"id": 26, "parent": 41, "children": [], "label": "chair", "path": ["/data/S3DIS/Stanford3dDataset_v1.2_Aligned_Version/Area_5/office_18/Annotations/chair_3.txt"]}, {"id": 27, "parent": 42, "children": [], "label": "chair", "path": ["/data/S3DIS/Stanford3dDataset_v1.2_Aligned_Version/Area_5/office_18/Annotations/chair_11.txt"]}, {"id": 28, "parent": 42, "children": [], "label": "chair", "path": ["/data/S3DIS/Stanford3dDataset_v1.2_Aligned_Version/Area_5/office_18/Annotations/chair_13.txt"]}, {"id": 29, "parent": 40, "children": [], "label": "table", "path": ["/data/S3DIS/Stanford3dDataset_v1.2_Aligned_Version/Area_5/office_18/Annotations/table_1.txt"]}, {"id": 30, "parent": 37, "children": [], "label": "wall", "path": ["/data/S3DIS/Stanford3dDataset_v1.2_Aligned_Version/Area_5/office_18/Annotations/wall_4.txt"]}, {"id": 31, "parent": -1, "children": [], "label": "clutter", "path": ["/data/S3DIS/Stanford3dDataset_v1.2_Aligned_Version/Area_5/office_18/Annotations/clutter_3.txt"]}, {"id": 32, "parent": 41, "children": [], "label": "chair", "path": ["/data/S3DIS/Stanford3dDataset_v1.2_Aligned_Version/Area_5/office_18/Annotations/chair_2.txt"]}, {"id": 33, "parent": 37, "children": [], "label": "wall", "path": ["/data/S3DIS/Stanford3dDataset_v1.2_Aligned_Version/Area_5/office_18/Annotations/wall_3.txt"]}, {"id": 34, "parent": 45, "children": [1], "label": "floor group", "path": ["/data/S3DIS/Stanford3dDataset_v1.2_Aligned_Version/Area_5/office_18/Annotations/floor_1.txt"]}, {"id": 35, "parent": 46, "children": [2], "label": "door group", "path": ["/data/S3DIS/Stanford3dDataset_v1.2_Aligned_Version/Area_5/office_18/Annotations/door_1.txt"]}, {"id": 36, "parent": 45, "children": [7], "label": "ceiling group", "path": ["/data/S3DIS/Stanford3dDataset_v1.2_Aligned_Version/Area_5/office_18/Annotations/ceiling_1.txt"]}, {"id": 37, "parent": 45, "children": [10, 22, 30, 33], "label": "wall group", "path": ["/data/S3DIS/Stanford3dDataset_v1.2_Aligned_Version/Area_5/office_18/Annotations/wall_2.txt", "/data/S3DIS/Stanford3dDataset_v1.2_Aligned_Version/Area_5/office_18/Annotations/wall_1.txt", "/data/S3DIS/Stanford3dDataset_v1.2_Aligned_Version/Area_5/office_18/Annotations/wall_4.txt", "/data/S3DIS/Stanford3dDataset_v1.2_Aligned_Version/Area_5/office_18/Annotations/wall_3.txt"]}, {"id": 38, "parent": 45, "children": [12, 17], "label": "board group", "path": ["/data/S3DIS/Stanford3dDataset_v1.2_Aligned_Version/Area_5/office_18/Annotations/board_2.txt", "/data/S3DIS/Stanford3dDataset_v1.2_Aligned_Version/Area_5/office_18/Annotations/board_1.txt"]}, {"id": 39, "parent": 45, "children": [24], "label": "column group", "path": ["/data/S3DIS/Stanford3dDataset_v1.2_Aligned_Version/Area_5/office_18/Annotations/column_1.txt"]}, {"id": 40, "parent": 47, "children": [5, 29], "label": "table group", "path": ["/data/S3DIS/Stanford3dDataset_v1.2_Aligned_Version/Area_5/office_18/Annotations/table_2.txt", "/data/S3DIS/Stanford3dDataset_v1.2_Aligned_Version/Area_5/office_18/Annotations/table_1.txt"]}, {"id": 41, "parent": 47, "children": [0, 13, 14, 16, 19, 20, 23, 26, 32], "label": "chair group", "path": ["/data/S3DIS/Stanford3dDataset_v1.2_Aligned_Version/Area_5/office_18/Annotations/chair_8.txt", "/data/S3DIS/Stanford3dDataset_v1.2_Aligned_Version/Area_5/office_18/Annotations/chair_1.txt", "/data/S3DIS/Stanford3dDataset_v1.2_Aligned_Version/Area_5/office_18/Annotations/chair_9.txt", "/data/S3DIS/Stanford3dDataset_v1.2_Aligned_Version/Area_5/office_18/Annotations/chair_6.txt", "/data/S3DIS/Stanford3dDataset_v1.2_Aligned_Version/Area_5/office_18/Annotations/chair_5.txt", "/data/S3DIS/Stanford3dDataset_v1.2_Aligned_Version/Area_5/office_18/Annotations/chair_4.txt", "/data/S3DIS/Stanford3dDataset_v1.2_Aligned_Version/Area_5/office_18/Annotations/chair_7.txt", "/data/S3DIS/Stanford3dDataset_v1.2_Aligned_Version/Area_5/office_18/Annotations/chair_3.txt", "/data/S3DIS/Stanford3dDataset_v1.2_Aligned_Version/Area_5/office_18/Annotations/chair_2.txt"]}, {"id": 42, "parent": 48, "children": [8, 25, 27, 28], "label": "chair group", "path": ["/data/S3DIS/Stanford3dDataset_v1.2_Aligned_Version/Area_5/office_18/Annotations/chair_10.txt", "/data/S3DIS/Stanford3dDataset_v1.2_Aligned_Version/Area_5/office_18/Annotations/chair_12.txt", "/data/S3DIS/Stanford3dDataset_v1.2_Aligned_Version/Area_5/office_18/Annotations/chair_11.txt", "/data/S3DIS/Stanford3dDataset_v1.2_Aligned_Version/Area_5/office_18/Annotations/chair_13.txt"]}, {"id": 43, "parent": 50, "children": [21], "label": "bookcase group", "path": ["/data/S3DIS/Stanford3dDataset_v1.2_Aligned_Version/Area_5/office_18/Annotations/bookcase_1.txt"]}, {"id": 44, "parent": 49, "children": [3], "label": "bookcase group", "path": ["/data/S3DIS/Stanford3dDataset_v1.2_Aligned_Version/Area_5/office_18/Annotations/bookcase_2.txt"]}, {"id": 45, "parent": -1, "children": [34, 36, 37, 38, 39], "label": "building area", "path": ["/data/S3DIS/Stanford3dDataset_v1.2_Aligned_Version/Area_5/office_18/Annotations/floor_1.txt", "/data/S3DIS/Stanford3dDataset_v1.2_Aligned_Version/Area_5/office_18/Annotations/ceiling_1.txt", "/data/S3DIS/Stanford3dDataset_v1.2_Aligned_Version/Area_5/office_18/Annotations/wall_2.txt", "/data/S3DIS/Stanford3dDataset_v1.2_Aligned_Version/Area_5/office_18/Annotations/wall_1.txt", "/data/S3DIS/Stanford3dDataset_v1.2_Aligned_Version/Area_5/office_18/Annotations/wall_4.txt", "/data/S3DIS/Stanford3dDataset_v1.2_Aligned_Version/Area_5/office_18/Annotations/wall_3.txt", "/data/S3DIS/Stanford3dDataset_v1.2_Aligned_Version/Area_5/office_18/Annotations/board_2.txt", "/data/S3DIS/Stanford3dDataset_v1.2_Aligned_Version/Area_5/office_18/Annotations/board_1.txt", "/data/S3DIS/Stanford3dDataset_v1.2_Aligned_Version/Area_5/office_18/Annotations/column_1.txt"]}, {"id": 46, "parent": -1, "children": [35], "label": "entrance area", "path": ["/data/S3DIS/Stanford3dDataset_v1.2_Aligned_Version/Area_5/office_18/Annotations/door_1.txt"]}, {"id": 47, "parent": -1, "children": [40, 41], "label": "office area", "path": ["/data/S3DIS/Stanford3dDataset_v1.2_Aligned_Version/Area_5/office_18/Annotations/table_2.txt", "/data/S3DIS/Stanford3dDataset_v1.2_Aligned_Version/Area_5/office_18/Annotations/table_1.txt", "/data/S3DIS/Stanford3dDataset_v1.2_Aligned_Version/Area_5/office_18/Annotations/chair_8.txt", "/data/S3DIS/Stanford3dDataset_v1.2_Aligned_Version/Area_5/office_18/Annotations/chair_1.txt", "/data/S3DIS/Stanford3dDataset_v1.2_Aligned_Version/Area_5/office_18/Annotations/chair_9.txt", "/data/S3DIS/Stanford3dDataset_v1.2_Aligned_Version/Area_5/office_18/Annotations/chair_6.txt", "/data/S3DIS/Stanford3dDataset_v1.2_Aligned_Version/Area_5/office_18/Annotations/chair_5.txt", "/data/S3DIS/Stanford3dDataset_v1.2_Aligned_Version/Area_5/office_18/Annotations/chair_4.txt", "/data/S3DIS/Stanford3dDataset_v1.2_Aligned_Version/Area_5/office_18/Annotations/chair_7.txt", "/data/S3DIS/Stanford3dDataset_v1.2_Aligned_Version/Area_5/office_18/Annotations/chair_3.txt", "/data/S3DIS/Stanford3dDataset_v1.2_Aligned_Version/Area_5/office_18/Annotations/chair_2.txt"]}, {"id": 48, "parent": -1, "children": [42], "label": "chair area", "path": ["/data/S3DIS/Stanford3dDataset_v1.2_Aligned_Version/Area_5/office_18/Annotations/chair_10.txt", "/data/S3DIS/Stanford3dDataset_v1.2_Aligned_Version/Area_5/office_18/Annotations/chair_12.txt", "/data/S3DIS/Stanford3dDataset_v1.2_Aligned_Version/Area_5/office_18/Annotations/chair_11.txt", "/data/S3DIS/Stanford3dDataset_v1.2_Aligned_Version/Area_5/office_18/Annotations/chair_13.txt"]}, {"id": 49, "parent": -1, "children": [44], "label": "case area", "path": ["/data/S3DIS/Stanford3dDataset_v1.2_Aligned_Version/Area_5/office_18/Annotations/bookcase_2.txt"]}, {"id": 50, "parent": -1, "children": [43], "label": "case area", "path": ["/data/S3DIS/Stanford3dDataset_v1.2_Aligned_Version/Area_5/office_18/Annotations/bookcase_1.txt"]}]