[{"id": 0, "parent": 24, "children": [], "label": "floor", "path": ["/data/S3DIS/Stanford3dDataset_v1.2_Aligned_Version/Area_5/WC_1/Annotations/floor_1.txt"]}, {"id": 1, "parent": 25, "children": [], "label": "door", "path": ["/data/S3DIS/Stanford3dDataset_v1.2_Aligned_Version/Area_5/WC_1/Annotations/door_1.txt"]}, {"id": 2, "parent": 26, "children": [], "label": "wall", "path": ["/data/S3DIS/Stanford3dDataset_v1.2_Aligned_Version/Area_5/WC_1/Annotations/wall_6.txt"]}, {"id": 3, "parent": -1, "children": [], "label": "clutter", "path": ["/data/S3DIS/Stanford3dDataset_v1.2_Aligned_Version/Area_5/WC_1/Annotations/clutter_5.txt"]}, {"id": 4, "parent": 27, "children": [], "label": "ceiling", "path": ["/data/S3DIS/Stanford3dDataset_v1.2_Aligned_Version/Area_5/WC_1/Annotations/ceiling_1.txt"]}, {"id": 5, "parent": -1, "children": [], "label": "clutter", "path": ["/data/S3DIS/Stanford3dDataset_v1.2_Aligned_Version/Area_5/WC_1/Annotations/clutter_9.txt"]}, {"id": 6, "parent": -1, "children": [], "label": "clutter", "path": ["/data/S3DIS/Stanford3dDataset_v1.2_Aligned_Version/Area_5/WC_1/Annotations/clutter_2.txt"]}, {"id": 7, "parent": 26, "children": [], "label": "wall", "path": ["/data/S3DIS/Stanford3dDataset_v1.2_Aligned_Version/Area_5/WC_1/Annotations/wall_2.txt"]}, {"id": 8, "parent": -1, "children": [], "label": "clutter", "path": ["/data/S3DIS/Stanford3dDataset_v1.2_Aligned_Version/Area_5/WC_1/Annotations/clutter_1.txt"]}, {"id": 9, "parent": -1, "children": [], "label": "clutter", "path": ["/data/S3DIS/Stanford3dDataset_v1.2_Aligned_Version/Area_5/WC_1/Annotations/clutter_12.txt"]}, {"id": 10, "parent": -1, "children": [], "label": "clutter", "path": ["/data/S3DIS/Stanford3dDataset_v1.2_Aligned_Version/Area_5/WC_1/Annotations/clutter_7.txt"]}, {"id": 11, "parent": -1, "children": [], "label": "clutter", "path": ["/data/S3DIS/Stanford3dDataset_v1.2_Aligned_Version/Area_5/WC_1/Annotations/clutter_8.txt"]}, {"id": 12, "parent": 26, "children": [], "label": "wall", "path": ["/data/S3DIS/Stanford3dDataset_v1.2_Aligned_Version/Area_5/WC_1/Annotations/wall_7.txt"]}, {"id": 13, "parent": 26, "children": [], "label": "wall", "path": ["/data/S3DIS/Stanford3dDataset_v1.2_Aligned_Version/Area_5/WC_1/Annotations/wall_5.txt"]}, {"id": 14, "parent": -1, "children": [], "label": "clutter", "path": ["/data/S3DIS/Stanford3dDataset_v1.2_Aligned_Version/Area_5/WC_1/Annotations/clutter_6.txt"]}, {"id": 15, "parent": -1, "children": [], "label": "clutter", "path": ["/data/S3DIS/Stanford3dDataset_v1.2_Aligned_Version/Area_5/WC_1/Annotations/clutter_10.txt"]}, {"id": 16, "parent": -1, "children": [], "label": "clutter", "path": ["/data/S3DIS/Stanford3dDataset_v1.2_Aligned_Version/Area_5/WC_1/Annotations/clutter_4.txt"]}, {"id": 17, "parent": -1, "children": [], "label": "clutter", "path": ["/data/S3DIS/Stanford3dDataset_v1.2_Aligned_Version/Area_5/WC_1/Annotations/clutter_11.txt"]}, {"id": 18, "parent": 26, "children": [], "label": "wall", "path": ["/data/S3DIS/Stanford3dDataset_v1.2_Aligned_Version/Area_5/WC_1/Annotations/wall_1.txt"]}, {"id": 20, "parent": 26, "children": [], "label": "wall", "path": ["/data/S3DIS/Stanford3dDataset_v1.2_Aligned_Version/Area_5/WC_1/Annotations/wall_4.txt"]}, {"id": 21, "parent": 26, "children": [], "label": "wall", "path": ["/data/S3DIS/Stanford3dDataset_v1.2_Aligned_Version/Area_5/WC_1/Annotations/wall_8.txt"]}, {"id": 22, "parent": -1, "children": [], "label": "clutter", "path": ["/data/S3DIS/Stanford3dDataset_v1.2_Aligned_Version/Area_5/WC_1/Annotations/clutter_3.txt"]}, {"id": 23, "parent": 26, "children": [], "label": "wall", "path": ["/data/S3DIS/Stanford3dDataset_v1.2_Aligned_Version/Area_5/WC_1/Annotations/wall_3.txt"]}, {"id": 24, "parent": 28, "children": [0], "label": "floor group", "path": ["/data/S3DIS/Stanford3dDataset_v1.2_Aligned_Version/Area_5/WC_1/Annotations/floor_1.txt"]}, {"id": 25, "parent": 29, "children": [1], "label": "door group", "path": ["/data/S3DIS/Stanford3dDataset_v1.2_Aligned_Version/Area_5/WC_1/Annotations/door_1.txt"]}, {"id": 26, "parent": 28, "children": [2, 7, 12, 13, 18, 20, 21, 23], "label": "wall group", "path": ["/data/S3DIS/Stanford3dDataset_v1.2_Aligned_Version/Area_5/WC_1/Annotations/wall_6.txt", "/data/S3DIS/Stanford3dDataset_v1.2_Aligned_Version/Area_5/WC_1/Annotations/wall_2.txt", "/data/S3DIS/Stanford3dDataset_v1.2_Aligned_Version/Area_5/WC_1/Annotations/wall_7.txt", "/data/S3DIS/Stanford3dDataset_v1.2_Aligned_Version/Area_5/WC_1/Annotations/wall_5.txt", "/data/S3DIS/Stanford3dDataset_v1.2_Aligned_Version/Area_5/WC_1/Annotations/wall_1.txt", "/data/S3DIS/Stanford3dDataset_v1.2_Aligned_Version/Area_5/WC_1/Annotations/wall_4.txt", "/data/S3DIS/Stanford3dDataset_v1.2_Aligned_Version/Area_5/WC_1/Annotations/wall_8.txt", "/data/S3DIS/Stanford3dDataset_v1.2_Aligned_Version/Area_5/WC_1/Annotations/wall_3.txt"]}, {"id": 27, "parent": 28, "children": [4], "label": "ceiling group", "path": ["/data/S3DIS/Stanford3dDataset_v1.2_Aligned_Version/Area_5/WC_1/Annotations/ceiling_1.txt"]}, {"id": 28, "parent": -1, "children": [24, 26, 27], "label": "building area", "path": ["/data/S3DIS/Stanford3dDataset_v1.2_Aligned_Version/Area_5/WC_1/Annotations/floor_1.txt", "/data/S3DIS/Stanford3dDataset_v1.2_Aligned_Version/Area_5/WC_1/Annotations/wall_6.txt", "/data/S3DIS/Stanford3dDataset_v1.2_Aligned_Version/Area_5/WC_1/Annotations/wall_2.txt", "/data/S3DIS/Stanford3dDataset_v1.2_Aligned_Version/Area_5/WC_1/Annotations/wall_7.txt", "/data/S3DIS/Stanford3dDataset_v1.2_Aligned_Version/Area_5/WC_1/Annotations/wall_5.txt", "/data/S3DIS/Stanford3dDataset_v1.2_Aligned_Version/Area_5/WC_1/Annotations/wall_1.txt", "/data/S3DIS/Stanford3dDataset_v1.2_Aligned_Version/Area_5/WC_1/Annotations/wall_4.txt", "/data/S3DIS/Stanford3dDataset_v1.2_Aligned_Version/Area_5/WC_1/Annotations/wall_8.txt", "/data/S3DIS/Stanford3dDataset_v1.2_Aligned_Version/Area_5/WC_1/Annotations/wall_3.txt", "/data/S3DIS/Stanford3dDataset_v1.2_Aligned_Version/Area_5/WC_1/Annotations/ceiling_1.txt"]}, {"id": 29, "parent": -1, "children": [25], "label": "entrance area", "path": ["/data/S3DIS/Stanford3dDataset_v1.2_Aligned_Version/Area_5/WC_1/Annotations/door_1.txt"]}]