[
  {
    "id": 0,
    "parent": 58,
    "children": [],
    "label": "chair",
    "path": [
      "/data/S3DIS/Stanford3dDataset_v1.2_Aligned_Version/Area_3/conferenceRoom_1/Annotations/chair_8.txt"
    ]
  },
  {
    "id": 1,
    "parent": 49,
    "children": [],
    "label": "floor",
    "path": [
      "/data/S3DIS/Stanford3dDataset_v1.2_Aligned_Version/Area_3/conferenceRoom_1/Annotations/floor_1.txt"
    ]
  },
  {
    "id": 2,
    "parent": 64,
    "children": [],
    "label": "door",
    "path": [
      "/data/S3DIS/Stanford3dDataset_v1.2_Aligned_Version/Area_3/conferenceRoom_1/Annotations/door_1.txt"
    ]
  },
  {
    "id": 3,
    "parent": 48,
    "children": [],
    "label": "wall",
    "path": [
      "/data/S3DIS/Stanford3dDataset_v1.2_Aligned_Version/Area_3/conferenceRoom_1/Annotations/wall_6.txt"
    ]
  },
  {
    "id": 4,
    "parent": 52,
    "children": [],
    "label": "bookcase",
    "path": [
      "/data/S3DIS/Stanford3dDataset_v1.2_Aligned_Version/Area_3/conferenceRoom_1/Annotations/bookcase_2.txt"
    ]
  },
  {
    "id": 5,
    "parent": -1,
    "children": [],
    "label": "clutter",
    "path": [
      "/data/S3DIS/Stanford3dDataset_v1.2_Aligned_Version/Area_3/conferenceRoom_1/Annotations/clutter_5.txt"
    ]
  },
  {
    "id": 7,
    "parent": 51,
    "children": [],
    "label": "ceiling",
    "path": [
      "/data/S3DIS/Stanford3dDataset_v1.2_Aligned_Version/Area_3/conferenceRoom_1/Annotations/ceiling_1.txt"
    ]
  },
  {
    "id": 8,
    "parent": 52,
    "children": [],
    "label": "bookcase",
    "path": [
      "/data/S3DIS/Stanford3dDataset_v1.2_Aligned_Version/Area_3/conferenceRoom_1/Annotations/bookcase_3.txt"
    ]
  },
  {
    "id": 9,
    "parent": 65,
    "children": [],
    "label": "door",
    "path": [
      "/data/S3DIS/Stanford3dDataset_v1.2_Aligned_Version/Area_3/conferenceRoom_1/Annotations/door_2.txt"
    ]
  },
  {
    "id": 10,
    "parent": -1,
    "children": [],
    "label": "clutter",
    "path": [
      "/data/S3DIS/Stanford3dDataset_v1.2_Aligned_Version/Area_3/conferenceRoom_1/Annotations/clutter_9.txt"
    ]
  },
  {
    "id": 11,
    "parent": 58,
    "children": [],
    "label": "chair",
    "path": [
      "/data/S3DIS/Stanford3dDataset_v1.2_Aligned_Version/Area_3/conferenceRoom_1/Annotations/chair_10.txt"
    ]
  },
  {
    "id": 12,
    "parent": -1,
    "children": [],
    "label": "clutter",
    "path": [
      "/data/S3DIS/Stanford3dDataset_v1.2_Aligned_Version/Area_3/conferenceRoom_1/Annotations/clutter_2.txt"
    ]
  },
  {
    "id": 13,
    "parent": 48,
    "children": [],
    "label": "wall",
    "path": [
      "/data/S3DIS/Stanford3dDataset_v1.2_Aligned_Version/Area_3/conferenceRoom_1/Annotations/wall_2.txt"
    ]
  },
  {
    "id": 14,
    "parent": 58,
    "children": [],
    "label": "chair",
    "path": [
      "/data/S3DIS/Stanford3dDataset_v1.2_Aligned_Version/Area_3/conferenceRoom_1/Annotations/chair_16.txt"
    ]
  },
  {
    "id": 15,
    "parent": -1,
    "children": [],
    "label": "clutter",
    "path": [
      "/data/S3DIS/Stanford3dDataset_v1.2_Aligned_Version/Area_3/conferenceRoom_1/Annotations/clutter_1.txt"
    ]
  },
  {
    "id": 16,
    "parent": 54,
    "children": [],
    "label": "board",
    "path": [
      "/data/S3DIS/Stanford3dDataset_v1.2_Aligned_Version/Area_3/conferenceRoom_1/Annotations/board_2.txt"
    ]
  },
  {
    "id": 17,
    "parent": 50,
    "children": [],
    "label": "beam",
    "path": [
      "/data/S3DIS/Stanford3dDataset_v1.2_Aligned_Version/Area_3/conferenceRoom_1/Annotations/beam_1.txt"
    ]
  },
  {
    "id": 18,
    "parent": -1,
    "children": [],
    "label": "clutter",
    "path": [
      "/data/S3DIS/Stanford3dDataset_v1.2_Aligned_Version/Area_3/conferenceRoom_1/Annotations/clutter_7.txt"
    ]
  },
  {
    "id": 19,
    "parent": 58,
    "children": [],
    "label": "chair",
    "path": [
      "/data/S3DIS/Stanford3dDataset_v1.2_Aligned_Version/Area_3/conferenceRoom_1/Annotations/chair_1.txt"
    ]
  },
  {
    "id": 20,
    "parent": -1,
    "children": [],
    "label": "clutter",
    "path": [
      "/data/S3DIS/Stanford3dDataset_v1.2_Aligned_Version/Area_3/conferenceRoom_1/Annotations/clutter_8.txt"
    ]
  },
  {
    "id": 21,
    "parent": 52,
    "children": [],
    "label": "bookcase",
    "path": [
      "/data/S3DIS/Stanford3dDataset_v1.2_Aligned_Version/Area_3/conferenceRoom_1/Annotations/bookcase_4.txt"
    ]
  },
  {
    "id": 22,
    "parent": 58,
    "children": [],
    "label": "chair",
    "path": [
      "/data/S3DIS/Stanford3dDataset_v1.2_Aligned_Version/Area_3/conferenceRoom_1/Annotations/chair_9.txt"
    ]
  },
  {
    "id": 23,
    "parent": 48,
    "children": [],
    "label": "wall",
    "path": [
      "/data/S3DIS/Stanford3dDataset_v1.2_Aligned_Version/Area_3/conferenceRoom_1/Annotations/wall_5.txt"
    ]
  },
  {
    "id": 24,
    "parent": -1,
    "children": [],
    "label": "clutter",
    "path": [
      "/data/S3DIS/Stanford3dDataset_v1.2_Aligned_Version/Area_3/conferenceRoom_1/Annotations/clutter_6.txt"
    ]
  },
  {
    "id": 25,
    "parent": 58,
    "children": [],
    "label": "chair",
    "path": [
      "/data/S3DIS/Stanford3dDataset_v1.2_Aligned_Version/Area_3/conferenceRoom_1/Annotations/chair_6.txt"
    ]
  },
  {
    "id": 26,
    "parent": 58,
    "children": [],
    "label": "chair",
    "path": [
      "/data/S3DIS/Stanford3dDataset_v1.2_Aligned_Version/Area_3/conferenceRoom_1/Annotations/chair_15.txt"
    ]
  },
  {
    "id": 27,
    "parent": 53,
    "children": [],
    "label": "board",
    "path": [
      "/data/S3DIS/Stanford3dDataset_v1.2_Aligned_Version/Area_3/conferenceRoom_1/Annotations/board_1.txt"
    ]
  },
  {
    "id": 28,
    "parent": -1,
    "children": [],
    "label": "clutter",
    "path": [
      "/data/S3DIS/Stanford3dDataset_v1.2_Aligned_Version/Area_3/conferenceRoom_1/Annotations/clutter_4.txt"
    ]
  },
  {
    "id": 29,
    "parent": 58,
    "children": [],
    "label": "chair",
    "path": [
      "/data/S3DIS/Stanford3dDataset_v1.2_Aligned_Version/Area_3/conferenceRoom_1/Annotations/chair_5.txt"
    ]
  },
  {
    "id": 30,
    "parent": 58,
    "children": [],
    "label": "chair",
    "path": [
      "/data/S3DIS/Stanford3dDataset_v1.2_Aligned_Version/Area_3/conferenceRoom_1/Annotations/chair_4.txt"
    ]
  },
  {
    "id": 31,
    "parent": 56,
    "children": [],
    "label": "bookcase",
    "path": [
      "/data/S3DIS/Stanford3dDataset_v1.2_Aligned_Version/Area_3/conferenceRoom_1/Annotations/bookcase_1.txt"
    ]
  },
  {
    "id": 32,
    "parent": 48,
    "children": [],
    "label": "wall",
    "path": [
      "/data/S3DIS/Stanford3dDataset_v1.2_Aligned_Version/Area_3/conferenceRoom_1/Annotations/wall_1.txt"
    ]
  },
  {
    "id": 33,
    "parent": 58,
    "children": [],
    "label": "chair",
    "path": [
      "/data/S3DIS/Stanford3dDataset_v1.2_Aligned_Version/Area_3/conferenceRoom_1/Annotations/chair_7.txt"
    ]
  },
  {
    "id": 34,
    "parent": 58,
    "children": [],
    "label": "chair",
    "path": [
      "/data/S3DIS/Stanford3dDataset_v1.2_Aligned_Version/Area_3/conferenceRoom_1/Annotations/chair_17.txt"
    ]
  },
  {
    "id": 35,
    "parent": 58,
    "children": [],
    "label": "chair",
    "path": [
      "/data/S3DIS/Stanford3dDataset_v1.2_Aligned_Version/Area_3/conferenceRoom_1/Annotations/chair_12.txt"
    ]
  },
  {
    "id": 36,
    "parent": 58,
    "children": [],
    "label": "chair",
    "path": [
      "/data/S3DIS/Stanford3dDataset_v1.2_Aligned_Version/Area_3/conferenceRoom_1/Annotations/chair_3.txt"
    ]
  },
  {
    "id": 37,
    "parent": 58,
    "children": [],
    "label": "chair",
    "path": [
      "/data/S3DIS/Stanford3dDataset_v1.2_Aligned_Version/Area_3/conferenceRoom_1/Annotations/chair_11.txt"
    ]
  },
  {
    "id": 38,
    "parent": 57,
    "children": [],
    "label": "bookcase",
    "path": [
      "/data/S3DIS/Stanford3dDataset_v1.2_Aligned_Version/Area_3/conferenceRoom_1/Annotations/bookcase_6.txt"
    ]
  },
  {
    "id": 39,
    "parent": 58,
    "children": [],
    "label": "chair",
    "path": [
      "/data/S3DIS/Stanford3dDataset_v1.2_Aligned_Version/Area_3/conferenceRoom_1/Annotations/chair_13.txt"
    ]
  },
  {
    "id": 40,
    "parent": 58,
    "children": [],
    "label": "chair",
    "path": [
      "/data/S3DIS/Stanford3dDataset_v1.2_Aligned_Version/Area_3/conferenceRoom_1/Annotations/chair_14.txt"
    ]
  },
  {
    "id": 42,
    "parent": 59,
    "children": [],
    "label": "table",
    "path": [
      "/data/S3DIS/Stanford3dDataset_v1.2_Aligned_Version/Area_3/conferenceRoom_1/Annotations/table_1.txt"
    ]
  },
  {
    "id": 43,
    "parent": 48,
    "children": [],
    "label": "wall",
    "path": [
      "/data/S3DIS/Stanford3dDataset_v1.2_Aligned_Version/Area_3/conferenceRoom_1/Annotations/wall_4.txt"
    ]
  },
  {
    "id": 44,
    "parent": -1,
    "children": [],
    "label": "clutter",
    "path": [
      "/data/S3DIS/Stanford3dDataset_v1.2_Aligned_Version/Area_3/conferenceRoom_1/Annotations/clutter_3.txt"
    ]
  },
  {
    "id": 45,
    "parent": 58,
    "children": [],
    "label": "chair",
    "path": [
      "/data/S3DIS/Stanford3dDataset_v1.2_Aligned_Version/Area_3/conferenceRoom_1/Annotations/chair_2.txt"
    ]
  },
  {
    "id": 46,
    "parent": 52,
    "children": [],
    "label": "bookcase",
    "path": [
      "/data/S3DIS/Stanford3dDataset_v1.2_Aligned_Version/Area_3/conferenceRoom_1/Annotations/bookcase_5.txt"
    ]
  },
  {
    "id": 47,
    "parent": 48,
    "children": [],
    "label": "wall",
    "path": [
      "/data/S3DIS/Stanford3dDataset_v1.2_Aligned_Version/Area_3/conferenceRoom_1/Annotations/wall_3.txt"
    ]
  },
  {
    "id": 48,
    "parent": 55,
    "children": [
      3,
      13,
      23,
      32,
      43,
      47
    ],
    "label": "wall group",
    "path": [
      "/data/S3DIS/Stanford3dDataset_v1.2_Aligned_Version/Area_3/conferenceRoom_1/Annotations/wall_6.txt",
      "/data/S3DIS/Stanford3dDataset_v1.2_Aligned_Version/Area_3/conferenceRoom_1/Annotations/wall_2.txt",
      "/data/S3DIS/Stanford3dDataset_v1.2_Aligned_Version/Area_3/conferenceRoom_1/Annotations/wall_5.txt",
      "/data/S3DIS/Stanford3dDataset_v1.2_Aligned_Version/Area_3/conferenceRoom_1/Annotations/wall_1.txt",
      "/data/S3DIS/Stanford3dDataset_v1.2_Aligned_Version/Area_3/conferenceRoom_1/Annotations/wall_4.txt",
      "/data/S3DIS/Stanford3dDataset_v1.2_Aligned_Version/Area_3/conferenceRoom_1/Annotations/wall_3.txt"
    ]
  },
  {
    "id": 49,
    "parent": 55,
    "children": [
      1
    ],
    "label": "floor group",
    "path": [
      "/data/S3DIS/Stanford3dDataset_v1.2_Aligned_Version/Area_3/conferenceRoom_1/Annotations/floor_1.txt"
    ]
  },
  {
    "id": 50,
    "parent": 55,
    "children": [
      17
    ],
    "label": "beam group",
    "path": [
      "/data/S3DIS/Stanford3dDataset_v1.2_Aligned_Version/Area_3/conferenceRoom_1/Annotations/beam_1.txt"
    ]
  },
  {
    "id": 51,
    "parent": 55,
    "children": [
      7
    ],
    "label": "ceiling group",
    "path": [
      "/data/S3DIS/Stanford3dDataset_v1.2_Aligned_Version/Area_3/conferenceRoom_1/Annotations/ceiling_1.txt"
    ]
  },
  {
    "id": 52,
    "parent": 62,
    "children": [
      4,
      8,
      21,
      46
    ],
    "label": "bookcase group",
    "path": [
      "/data/S3DIS/Stanford3dDataset_v1.2_Aligned_Version/Area_3/conferenceRoom_1/Annotations/bookcase_2.txt",
      "/data/S3DIS/Stanford3dDataset_v1.2_Aligned_Version/Area_3/conferenceRoom_1/Annotations/bookcase_3.txt",
      "/data/S3DIS/Stanford3dDataset_v1.2_Aligned_Version/Area_3/conferenceRoom_1/Annotations/bookcase_4.txt",
      "/data/S3DIS/Stanford3dDataset_v1.2_Aligned_Version/Area_3/conferenceRoom_1/Annotations/bookcase_5.txt"
    ]
  },
  {
    "id": 53,
    "parent": 55,
    "children": [
      27
    ],
    "label": "board group",
    "path": [
      "/data/S3DIS/Stanford3dDataset_v1.2_Aligned_Version/Area_3/conferenceRoom_1/Annotations/board_1.txt"
    ]
  },
  {
    "id": 54,
    "parent": 55,
    "children": [
      16
    ],
    "label": "board group",
    "path": [
      "/data/S3DIS/Stanford3dDataset_v1.2_Aligned_Version/Area_3/conferenceRoom_1/Annotations/board_2.txt"
    ]
  },
  {
    "id": 55,
    "parent": -1,
    "children": [
      48,
      49,
      50,
      51,
      53,
      54
    ],
    "label": "building area",
    "path": [
      "/data/S3DIS/Stanford3dDataset_v1.2_Aligned_Version/Area_3/conferenceRoom_1/Annotations/wall_6.txt",
      "/data/S3DIS/Stanford3dDataset_v1.2_Aligned_Version/Area_3/conferenceRoom_1/Annotations/wall_2.txt",
      "/data/S3DIS/Stanford3dDataset_v1.2_Aligned_Version/Area_3/conferenceRoom_1/Annotations/wall_5.txt",
      "/data/S3DIS/Stanford3dDataset_v1.2_Aligned_Version/Area_3/conferenceRoom_1/Annotations/wall_1.txt",
      "/data/S3DIS/Stanford3dDataset_v1.2_Aligned_Version/Area_3/conferenceRoom_1/Annotations/wall_4.txt",
      "/data/S3DIS/Stanford3dDataset_v1.2_Aligned_Version/Area_3/conferenceRoom_1/Annotations/wall_3.txt",
      "/data/S3DIS/Stanford3dDataset_v1.2_Aligned_Version/Area_3/conferenceRoom_1/Annotations/floor_1.txt",
      "/data/S3DIS/Stanford3dDataset_v1.2_Aligned_Version/Area_3/conferenceRoom_1/Annotations/beam_1.txt",
      "/data/S3DIS/Stanford3dDataset_v1.2_Aligned_Version/Area_3/conferenceRoom_1/Annotations/ceiling_1.txt",
      "/data/S3DIS/Stanford3dDataset_v1.2_Aligned_Version/Area_3/conferenceRoom_1/Annotations/board_1.txt",
      "/data/S3DIS/Stanford3dDataset_v1.2_Aligned_Version/Area_3/conferenceRoom_1/Annotations/board_2.txt"
    ]
  },
  {
    "id": 56,
    "parent": 63,
    "children": [
      31
    ],
    "label": "bookcase group",
    "path": [
      "/data/S3DIS/Stanford3dDataset_v1.2_Aligned_Version/Area_3/conferenceRoom_1/Annotations/bookcase_1.txt"
    ]
  },
  {
    "id": 57,
    "parent": 61,
    "children": [
      38
    ],
    "label": "bookcase group",
    "path": [
      "/data/S3DIS/Stanford3dDataset_v1.2_Aligned_Version/Area_3/conferenceRoom_1/Annotations/bookcase_6.txt"
    ]
  },
  {
    "id": 58,
    "parent": 60,
    "children": [
      0,
      11,
      14,
      19,
      22,
      25,
      26,
      29,
      30,
      33,
      34,
      35,
      36,
      37,
      39,
      40,
      45
    ],
    "label": "chair group",
    "path": [
      "/data/S3DIS/Stanford3dDataset_v1.2_Aligned_Version/Area_3/conferenceRoom_1/Annotations/chair_8.txt",
      "/data/S3DIS/Stanford3dDataset_v1.2_Aligned_Version/Area_3/conferenceRoom_1/Annotations/chair_10.txt",
      "/data/S3DIS/Stanford3dDataset_v1.2_Aligned_Version/Area_3/conferenceRoom_1/Annotations/chair_16.txt",
      "/data/S3DIS/Stanford3dDataset_v1.2_Aligned_Version/Area_3/conferenceRoom_1/Annotations/chair_1.txt",
      "/data/S3DIS/Stanford3dDataset_v1.2_Aligned_Version/Area_3/conferenceRoom_1/Annotations/chair_9.txt",
      "/data/S3DIS/Stanford3dDataset_v1.2_Aligned_Version/Area_3/conferenceRoom_1/Annotations/chair_6.txt",
      "/data/S3DIS/Stanford3dDataset_v1.2_Aligned_Version/Area_3/conferenceRoom_1/Annotations/chair_15.txt",
      "/data/S3DIS/Stanford3dDataset_v1.2_Aligned_Version/Area_3/conferenceRoom_1/Annotations/chair_5.txt",
      "/data/S3DIS/Stanford3dDataset_v1.2_Aligned_Version/Area_3/conferenceRoom_1/Annotations/chair_4.txt",
      "/data/S3DIS/Stanford3dDataset_v1.2_Aligned_Version/Area_3/conferenceRoom_1/Annotations/chair_7.txt",
      "/data/S3DIS/Stanford3dDataset_v1.2_Aligned_Version/Area_3/conferenceRoom_1/Annotations/chair_17.txt",
      "/data/S3DIS/Stanford3dDataset_v1.2_Aligned_Version/Area_3/conferenceRoom_1/Annotations/chair_12.txt",
      "/data/S3DIS/Stanford3dDataset_v1.2_Aligned_Version/Area_3/conferenceRoom_1/Annotations/chair_3.txt",
      "/data/S3DIS/Stanford3dDataset_v1.2_Aligned_Version/Area_3/conferenceRoom_1/Annotations/chair_11.txt",
      "/data/S3DIS/Stanford3dDataset_v1.2_Aligned_Version/Area_3/conferenceRoom_1/Annotations/chair_13.txt",
      "/data/S3DIS/Stanford3dDataset_v1.2_Aligned_Version/Area_3/conferenceRoom_1/Annotations/chair_14.txt",
      "/data/S3DIS/Stanford3dDataset_v1.2_Aligned_Version/Area_3/conferenceRoom_1/Annotations/chair_2.txt"
    ]
  },
  {
    "id": 59,
    "parent": 60,
    "children": [
      42
    ],
    "label": "table group",
    "path": [
      "/data/S3DIS/Stanford3dDataset_v1.2_Aligned_Version/Area_3/conferenceRoom_1/Annotations/table_1.txt"
    ]
  },
  {
    "id": 60,
    "parent": -1,
    "children": [
      58,
      59
    ],
    "label": "meeting area",
    "path": [
      "/data/S3DIS/Stanford3dDataset_v1.2_Aligned_Version/Area_3/conferenceRoom_1/Annotations/chair_8.txt",
      "/data/S3DIS/Stanford3dDataset_v1.2_Aligned_Version/Area_3/conferenceRoom_1/Annotations/chair_10.txt",
      "/data/S3DIS/Stanford3dDataset_v1.2_Aligned_Version/Area_3/conferenceRoom_1/Annotations/chair_16.txt",
      "/data/S3DIS/Stanford3dDataset_v1.2_Aligned_Version/Area_3/conferenceRoom_1/Annotations/chair_1.txt",
      "/data/S3DIS/Stanford3dDataset_v1.2_Aligned_Version/Area_3/conferenceRoom_1/Annotations/chair_9.txt",
      "/data/S3DIS/Stanford3dDataset_v1.2_Aligned_Version/Area_3/conferenceRoom_1/Annotations/chair_6.txt",
      "/data/S3DIS/Stanford3dDataset_v1.2_Aligned_Version/Area_3/conferenceRoom_1/Annotations/chair_15.txt",
      "/data/S3DIS/Stanford3dDataset_v1.2_Aligned_Version/Area_3/conferenceRoom_1/Annotations/chair_5.txt",
      "/data/S3DIS/Stanford3dDataset_v1.2_Aligned_Version/Area_3/conferenceRoom_1/Annotations/chair_4.txt",
      "/data/S3DIS/Stanford3dDataset_v1.2_Aligned_Version/Area_3/conferenceRoom_1/Annotations/chair_7.txt",
      "/data/S3DIS/Stanford3dDataset_v1.2_Aligned_Version/Area_3/conferenceRoom_1/Annotations/chair_17.txt",
      "/data/S3DIS/Stanford3dDataset_v1.2_Aligned_Version/Area_3/conferenceRoom_1/Annotations/chair_12.txt",
      "/data/S3DIS/Stanford3dDataset_v1.2_Aligned_Version/Area_3/conferenceRoom_1/Annotations/chair_3.txt",
      "/data/S3DIS/Stanford3dDataset_v1.2_Aligned_Version/Area_3/conferenceRoom_1/Annotations/chair_11.txt",
      "/data/S3DIS/Stanford3dDataset_v1.2_Aligned_Version/Area_3/conferenceRoom_1/Annotations/chair_13.txt",
      "/data/S3DIS/Stanford3dDataset_v1.2_Aligned_Version/Area_3/conferenceRoom_1/Annotations/chair_14.txt",
      "/data/S3DIS/Stanford3dDataset_v1.2_Aligned_Version/Area_3/conferenceRoom_1/Annotations/chair_2.txt",
      "/data/S3DIS/Stanford3dDataset_v1.2_Aligned_Version/Area_3/conferenceRoom_1/Annotations/table_1.txt"
    ]
  },
  {
    "id": 61,
    "parent": -1,
    "children": [
      57
    ],
    "label": "case area",
    "path": [
      "/data/S3DIS/Stanford3dDataset_v1.2_Aligned_Version/Area_3/conferenceRoom_1/Annotations/bookcase_6.txt"
    ]
  },
  {
    "id": 62,
    "parent": -1,
    "children": [
      52
    ],
    "label": "case area",
    "path": [
      "/data/S3DIS/Stanford3dDataset_v1.2_Aligned_Version/Area_3/conferenceRoom_1/Annotations/bookcase_2.txt",
      "/data/S3DIS/Stanford3dDataset_v1.2_Aligned_Version/Area_3/conferenceRoom_1/Annotations/bookcase_3.txt",
      "/data/S3DIS/Stanford3dDataset_v1.2_Aligned_Version/Area_3/conferenceRoom_1/Annotations/bookcase_4.txt",
      "/data/S3DIS/Stanford3dDataset_v1.2_Aligned_Version/Area_3/conferenceRoom_1/Annotations/bookcase_5.txt"
    ]
  },
  {
    "id": 63,
    "parent": -1,
    "children": [
      56
    ],
    "label": "case area",
    "path": [
      "/data/S3DIS/Stanford3dDataset_v1.2_Aligned_Version/Area_3/conferenceRoom_1/Annotations/bookcase_1.txt"
    ]
  },
  {
    "id": 64,
    "parent": 66,
    "children": [
      2
    ],
    "label": "door group",
    "path": [
      "/data/S3DIS/Stanford3dDataset_v1.2_Aligned_Version/Area_3/conferenceRoom_1/Annotations/door_1.txt"
    ]
  },
  {
    "id": 65,
    "parent": 68,
    "children": [
      9
    ],
    "label": "door group",
    "path": [
      "/data/S3DIS/Stanford3dDataset_v1.2_Aligned_Version/Area_3/conferenceRoom_1/Annotations/door_2.txt"
    ]
  },
  {
    "id": 66,
    "parent": 67,
    "children": [
      64
    ],
    "label": "entrance area",
    "path": [
      "/data/S3DIS/Stanford3dDataset_v1.2_Aligned_Version/Area_3/conferenceRoom_1/Annotations/door_1.txt"
    ]
  },
  {
    "id": 67,
    "parent": -1,
    "children": [
      66
    ],
    "label": "entrance area",
    "path": [
      "/data/S3DIS/Stanford3dDataset_v1.2_Aligned_Version/Area_3/conferenceRoom_1/Annotations/door_1.txt"
    ]
  },
  {
    "id": 68,
    "parent": -1,
    "children": [
      65
    ],
    "label": "entrance area",
    "path": [
      "/data/S3DIS/Stanford3dDataset_v1.2_Aligned_Version/Area_3/conferenceRoom_1/Annotations/door_2.txt"
    ]
  }
]