[{"id": 0, "parent": -1, "children": [], "label": "chair", "path": ["/data/S3DIS/Stanford3dDataset_v1.2_Aligned_Version/Area_3/conferenceRoom_1/Annotations/chair_8.txt"]}, {"id": 1, "parent": -1, "children": [], "label": "floor", "path": ["/data/S3DIS/Stanford3dDataset_v1.2_Aligned_Version/Area_3/conferenceRoom_1/Annotations/floor_1.txt"]}, {"id": 2, "parent": -1, "children": [], "label": "door", "path": ["/data/S3DIS/Stanford3dDataset_v1.2_Aligned_Version/Area_3/conferenceRoom_1/Annotations/door_1.txt"]}, {"id": 3, "parent": -1, "children": [], "label": "wall", "path": ["/data/S3DIS/Stanford3dDataset_v1.2_Aligned_Version/Area_3/conferenceRoom_1/Annotations/wall_6.txt"]}, {"id": 4, "parent": -1, "children": [], "label": "bookcase", "path": ["/data/S3DIS/Stanford3dDataset_v1.2_Aligned_Version/Area_3/conferenceRoom_1/Annotations/bookcase_2.txt"]}, {"id": 5, "parent": -1, "children": [], "label": "clutter", "path": ["/data/S3DIS/Stanford3dDataset_v1.2_Aligned_Version/Area_3/conferenceRoom_1/Annotations/clutter_5.txt"]}, {"id": 7, "parent": -1, "children": [], "label": "ceiling", "path": ["/data/S3DIS/Stanford3dDataset_v1.2_Aligned_Version/Area_3/conferenceRoom_1/Annotations/ceiling_1.txt"]}, {"id": 8, "parent": -1, "children": [], "label": "bookcase", "path": ["/data/S3DIS/Stanford3dDataset_v1.2_Aligned_Version/Area_3/conferenceRoom_1/Annotations/bookcase_3.txt"]}, {"id": 9, "parent": -1, "children": [], "label": "door", "path": ["/data/S3DIS/Stanford3dDataset_v1.2_Aligned_Version/Area_3/conferenceRoom_1/Annotations/door_2.txt"]}, {"id": 10, "parent": -1, "children": [], "label": "clutter", "path": ["/data/S3DIS/Stanford3dDataset_v1.2_Aligned_Version/Area_3/conferenceRoom_1/Annotations/clutter_9.txt"]}, {"id": 11, "parent": -1, "children": [], "label": "chair", "path": ["/data/S3DIS/Stanford3dDataset_v1.2_Aligned_Version/Area_3/conferenceRoom_1/Annotations/chair_10.txt"]}, {"id": 12, "parent": -1, "children": [], "label": "clutter", "path": ["/data/S3DIS/Stanford3dDataset_v1.2_Aligned_Version/Area_3/conferenceRoom_1/Annotations/clutter_2.txt"]}, {"id": 13, "parent": -1, "children": [], "label": "wall", "path": ["/data/S3DIS/Stanford3dDataset_v1.2_Aligned_Version/Area_3/conferenceRoom_1/Annotations/wall_2.txt"]}, {"id": 14, "parent": -1, "children": [], "label": "chair", "path": ["/data/S3DIS/Stanford3dDataset_v1.2_Aligned_Version/Area_3/conferenceRoom_1/Annotations/chair_16.txt"]}, {"id": 15, "parent": -1, "children": [], "label": "clutter", "path": ["/data/S3DIS/Stanford3dDataset_v1.2_Aligned_Version/Area_3/conferenceRoom_1/Annotations/clutter_1.txt"]}, {"id": 16, "parent": -1, "children": [], "label": "board", "path": ["/data/S3DIS/Stanford3dDataset_v1.2_Aligned_Version/Area_3/conferenceRoom_1/Annotations/board_2.txt"]}, {"id": 17, "parent": -1, "children": [], "label": "beam", "path": ["/data/S3DIS/Stanford3dDataset_v1.2_Aligned_Version/Area_3/conferenceRoom_1/Annotations/beam_1.txt"]}, {"id": 18, "parent": -1, "children": [], "label": "clutter", "path": ["/data/S3DIS/Stanford3dDataset_v1.2_Aligned_Version/Area_3/conferenceRoom_1/Annotations/clutter_7.txt"]}, {"id": 19, "parent": -1, "children": [], "label": "chair", "path": ["/data/S3DIS/Stanford3dDataset_v1.2_Aligned_Version/Area_3/conferenceRoom_1/Annotations/chair_1.txt"]}, {"id": 20, "parent": -1, "children": [], "label": "clutter", "path": ["/data/S3DIS/Stanford3dDataset_v1.2_Aligned_Version/Area_3/conferenceRoom_1/Annotations/clutter_8.txt"]}, {"id": 21, "parent": -1, "children": [], "label": "bookcase", "path": ["/data/S3DIS/Stanford3dDataset_v1.2_Aligned_Version/Area_3/conferenceRoom_1/Annotations/bookcase_4.txt"]}, {"id": 22, "parent": -1, "children": [], "label": "chair", "path": ["/data/S3DIS/Stanford3dDataset_v1.2_Aligned_Version/Area_3/conferenceRoom_1/Annotations/chair_9.txt"]}, {"id": 23, "parent": -1, "children": [], "label": "wall", "path": ["/data/S3DIS/Stanford3dDataset_v1.2_Aligned_Version/Area_3/conferenceRoom_1/Annotations/wall_5.txt"]}, {"id": 24, "parent": -1, "children": [], "label": "clutter", "path": ["/data/S3DIS/Stanford3dDataset_v1.2_Aligned_Version/Area_3/conferenceRoom_1/Annotations/clutter_6.txt"]}, {"id": 25, "parent": -1, "children": [], "label": "chair", "path": ["/data/S3DIS/Stanford3dDataset_v1.2_Aligned_Version/Area_3/conferenceRoom_1/Annotations/chair_6.txt"]}, {"id": 26, "parent": -1, "children": [], "label": "chair", "path": ["/data/S3DIS/Stanford3dDataset_v1.2_Aligned_Version/Area_3/conferenceRoom_1/Annotations/chair_15.txt"]}, {"id": 27, "parent": -1, "children": [], "label": "board", "path": ["/data/S3DIS/Stanford3dDataset_v1.2_Aligned_Version/Area_3/conferenceRoom_1/Annotations/board_1.txt"]}, {"id": 28, "parent": -1, "children": [], "label": "clutter", "path": ["/data/S3DIS/Stanford3dDataset_v1.2_Aligned_Version/Area_3/conferenceRoom_1/Annotations/clutter_4.txt"]}, {"id": 29, "parent": -1, "children": [], "label": "chair", "path": ["/data/S3DIS/Stanford3dDataset_v1.2_Aligned_Version/Area_3/conferenceRoom_1/Annotations/chair_5.txt"]}, {"id": 30, "parent": -1, "children": [], "label": "chair", "path": ["/data/S3DIS/Stanford3dDataset_v1.2_Aligned_Version/Area_3/conferenceRoom_1/Annotations/chair_4.txt"]}, {"id": 31, "parent": -1, "children": [], "label": "bookcase", "path": ["/data/S3DIS/Stanford3dDataset_v1.2_Aligned_Version/Area_3/conferenceRoom_1/Annotations/bookcase_1.txt"]}, {"id": 32, "parent": -1, "children": [], "label": "wall", "path": ["/data/S3DIS/Stanford3dDataset_v1.2_Aligned_Version/Area_3/conferenceRoom_1/Annotations/wall_1.txt"]}, {"id": 33, "parent": -1, "children": [], "label": "chair", "path": ["/data/S3DIS/Stanford3dDataset_v1.2_Aligned_Version/Area_3/conferenceRoom_1/Annotations/chair_7.txt"]}, {"id": 34, "parent": -1, "children": [], "label": "chair", "path": ["/data/S3DIS/Stanford3dDataset_v1.2_Aligned_Version/Area_3/conferenceRoom_1/Annotations/chair_17.txt"]}, {"id": 35, "parent": -1, "children": [], "label": "chair", "path": ["/data/S3DIS/Stanford3dDataset_v1.2_Aligned_Version/Area_3/conferenceRoom_1/Annotations/chair_12.txt"]}, {"id": 36, "parent": -1, "children": [], "label": "chair", "path": ["/data/S3DIS/Stanford3dDataset_v1.2_Aligned_Version/Area_3/conferenceRoom_1/Annotations/chair_3.txt"]}, {"id": 37, "parent": -1, "children": [], "label": "chair", "path": ["/data/S3DIS/Stanford3dDataset_v1.2_Aligned_Version/Area_3/conferenceRoom_1/Annotations/chair_11.txt"]}, {"id": 38, "parent": -1, "children": [], "label": "bookcase", "path": ["/data/S3DIS/Stanford3dDataset_v1.2_Aligned_Version/Area_3/conferenceRoom_1/Annotations/bookcase_6.txt"]}, {"id": 39, "parent": -1, "children": [], "label": "chair", "path": ["/data/S3DIS/Stanford3dDataset_v1.2_Aligned_Version/Area_3/conferenceRoom_1/Annotations/chair_13.txt"]}, {"id": 40, "parent": -1, "children": [], "label": "chair", "path": ["/data/S3DIS/Stanford3dDataset_v1.2_Aligned_Version/Area_3/conferenceRoom_1/Annotations/chair_14.txt"]}, {"id": 42, "parent": -1, "children": [], "label": "table", "path": ["/data/S3DIS/Stanford3dDataset_v1.2_Aligned_Version/Area_3/conferenceRoom_1/Annotations/table_1.txt"]}, {"id": 43, "parent": -1, "children": [], "label": "wall", "path": ["/data/S3DIS/Stanford3dDataset_v1.2_Aligned_Version/Area_3/conferenceRoom_1/Annotations/wall_4.txt"]}, {"id": 44, "parent": -1, "children": [], "label": "clutter", "path": ["/data/S3DIS/Stanford3dDataset_v1.2_Aligned_Version/Area_3/conferenceRoom_1/Annotations/clutter_3.txt"]}, {"id": 45, "parent": -1, "children": [], "label": "chair", "path": ["/data/S3DIS/Stanford3dDataset_v1.2_Aligned_Version/Area_3/conferenceRoom_1/Annotations/chair_2.txt"]}, {"id": 46, "parent": -1, "children": [], "label": "bookcase", "path": ["/data/S3DIS/Stanford3dDataset_v1.2_Aligned_Version/Area_3/conferenceRoom_1/Annotations/bookcase_5.txt"]}, {"id": 47, "parent": -1, "children": [], "label": "wall", "path": ["/data/S3DIS/Stanford3dDataset_v1.2_Aligned_Version/Area_3/conferenceRoom_1/Annotations/wall_3.txt"]}]