[
  {
    "id": 0,
    "parent": 29,
    "children": [],
    "label": "ceiling",
    "path": [
      "/data/S3DIS/Stanford3dDataset_v1.2_Aligned_Version/Area_3/hallway_1/Annotations/ceiling_2.txt"
    ]
  },
  {
    "id": 1,
    "parent": 26,
    "children": [],
    "label": "floor",
    "path": [
      "/data/S3DIS/Stanford3dDataset_v1.2_Aligned_Version/Area_3/hallway_1/Annotations/floor_1.txt"
    ]
  },
  {
    "id": 2,
    "parent": 34,
    "children": [],
    "label": "door",
    "path": [
      "/data/S3DIS/Stanford3dDataset_v1.2_Aligned_Version/Area_3/hallway_1/Annotations/door_1.txt"
    ]
  },
  {
    "id": 3,
    "parent": 25,
    "children": [],
    "label": "wall",
    "path": [
      "/data/S3DIS/Stanford3dDataset_v1.2_Aligned_Version/Area_3/hallway_1/Annotations/wall_6.txt"
    ]
  },
  {
    "id": 4,
    "parent": -1,
    "children": [],
    "label": "clutter",
    "path": [
      "/data/S3DIS/Stanford3dDataset_v1.2_Aligned_Version/Area_3/hallway_1/Annotations/clutter_5.txt"
    ]
  },
  {
    "id": 5,
    "parent": 31,
    "children": [],
    "label": "door",
    "path": [
      "/data/S3DIS/Stanford3dDataset_v1.2_Aligned_Version/Area_3/hallway_1/Annotations/door_3.txt"
    ]
  },
  {
    "id": 6,
    "parent": 32,
    "children": [],
    "label": "door",
    "path": [
      "/data/S3DIS/Stanford3dDataset_v1.2_Aligned_Version/Area_3/hallway_1/Annotations/door_5.txt"
    ]
  },
  {
    "id": 7,
    "parent": 27,
    "children": [],
    "label": "ceiling",
    "path": [
      "/data/S3DIS/Stanford3dDataset_v1.2_Aligned_Version/Area_3/hallway_1/Annotations/ceiling_1.txt"
    ]
  },
  {
    "id": 8,
    "parent": 31,
    "children": [],
    "label": "door",
    "path": [
      "/data/S3DIS/Stanford3dDataset_v1.2_Aligned_Version/Area_3/hallway_1/Annotations/door_2.txt"
    ]
  },
  {
    "id": 9,
    "parent": -1,
    "children": [],
    "label": "clutter",
    "path": [
      "/data/S3DIS/Stanford3dDataset_v1.2_Aligned_Version/Area_3/hallway_1/Annotations/clutter_2.txt"
    ]
  },
  {
    "id": 10,
    "parent": 25,
    "children": [],
    "label": "wall",
    "path": [
      "/data/S3DIS/Stanford3dDataset_v1.2_Aligned_Version/Area_3/hallway_1/Annotations/wall_2.txt"
    ]
  },
  {
    "id": 11,
    "parent": -1,
    "children": [],
    "label": "clutter",
    "path": [
      "/data/S3DIS/Stanford3dDataset_v1.2_Aligned_Version/Area_3/hallway_1/Annotations/clutter_1.txt"
    ]
  },
  {
    "id": 12,
    "parent": 28,
    "children": [],
    "label": "ceiling",
    "path": [
      "/data/S3DIS/Stanford3dDataset_v1.2_Aligned_Version/Area_3/hallway_1/Annotations/ceiling_3.txt"
    ]
  },
  {
    "id": 13,
    "parent": 25,
    "children": [],
    "label": "wall",
    "path": [
      "/data/S3DIS/Stanford3dDataset_v1.2_Aligned_Version/Area_3/hallway_1/Annotations/wall_7.txt"
    ]
  },
  {
    "id": 14,
    "parent": 33,
    "children": [],
    "label": "door",
    "path": [
      "/data/S3DIS/Stanford3dDataset_v1.2_Aligned_Version/Area_3/hallway_1/Annotations/door_6.txt"
    ]
  },
  {
    "id": 15,
    "parent": 25,
    "children": [],
    "label": "wall",
    "path": [
      "/data/S3DIS/Stanford3dDataset_v1.2_Aligned_Version/Area_3/hallway_1/Annotations/wall_5.txt"
    ]
  },
  {
    "id": 16,
    "parent": -1,
    "children": [],
    "label": "clutter",
    "path": [
      "/data/S3DIS/Stanford3dDataset_v1.2_Aligned_Version/Area_3/hallway_1/Annotations/clutter_6.txt"
    ]
  },
  {
    "id": 17,
    "parent": -1,
    "children": [],
    "label": "clutter",
    "path": [
      "/data/S3DIS/Stanford3dDataset_v1.2_Aligned_Version/Area_3/hallway_1/Annotations/clutter_4.txt"
    ]
  },
  {
    "id": 18,
    "parent": 25,
    "children": [],
    "label": "wall",
    "path": [
      "/data/S3DIS/Stanford3dDataset_v1.2_Aligned_Version/Area_3/hallway_1/Annotations/wall_1.txt"
    ]
  },
  {
    "id": 19,
    "parent": 32,
    "children": [],
    "label": "door",
    "path": [
      "/data/S3DIS/Stanford3dDataset_v1.2_Aligned_Version/Area_3/hallway_1/Annotations/door_4.txt"
    ]
  },
  {
    "id": 21,
    "parent": 25,
    "children": [],
    "label": "wall",
    "path": [
      "/data/S3DIS/Stanford3dDataset_v1.2_Aligned_Version/Area_3/hallway_1/Annotations/wall_4.txt"
    ]
  },
  {
    "id": 22,
    "parent": 25,
    "children": [],
    "label": "wall",
    "path": [
      "/data/S3DIS/Stanford3dDataset_v1.2_Aligned_Version/Area_3/hallway_1/Annotations/wall_8.txt"
    ]
  },
  {
    "id": 23,
    "parent": -1,
    "children": [],
    "label": "clutter",
    "path": [
      "/data/S3DIS/Stanford3dDataset_v1.2_Aligned_Version/Area_3/hallway_1/Annotations/clutter_3.txt"
    ]
  },
  {
    "id": 24,
    "parent": 25,
    "children": [],
    "label": "wall",
    "path": [
      "/data/S3DIS/Stanford3dDataset_v1.2_Aligned_Version/Area_3/hallway_1/Annotations/wall_3.txt"
    ]
  },
  {
    "id": 25,
    "parent": 30,
    "children": [
      3,
      10,
      13,
      15,
      18,
      21,
      22,
      24
    ],
    "label": "wall group",
    "path": [
      "/data/S3DIS/Stanford3dDataset_v1.2_Aligned_Version/Area_3/hallway_1/Annotations/wall_6.txt",
      "/data/S3DIS/Stanford3dDataset_v1.2_Aligned_Version/Area_3/hallway_1/Annotations/wall_2.txt",
      "/data/S3DIS/Stanford3dDataset_v1.2_Aligned_Version/Area_3/hallway_1/Annotations/wall_7.txt",
      "/data/S3DIS/Stanford3dDataset_v1.2_Aligned_Version/Area_3/hallway_1/Annotations/wall_5.txt",
      "/data/S3DIS/Stanford3dDataset_v1.2_Aligned_Version/Area_3/hallway_1/Annotations/wall_1.txt",
      "/data/S3DIS/Stanford3dDataset_v1.2_Aligned_Version/Area_3/hallway_1/Annotations/wall_4.txt",
      "/data/S3DIS/Stanford3dDataset_v1.2_Aligned_Version/Area_3/hallway_1/Annotations/wall_3.txt",
      "/data/S3DIS/Stanford3dDataset_v1.2_Aligned_Version/Area_3/hallway_1/Annotations/wall_8.txt"
    ]
  },
  {
    "id": 26,
    "parent": 30,
    "children": [
      1
    ],
    "label": "floor group",
    "path": [
      "/data/S3DIS/Stanford3dDataset_v1.2_Aligned_Version/Area_3/hallway_1/Annotations/floor_1.txt"
    ]
  },
  {
    "id": 27,
    "parent": 30,
    "children": [
      7
    ],
    "label": "ceiling group",
    "path": [
      "/data/S3DIS/Stanford3dDataset_v1.2_Aligned_Version/Area_3/hallway_1/Annotations/ceiling_1.txt"
    ]
  },
  {
    "id": 28,
    "parent": 30,
    "children": [
      12
    ],
    "label": "ceiling group",
    "path": [
      "/data/S3DIS/Stanford3dDataset_v1.2_Aligned_Version/Area_3/hallway_1/Annotations/ceiling_3.txt"
    ]
  },
  {
    "id": 29,
    "parent": 30,
    "children": [
      0
    ],
    "label": "ceiling group",
    "path": [
      "/data/S3DIS/Stanford3dDataset_v1.2_Aligned_Version/Area_3/hallway_1/Annotations/ceiling_2.txt"
    ]
  },
  {
    "id": 30,
    "parent": -1,
    "children": [
      25,
      26,
      27,
      28,
      29
    ],
    "label": "building area",
    "path": [
      "/data/S3DIS/Stanford3dDataset_v1.2_Aligned_Version/Area_3/hallway_1/Annotations/wall_6.txt",
      "/data/S3DIS/Stanford3dDataset_v1.2_Aligned_Version/Area_3/hallway_1/Annotations/wall_2.txt",
      "/data/S3DIS/Stanford3dDataset_v1.2_Aligned_Version/Area_3/hallway_1/Annotations/wall_7.txt",
      "/data/S3DIS/Stanford3dDataset_v1.2_Aligned_Version/Area_3/hallway_1/Annotations/wall_5.txt",
      "/data/S3DIS/Stanford3dDataset_v1.2_Aligned_Version/Area_3/hallway_1/Annotations/wall_1.txt",
      "/data/S3DIS/Stanford3dDataset_v1.2_Aligned_Version/Area_3/hallway_1/Annotations/wall_4.txt",
      "/data/S3DIS/Stanford3dDataset_v1.2_Aligned_Version/Area_3/hallway_1/Annotations/wall_3.txt",
      "/data/S3DIS/Stanford3dDataset_v1.2_Aligned_Version/Area_3/hallway_1/Annotations/wall_8.txt",
      "/data/S3DIS/Stanford3dDataset_v1.2_Aligned_Version/Area_3/hallway_1/Annotations/floor_1.txt",
      "/data/S3DIS/Stanford3dDataset_v1.2_Aligned_Version/Area_3/hallway_1/Annotations/ceiling_1.txt",
      "/data/S3DIS/Stanford3dDataset_v1.2_Aligned_Version/Area_3/hallway_1/Annotations/ceiling_3.txt",
      "/data/S3DIS/Stanford3dDataset_v1.2_Aligned_Version/Area_3/hallway_1/Annotations/ceiling_2.txt"
    ]
  },
  {
    "id": 31,
    "parent": 35,
    "children": [
      5,
      8
    ],
    "label": "door group",
    "path": [
      "/data/S3DIS/Stanford3dDataset_v1.2_Aligned_Version/Area_3/hallway_1/Annotations/door_3.txt",
      "/data/S3DIS/Stanford3dDataset_v1.2_Aligned_Version/Area_3/hallway_1/Annotations/door_2.txt"
    ]
  },
  {
    "id": 32,
    "parent": 36,
    "children": [
      6,
      19
    ],
    "label": "door group",
    "path": [
      "/data/S3DIS/Stanford3dDataset_v1.2_Aligned_Version/Area_3/hallway_1/Annotations/door_5.txt",
      "/data/S3DIS/Stanford3dDataset_v1.2_Aligned_Version/Area_3/hallway_1/Annotations/door_4.txt"
    ]
  },
  {
    "id": 33,
    "parent": 37,
    "children": [
      14
    ],
    "label": "door group",
    "path": [
      "/data/S3DIS/Stanford3dDataset_v1.2_Aligned_Version/Area_3/hallway_1/Annotations/door_6.txt"
    ]
  },
  {
    "id": 34,
    "parent": 38,
    "children": [
      2
    ],
    "label": "door group",
    "path": [
      "/data/S3DIS/Stanford3dDataset_v1.2_Aligned_Version/Area_3/hallway_1/Annotations/door_1.txt"
    ]
  },
  {
    "id": 35,
    "parent": -1,
    "children": [
      31
    ],
    "label": "entrance area",
    "path": [
      "/data/S3DIS/Stanford3dDataset_v1.2_Aligned_Version/Area_3/hallway_1/Annotations/door_3.txt",
      "/data/S3DIS/Stanford3dDataset_v1.2_Aligned_Version/Area_3/hallway_1/Annotations/door_2.txt"
    ]
  },
  {
    "id": 36,
    "parent": -1,
    "children": [
      32
    ],
    "label": "entrance area",
    "path": [
      "/data/S3DIS/Stanford3dDataset_v1.2_Aligned_Version/Area_3/hallway_1/Annotations/door_5.txt",
      "/data/S3DIS/Stanford3dDataset_v1.2_Aligned_Version/Area_3/hallway_1/Annotations/door_4.txt"
    ]
  },
  {
    "id": 37,
    "parent": -1,
    "children": [
      33
    ],
    "label": "entrance area",
    "path": [
      "/data/S3DIS/Stanford3dDataset_v1.2_Aligned_Version/Area_3/hallway_1/Annotations/door_6.txt"
    ]
  },
  {
    "id": 38,
    "parent": -1,
    "children": [
      34
    ],
    "label": "entrance area",
    "path": [
      "/data/S3DIS/Stanford3dDataset_v1.2_Aligned_Version/Area_3/hallway_1/Annotations/door_1.txt"
    ]
  }
]