[{"id": 0, "parent": 7, "children": [], "label": "floor", "path": ["/data/S3DIS/Stanford3dDataset_v1.2_Aligned_Version/Area_3/hallway_5/Annotations/floor_1.txt"]}, {"id": 2, "parent": 6, "children": [], "label": "ceiling", "path": ["/data/S3DIS/Stanford3dDataset_v1.2_Aligned_Version/Area_3/hallway_5/Annotations/ceiling_1.txt"]}, {"id": 3, "parent": 5, "children": [], "label": "wall", "path": ["/data/S3DIS/Stanford3dDataset_v1.2_Aligned_Version/Area_3/hallway_5/Annotations/wall_2.txt"]}, {"id": 4, "parent": 5, "children": [], "label": "wall", "path": ["/data/S3DIS/Stanford3dDataset_v1.2_Aligned_Version/Area_3/hallway_5/Annotations/wall_1.txt"]}, {"id": 5, "parent": 8, "children": [3, 4], "label": "wall group", "path": ["/data/S3DIS/Stanford3dDataset_v1.2_Aligned_Version/Area_3/hallway_5/Annotations/wall_2.txt", "/data/S3DIS/Stanford3dDataset_v1.2_Aligned_Version/Area_3/hallway_5/Annotations/wall_1.txt"]}, {"id": 6, "parent": 8, "children": [2], "label": "ceiling group", "path": ["/data/S3DIS/Stanford3dDataset_v1.2_Aligned_Version/Area_3/hallway_5/Annotations/ceiling_1.txt"]}, {"id": 7, "parent": 8, "children": [0], "label": "floor group", "path": ["/data/S3DIS/Stanford3dDataset_v1.2_Aligned_Version/Area_3/hallway_5/Annotations/floor_1.txt"]}, {"id": 8, "parent": -1, "children": [5, 6, 7], "label": "building area", "path": ["/data/S3DIS/Stanford3dDataset_v1.2_Aligned_Version/Area_3/hallway_5/Annotations/wall_2.txt", "/data/S3DIS/Stanford3dDataset_v1.2_Aligned_Version/Area_3/hallway_5/Annotations/wall_1.txt", "/data/S3DIS/Stanford3dDataset_v1.2_Aligned_Version/Area_3/hallway_5/Annotations/ceiling_1.txt", "/data/S3DIS/Stanford3dDataset_v1.2_Aligned_Version/Area_3/hallway_5/Annotations/floor_1.txt"]}]