[{"id": 0, "parent": 54, "children": [], "label": "sofa", "path": ["/data/S3DIS/Stanford3dDataset_v1.2_Aligned_Version/Area_3/lounge_1/Annotations/sofa_4.txt"]}, {"id": 1, "parent": 45, "children": [], "label": "floor", "path": ["/data/S3DIS/Stanford3dDataset_v1.2_Aligned_Version/Area_3/lounge_1/Annotations/floor_1.txt"]}, {"id": 2, "parent": -1, "children": [], "label": "clutter", "path": ["/data/S3DIS/Stanford3dDataset_v1.2_Aligned_Version/Area_3/lounge_1/Annotations/clutter_13.txt"]}, {"id": 3, "parent": -1, "children": [], "label": "clutter", "path": ["/data/S3DIS/Stanford3dDataset_v1.2_Aligned_Version/Area_3/lounge_1/Annotations/clutter_5.txt"]}, {"id": 4, "parent": -1, "children": [], "label": "clutter", "path": ["/data/S3DIS/Stanford3dDataset_v1.2_Aligned_Version/Area_3/lounge_1/Annotations/clutter_16.txt"]}, {"id": 5, "parent": 48, "children": [], "label": "table", "path": ["/data/S3DIS/Stanford3dDataset_v1.2_Aligned_Version/Area_3/lounge_1/Annotations/table_2.txt"]}, {"id": 7, "parent": 44, "children": [], "label": "ceiling", "path": ["/data/S3DIS/Stanford3dDataset_v1.2_Aligned_Version/Area_3/lounge_1/Annotations/ceiling_1.txt"]}, {"id": 8, "parent": -1, "children": [], "label": "clutter", "path": ["/data/S3DIS/Stanford3dDataset_v1.2_Aligned_Version/Area_3/lounge_1/Annotations/clutter_9.txt"]}, {"id": 9, "parent": -1, "children": [], "label": "clutter", "path": ["/data/S3DIS/Stanford3dDataset_v1.2_Aligned_Version/Area_3/lounge_1/Annotations/clutter_2.txt"]}, {"id": 10, "parent": 43, "children": [], "label": "wall", "path": ["/data/S3DIS/Stanford3dDataset_v1.2_Aligned_Version/Area_3/lounge_1/Annotations/wall_2.txt"]}, {"id": 11, "parent": -1, "children": [], "label": "clutter", "path": ["/data/S3DIS/Stanford3dDataset_v1.2_Aligned_Version/Area_3/lounge_1/Annotations/clutter_1.txt"]}, {"id": 12, "parent": -1, "children": [], "label": "clutter", "path": ["/data/S3DIS/Stanford3dDataset_v1.2_Aligned_Version/Area_3/lounge_1/Annotations/clutter_12.txt"]}, {"id": 13, "parent": -1, "children": [], "label": "clutter", "path": ["/data/S3DIS/Stanford3dDataset_v1.2_Aligned_Version/Area_3/lounge_1/Annotations/clutter_7.txt"]}, {"id": 14, "parent": 49, "children": [], "label": "chair", "path": ["/data/S3DIS/Stanford3dDataset_v1.2_Aligned_Version/Area_3/lounge_1/Annotations/chair_1.txt"]}, {"id": 15, "parent": 54, "children": [], "label": "sofa", "path": ["/data/S3DIS/Stanford3dDataset_v1.2_Aligned_Version/Area_3/lounge_1/Annotations/sofa_3.txt"]}, {"id": 16, "parent": -1, "children": [], "label": "clutter", "path": ["/data/S3DIS/Stanford3dDataset_v1.2_Aligned_Version/Area_3/lounge_1/Annotations/clutter_8.txt"]}, {"id": 17, "parent": 46, "children": [], "label": "sofa", "path": ["/data/S3DIS/Stanford3dDataset_v1.2_Aligned_Version/Area_3/lounge_1/Annotations/sofa_2.txt"]}, {"id": 18, "parent": 52, "children": [], "label": "table", "path": ["/data/S3DIS/Stanford3dDataset_v1.2_Aligned_Version/Area_3/lounge_1/Annotations/table_4.txt"]}, {"id": 19, "parent": -1, "children": [], "label": "clutter", "path": ["/data/S3DIS/Stanford3dDataset_v1.2_Aligned_Version/Area_3/lounge_1/Annotations/clutter_6.txt"]}, {"id": 20, "parent": -1, "children": [], "label": "clutter", "path": ["/data/S3DIS/Stanford3dDataset_v1.2_Aligned_Version/Area_3/lounge_1/Annotations/clutter_19.txt"]}, {"id": 21, "parent": 46, "children": [], "label": "sofa", "path": ["/data/S3DIS/Stanford3dDataset_v1.2_Aligned_Version/Area_3/lounge_1/Annotations/sofa_1.txt"]}, {"id": 22, "parent": 51, "children": [], "label": "chair", "path": ["/data/S3DIS/Stanford3dDataset_v1.2_Aligned_Version/Area_3/lounge_1/Annotations/chair_6.txt"]}, {"id": 23, "parent": -1, "children": [], "label": "clutter", "path": ["/data/S3DIS/Stanford3dDataset_v1.2_Aligned_Version/Area_3/lounge_1/Annotations/clutter_10.txt"]}, {"id": 24, "parent": -1, "children": [], "label": "clutter", "path": ["/data/S3DIS/Stanford3dDataset_v1.2_Aligned_Version/Area_3/lounge_1/Annotations/clutter_18.txt"]}, {"id": 25, "parent": -1, "children": [], "label": "clutter", "path": ["/data/S3DIS/Stanford3dDataset_v1.2_Aligned_Version/Area_3/lounge_1/Annotations/clutter_4.txt"]}, {"id": 26, "parent": 53, "children": [], "label": "table", "path": ["/data/S3DIS/Stanford3dDataset_v1.2_Aligned_Version/Area_3/lounge_1/Annotations/table_5.txt"]}, {"id": 27, "parent": 51, "children": [], "label": "chair", "path": ["/data/S3DIS/Stanford3dDataset_v1.2_Aligned_Version/Area_3/lounge_1/Annotations/chair_5.txt"]}, {"id": 28, "parent": -1, "children": [], "label": "clutter", "path": ["/data/S3DIS/Stanford3dDataset_v1.2_Aligned_Version/Area_3/lounge_1/Annotations/clutter_11.txt"]}, {"id": 29, "parent": 52, "children": [], "label": "table", "path": ["/data/S3DIS/Stanford3dDataset_v1.2_Aligned_Version/Area_3/lounge_1/Annotations/table_6.txt"]}, {"id": 30, "parent": 49, "children": [], "label": "chair", "path": ["/data/S3DIS/Stanford3dDataset_v1.2_Aligned_Version/Area_3/lounge_1/Annotations/chair_4.txt"]}, {"id": 31, "parent": 43, "children": [], "label": "wall", "path": ["/data/S3DIS/Stanford3dDataset_v1.2_Aligned_Version/Area_3/lounge_1/Annotations/wall_1.txt"]}, {"id": 32, "parent": 49, "children": [], "label": "chair", "path": ["/data/S3DIS/Stanford3dDataset_v1.2_Aligned_Version/Area_3/lounge_1/Annotations/chair_7.txt"]}, {"id": 33, "parent": 49, "children": [], "label": "chair", "path": ["/data/S3DIS/Stanford3dDataset_v1.2_Aligned_Version/Area_3/lounge_1/Annotations/chair_3.txt"]}, {"id": 34, "parent": 47, "children": [], "label": "table", "path": ["/data/S3DIS/Stanford3dDataset_v1.2_Aligned_Version/Area_3/lounge_1/Annotations/table_3.txt"]}, {"id": 35, "parent": -1, "children": [], "label": "clutter", "path": ["/data/S3DIS/Stanford3dDataset_v1.2_Aligned_Version/Area_3/lounge_1/Annotations/clutter_14.txt"]}, {"id": 36, "parent": 52, "children": [], "label": "table", "path": ["/data/S3DIS/Stanford3dDataset_v1.2_Aligned_Version/Area_3/lounge_1/Annotations/table_1.txt"]}, {"id": 37, "parent": 43, "children": [], "label": "wall", "path": ["/data/S3DIS/Stanford3dDataset_v1.2_Aligned_Version/Area_3/lounge_1/Annotations/wall_4.txt"]}, {"id": 38, "parent": -1, "children": [], "label": "clutter", "path": ["/data/S3DIS/Stanford3dDataset_v1.2_Aligned_Version/Area_3/lounge_1/Annotations/clutter_15.txt"]}, {"id": 39, "parent": -1, "children": [], "label": "clutter", "path": ["/data/S3DIS/Stanford3dDataset_v1.2_Aligned_Version/Area_3/lounge_1/Annotations/clutter_3.txt"]}, {"id": 40, "parent": -1, "children": [], "label": "clutter", "path": ["/data/S3DIS/Stanford3dDataset_v1.2_Aligned_Version/Area_3/lounge_1/Annotations/clutter_17.txt"]}, {"id": 41, "parent": 49, "children": [], "label": "chair", "path": ["/data/S3DIS/Stanford3dDataset_v1.2_Aligned_Version/Area_3/lounge_1/Annotations/chair_2.txt"]}, {"id": 42, "parent": 43, "children": [], "label": "wall", "path": ["/data/S3DIS/Stanford3dDataset_v1.2_Aligned_Version/Area_3/lounge_1/Annotations/wall_3.txt"]}, {"id": 43, "parent": 55, "children": [10, 31, 37, 42], "label": "wall group", "path": ["/data/S3DIS/Stanford3dDataset_v1.2_Aligned_Version/Area_3/lounge_1/Annotations/wall_2.txt", "/data/S3DIS/Stanford3dDataset_v1.2_Aligned_Version/Area_3/lounge_1/Annotations/wall_1.txt", "/data/S3DIS/Stanford3dDataset_v1.2_Aligned_Version/Area_3/lounge_1/Annotations/wall_4.txt", "/data/S3DIS/Stanford3dDataset_v1.2_Aligned_Version/Area_3/lounge_1/Annotations/wall_3.txt"]}, {"id": 44, "parent": 55, "children": [7], "label": "ceiling group", "path": ["/data/S3DIS/Stanford3dDataset_v1.2_Aligned_Version/Area_3/lounge_1/Annotations/ceiling_1.txt"]}, {"id": 45, "parent": 55, "children": [1], "label": "floor group", "path": ["/data/S3DIS/Stanford3dDataset_v1.2_Aligned_Version/Area_3/lounge_1/Annotations/floor_1.txt"]}, {"id": 46, "parent": 50, "children": [17, 21], "label": "sofa group", "path": ["/data/S3DIS/Stanford3dDataset_v1.2_Aligned_Version/Area_3/lounge_1/Annotations/sofa_2.txt", "/data/S3DIS/Stanford3dDataset_v1.2_Aligned_Version/Area_3/lounge_1/Annotations/sofa_1.txt"]}, {"id": 47, "parent": 50, "children": [34], "label": "table group", "path": ["/data/S3DIS/Stanford3dDataset_v1.2_Aligned_Version/Area_3/lounge_1/Annotations/table_3.txt"]}, {"id": 48, "parent": 50, "children": [5], "label": "table group", "path": ["/data/S3DIS/Stanford3dDataset_v1.2_Aligned_Version/Area_3/lounge_1/Annotations/table_2.txt"]}, {"id": 49, "parent": 50, "children": [14, 30, 32, 33, 41], "label": "chair group", "path": ["/data/S3DIS/Stanford3dDataset_v1.2_Aligned_Version/Area_3/lounge_1/Annotations/chair_1.txt", "/data/S3DIS/Stanford3dDataset_v1.2_Aligned_Version/Area_3/lounge_1/Annotations/chair_4.txt", "/data/S3DIS/Stanford3dDataset_v1.2_Aligned_Version/Area_3/lounge_1/Annotations/chair_7.txt", "/data/S3DIS/Stanford3dDataset_v1.2_Aligned_Version/Area_3/lounge_1/Annotations/chair_3.txt", "/data/S3DIS/Stanford3dDataset_v1.2_Aligned_Version/Area_3/lounge_1/Annotations/chair_2.txt"]}, {"id": 50, "parent": -1, "children": [46, 47, 48, 49], "label": "rest area", "path": ["/data/S3DIS/Stanford3dDataset_v1.2_Aligned_Version/Area_3/lounge_1/Annotations/sofa_2.txt", "/data/S3DIS/Stanford3dDataset_v1.2_Aligned_Version/Area_3/lounge_1/Annotations/sofa_1.txt", "/data/S3DIS/Stanford3dDataset_v1.2_Aligned_Version/Area_3/lounge_1/Annotations/table_3.txt", "/data/S3DIS/Stanford3dDataset_v1.2_Aligned_Version/Area_3/lounge_1/Annotations/table_2.txt", "/data/S3DIS/Stanford3dDataset_v1.2_Aligned_Version/Area_3/lounge_1/Annotations/chair_1.txt", "/data/S3DIS/Stanford3dDataset_v1.2_Aligned_Version/Area_3/lounge_1/Annotations/chair_4.txt", "/data/S3DIS/Stanford3dDataset_v1.2_Aligned_Version/Area_3/lounge_1/Annotations/chair_7.txt", "/data/S3DIS/Stanford3dDataset_v1.2_Aligned_Version/Area_3/lounge_1/Annotations/chair_3.txt", "/data/S3DIS/Stanford3dDataset_v1.2_Aligned_Version/Area_3/lounge_1/Annotations/chair_2.txt"]}, {"id": 51, "parent": 56, "children": [22, 27], "label": "chair group", "path": ["/data/S3DIS/Stanford3dDataset_v1.2_Aligned_Version/Area_3/lounge_1/Annotations/chair_6.txt", "/data/S3DIS/Stanford3dDataset_v1.2_Aligned_Version/Area_3/lounge_1/Annotations/chair_5.txt"]}, {"id": 52, "parent": 56, "children": [18, 29, 36], "label": "table group", "path": ["/data/S3DIS/Stanford3dDataset_v1.2_Aligned_Version/Area_3/lounge_1/Annotations/table_4.txt", "/data/S3DIS/Stanford3dDataset_v1.2_Aligned_Version/Area_3/lounge_1/Annotations/table_6.txt", "/data/S3DIS/Stanford3dDataset_v1.2_Aligned_Version/Area_3/lounge_1/Annotations/table_1.txt"]}, {"id": 53, "parent": 56, "children": [26], "label": "table group", "path": ["/data/S3DIS/Stanford3dDataset_v1.2_Aligned_Version/Area_3/lounge_1/Annotations/table_5.txt"]}, {"id": 54, "parent": 56, "children": [0, 15], "label": "sofa group", "path": ["/data/S3DIS/Stanford3dDataset_v1.2_Aligned_Version/Area_3/lounge_1/Annotations/sofa_4.txt", "/data/S3DIS/Stanford3dDataset_v1.2_Aligned_Version/Area_3/lounge_1/Annotations/sofa_3.txt"]}, {"id": 55, "parent": -1, "children": [43, 44, 45], "label": "building area", "path": ["/data/S3DIS/Stanford3dDataset_v1.2_Aligned_Version/Area_3/lounge_1/Annotations/wall_2.txt", "/data/S3DIS/Stanford3dDataset_v1.2_Aligned_Version/Area_3/lounge_1/Annotations/wall_1.txt", "/data/S3DIS/Stanford3dDataset_v1.2_Aligned_Version/Area_3/lounge_1/Annotations/wall_4.txt", "/data/S3DIS/Stanford3dDataset_v1.2_Aligned_Version/Area_3/lounge_1/Annotations/wall_3.txt", "/data/S3DIS/Stanford3dDataset_v1.2_Aligned_Version/Area_3/lounge_1/Annotations/ceiling_1.txt", "/data/S3DIS/Stanford3dDataset_v1.2_Aligned_Version/Area_3/lounge_1/Annotations/floor_1.txt"]}, {"id": 56, "parent": -1, "children": [51, 52, 53, 54], "label": "rest area", "path": ["/data/S3DIS/Stanford3dDataset_v1.2_Aligned_Version/Area_3/lounge_1/Annotations/chair_6.txt", "/data/S3DIS/Stanford3dDataset_v1.2_Aligned_Version/Area_3/lounge_1/Annotations/chair_5.txt", "/data/S3DIS/Stanford3dDataset_v1.2_Aligned_Version/Area_3/lounge_1/Annotations/table_4.txt", "/data/S3DIS/Stanford3dDataset_v1.2_Aligned_Version/Area_3/lounge_1/Annotations/table_6.txt", "/data/S3DIS/Stanford3dDataset_v1.2_Aligned_Version/Area_3/lounge_1/Annotations/table_1.txt", "/data/S3DIS/Stanford3dDataset_v1.2_Aligned_Version/Area_3/lounge_1/Annotations/table_5.txt", "/data/S3DIS/Stanford3dDataset_v1.2_Aligned_Version/Area_3/lounge_1/Annotations/sofa_4.txt", "/data/S3DIS/Stanford3dDataset_v1.2_Aligned_Version/Area_3/lounge_1/Annotations/sofa_3.txt"]}]