[{"id": 0, "parent": 14, "children": [], "label": "floor", "path": ["/data/S3DIS/Stanford3dDataset_v1.2_Aligned_Version/Area_3/storage_1/Annotations/floor_1.txt"]}, {"id": 1, "parent": 15, "children": [], "label": "door", "path": ["/data/S3DIS/Stanford3dDataset_v1.2_Aligned_Version/Area_3/storage_1/Annotations/door_1.txt"]}, {"id": 2, "parent": 18, "children": [], "label": "bookcase", "path": ["/data/S3DIS/Stanford3dDataset_v1.2_Aligned_Version/Area_3/storage_1/Annotations/bookcase_2.txt"]}, {"id": 3, "parent": 13, "children": [], "label": "ceiling", "path": ["/data/S3DIS/Stanford3dDataset_v1.2_Aligned_Version/Area_3/storage_1/Annotations/ceiling_1.txt"]}, {"id": 4, "parent": 18, "children": [], "label": "bookcase", "path": ["/data/S3DIS/Stanford3dDataset_v1.2_Aligned_Version/Area_3/storage_1/Annotations/bookcase_3.txt"]}, {"id": 5, "parent": 11, "children": [], "label": "wall", "path": ["/data/S3DIS/Stanford3dDataset_v1.2_Aligned_Version/Area_3/storage_1/Annotations/wall_2.txt"]}, {"id": 6, "parent": -1, "children": [], "label": "clutter", "path": ["/data/S3DIS/Stanford3dDataset_v1.2_Aligned_Version/Area_3/storage_1/Annotations/clutter_1.txt"]}, {"id": 7, "parent": 18, "children": [], "label": "bookcase", "path": ["/data/S3DIS/Stanford3dDataset_v1.2_Aligned_Version/Area_3/storage_1/Annotations/bookcase_1.txt"]}, {"id": 8, "parent": 11, "children": [], "label": "wall", "path": ["/data/S3DIS/Stanford3dDataset_v1.2_Aligned_Version/Area_3/storage_1/Annotations/wall_1.txt"]}, {"id": 9, "parent": 12, "children": [], "label": "column", "path": ["/data/S3DIS/Stanford3dDataset_v1.2_Aligned_Version/Area_3/storage_1/Annotations/column_1.txt"]}, {"id": 10, "parent": 11, "children": [], "label": "wall", "path": ["/data/S3DIS/Stanford3dDataset_v1.2_Aligned_Version/Area_3/storage_1/Annotations/wall_3.txt"]}, {"id": 11, "parent": 16, "children": [5, 8, 10], "label": "wall group", "path": ["/data/S3DIS/Stanford3dDataset_v1.2_Aligned_Version/Area_3/storage_1/Annotations/wall_2.txt", "/data/S3DIS/Stanford3dDataset_v1.2_Aligned_Version/Area_3/storage_1/Annotations/wall_1.txt", "/data/S3DIS/Stanford3dDataset_v1.2_Aligned_Version/Area_3/storage_1/Annotations/wall_3.txt"]}, {"id": 12, "parent": 16, "children": [9], "label": "column group", "path": ["/data/S3DIS/Stanford3dDataset_v1.2_Aligned_Version/Area_3/storage_1/Annotations/column_1.txt"]}, {"id": 13, "parent": 16, "children": [3], "label": "ceiling group", "path": ["/data/S3DIS/Stanford3dDataset_v1.2_Aligned_Version/Area_3/storage_1/Annotations/ceiling_1.txt"]}, {"id": 14, "parent": 16, "children": [0], "label": "floor group", "path": ["/data/S3DIS/Stanford3dDataset_v1.2_Aligned_Version/Area_3/storage_1/Annotations/floor_1.txt"]}, {"id": 15, "parent": 17, "children": [1], "label": "door group", "path": ["/data/S3DIS/Stanford3dDataset_v1.2_Aligned_Version/Area_3/storage_1/Annotations/door_1.txt"]}, {"id": 16, "parent": -1, "children": [11, 12, 13, 14], "label": "building area", "path": ["/data/S3DIS/Stanford3dDataset_v1.2_Aligned_Version/Area_3/storage_1/Annotations/wall_2.txt", "/data/S3DIS/Stanford3dDataset_v1.2_Aligned_Version/Area_3/storage_1/Annotations/wall_1.txt", "/data/S3DIS/Stanford3dDataset_v1.2_Aligned_Version/Area_3/storage_1/Annotations/wall_3.txt", "/data/S3DIS/Stanford3dDataset_v1.2_Aligned_Version/Area_3/storage_1/Annotations/column_1.txt", "/data/S3DIS/Stanford3dDataset_v1.2_Aligned_Version/Area_3/storage_1/Annotations/ceiling_1.txt", "/data/S3DIS/Stanford3dDataset_v1.2_Aligned_Version/Area_3/storage_1/Annotations/floor_1.txt"]}, {"id": 17, "parent": -1, "children": [15], "label": "entrance area", "path": ["/data/S3DIS/Stanford3dDataset_v1.2_Aligned_Version/Area_3/storage_1/Annotations/door_1.txt"]}, {"id": 18, "parent": 19, "children": [2, 4, 7], "label": "bookcase group", "path": ["/data/S3DIS/Stanford3dDataset_v1.2_Aligned_Version/Area_3/storage_1/Annotations/bookcase_2.txt", "/data/S3DIS/Stanford3dDataset_v1.2_Aligned_Version/Area_3/storage_1/Annotations/bookcase_3.txt", "/data/S3DIS/Stanford3dDataset_v1.2_Aligned_Version/Area_3/storage_1/Annotations/bookcase_1.txt"]}, {"id": 19, "parent": -1, "children": [18], "label": "case area", "path": ["/data/S3DIS/Stanford3dDataset_v1.2_Aligned_Version/Area_3/storage_1/Annotations/bookcase_2.txt", "/data/S3DIS/Stanford3dDataset_v1.2_Aligned_Version/Area_3/storage_1/Annotations/bookcase_3.txt", "/data/S3DIS/Stanford3dDataset_v1.2_Aligned_Version/Area_3/storage_1/Annotations/bookcase_1.txt"]}]