[{"id": 0, "parent": 11, "children": [], "label": "floor", "path": ["/data/S3DIS/Stanford3dDataset_v1.2_Aligned_Version/Area_3/storage_2/Annotations/floor_1.txt"]}, {"id": 1, "parent": 10, "children": [], "label": "ceiling", "path": ["/data/S3DIS/Stanford3dDataset_v1.2_Aligned_Version/Area_3/storage_2/Annotations/ceiling_1.txt"]}, {"id": 2, "parent": -1, "children": [], "label": "clutter", "path": ["/data/S3DIS/Stanford3dDataset_v1.2_Aligned_Version/Area_3/storage_2/Annotations/clutter_2.txt"]}, {"id": 3, "parent": 8, "children": [], "label": "wall", "path": ["/data/S3DIS/Stanford3dDataset_v1.2_Aligned_Version/Area_3/storage_2/Annotations/wall_2.txt"]}, {"id": 4, "parent": -1, "children": [], "label": "clutter", "path": ["/data/S3DIS/Stanford3dDataset_v1.2_Aligned_Version/Area_3/storage_2/Annotations/clutter_1.txt"]}, {"id": 5, "parent": 8, "children": [], "label": "wall", "path": ["/data/S3DIS/Stanford3dDataset_v1.2_Aligned_Version/Area_3/storage_2/Annotations/wall_1.txt"]}, {"id": 6, "parent": 9, "children": [], "label": "column", "path": ["/data/S3DIS/Stanford3dDataset_v1.2_Aligned_Version/Area_3/storage_2/Annotations/column_1.txt"]}, {"id": 7, "parent": 8, "children": [], "label": "wall", "path": ["/data/S3DIS/Stanford3dDataset_v1.2_Aligned_Version/Area_3/storage_2/Annotations/wall_3.txt"]}, {"id": 8, "parent": 12, "children": [3, 5, 7], "label": "wall group", "path": ["/data/S3DIS/Stanford3dDataset_v1.2_Aligned_Version/Area_3/storage_2/Annotations/wall_2.txt", "/data/S3DIS/Stanford3dDataset_v1.2_Aligned_Version/Area_3/storage_2/Annotations/wall_1.txt", "/data/S3DIS/Stanford3dDataset_v1.2_Aligned_Version/Area_3/storage_2/Annotations/wall_3.txt"]}, {"id": 9, "parent": 12, "children": [6], "label": "column group", "path": ["/data/S3DIS/Stanford3dDataset_v1.2_Aligned_Version/Area_3/storage_2/Annotations/column_1.txt"]}, {"id": 10, "parent": 12, "children": [1], "label": "ceiling group", "path": ["/data/S3DIS/Stanford3dDataset_v1.2_Aligned_Version/Area_3/storage_2/Annotations/ceiling_1.txt"]}, {"id": 11, "parent": 12, "children": [0], "label": "floor group", "path": ["/data/S3DIS/Stanford3dDataset_v1.2_Aligned_Version/Area_3/storage_2/Annotations/floor_1.txt"]}, {"id": 12, "parent": -1, "children": [8, 9, 10, 11], "label": "building area", "path": ["/data/S3DIS/Stanford3dDataset_v1.2_Aligned_Version/Area_3/storage_2/Annotations/wall_2.txt", "/data/S3DIS/Stanford3dDataset_v1.2_Aligned_Version/Area_3/storage_2/Annotations/wall_1.txt", "/data/S3DIS/Stanford3dDataset_v1.2_Aligned_Version/Area_3/storage_2/Annotations/wall_3.txt", "/data/S3DIS/Stanford3dDataset_v1.2_Aligned_Version/Area_3/storage_2/Annotations/column_1.txt", "/data/S3DIS/Stanford3dDataset_v1.2_Aligned_Version/Area_3/storage_2/Annotations/ceiling_1.txt", "/data/S3DIS/Stanford3dDataset_v1.2_Aligned_Version/Area_3/storage_2/Annotations/floor_1.txt"]}]