[
  {
    "id": 0,
    "parent": 52,
    "children": [],
    "label": "chair",
    "path": [
      "/data/S3DIS/Stanford3dDataset_v1.2_Aligned_Version/Area_4/conferenceRoom_1/Annotations/chair_8.txt"
    ]
  },
  {
    "id": 1,
    "parent": 46,
    "children": [],
    "label": "floor",
    "path": [
      "/data/S3DIS/Stanford3dDataset_v1.2_Aligned_Version/Area_4/conferenceRoom_1/Annotations/floor_1.txt"
    ]
  },
  {
    "id": 2,
    "parent": 49,
    "children": [],
    "label": "door",
    "path": [
      "/data/S3DIS/Stanford3dDataset_v1.2_Aligned_Version/Area_4/conferenceRoom_1/Annotations/door_1.txt"
    ]
  },
  {
    "id": 3,
    "parent": -1,
    "children": [],
    "label": "clutter",
    "path": [
      "/data/S3DIS/Stanford3dDataset_v1.2_Aligned_Version/Area_4/conferenceRoom_1/Annotations/clutter_5.txt"
    ]
  },
  {
    "id": 4,
    "parent": 51,
    "children": [],
    "label": "table",
    "path": [
      "/data/S3DIS/Stanford3dDataset_v1.2_Aligned_Version/Area_4/conferenceRoom_1/Annotations/table_2.txt"
    ]
  },
  {
    "id": 5,
    "parent": 44,
    "children": [],
    "label": "ceiling",
    "path": [
      "/data/S3DIS/Stanford3dDataset_v1.2_Aligned_Version/Area_4/conferenceRoom_1/Annotations/ceiling_1.txt"
    ]
  },
  {
    "id": 6,
    "parent": 50,
    "children": [],
    "label": "door",
    "path": [
      "/data/S3DIS/Stanford3dDataset_v1.2_Aligned_Version/Area_4/conferenceRoom_1/Annotations/door_2.txt"
    ]
  },
  {
    "id": 7,
    "parent": 52,
    "children": [],
    "label": "chair",
    "path": [
      "/data/S3DIS/Stanford3dDataset_v1.2_Aligned_Version/Area_4/conferenceRoom_1/Annotations/chair_10.txt"
    ]
  },
  {
    "id": 8,
    "parent": -1,
    "children": [],
    "label": "clutter",
    "path": [
      "/data/S3DIS/Stanford3dDataset_v1.2_Aligned_Version/Area_4/conferenceRoom_1/Annotations/clutter_2.txt"
    ]
  },
  {
    "id": 9,
    "parent": 43,
    "children": [],
    "label": "wall",
    "path": [
      "/data/S3DIS/Stanford3dDataset_v1.2_Aligned_Version/Area_4/conferenceRoom_1/Annotations/wall_2.txt"
    ]
  },
  {
    "id": 10,
    "parent": 52,
    "children": [],
    "label": "chair",
    "path": [
      "/data/S3DIS/Stanford3dDataset_v1.2_Aligned_Version/Area_4/conferenceRoom_1/Annotations/chair_16.txt"
    ]
  },
  {
    "id": 11,
    "parent": -1,
    "children": [],
    "label": "clutter",
    "path": [
      "/data/S3DIS/Stanford3dDataset_v1.2_Aligned_Version/Area_4/conferenceRoom_1/Annotations/clutter_1.txt"
    ]
  },
  {
    "id": 12,
    "parent": 48,
    "children": [],
    "label": "board",
    "path": [
      "/data/S3DIS/Stanford3dDataset_v1.2_Aligned_Version/Area_4/conferenceRoom_1/Annotations/board_2.txt"
    ]
  },
  {
    "id": 13,
    "parent": -1,
    "children": [],
    "label": "clutter",
    "path": [
      "/data/S3DIS/Stanford3dDataset_v1.2_Aligned_Version/Area_4/conferenceRoom_1/Annotations/clutter_7.txt"
    ]
  },
  {
    "id": 14,
    "parent": 52,
    "children": [],
    "label": "chair",
    "path": [
      "/data/S3DIS/Stanford3dDataset_v1.2_Aligned_Version/Area_4/conferenceRoom_1/Annotations/chair_1.txt"
    ]
  },
  {
    "id": 15,
    "parent": 52,
    "children": [],
    "label": "chair",
    "path": [
      "/data/S3DIS/Stanford3dDataset_v1.2_Aligned_Version/Area_4/conferenceRoom_1/Annotations/chair_9.txt"
    ]
  },
  {
    "id": 16,
    "parent": 51,
    "children": [],
    "label": "table",
    "path": [
      "/data/S3DIS/Stanford3dDataset_v1.2_Aligned_Version/Area_4/conferenceRoom_1/Annotations/table_4.txt"
    ]
  },
  {
    "id": 17,
    "parent": -1,
    "children": [],
    "label": "clutter",
    "path": [
      "/data/S3DIS/Stanford3dDataset_v1.2_Aligned_Version/Area_4/conferenceRoom_1/Annotations/clutter_6.txt"
    ]
  },
  {
    "id": 18,
    "parent": 45,
    "children": [],
    "label": "sofa",
    "path": [
      "/data/S3DIS/Stanford3dDataset_v1.2_Aligned_Version/Area_4/conferenceRoom_1/Annotations/sofa_1.txt"
    ]
  },
  {
    "id": 19,
    "parent": 52,
    "children": [],
    "label": "chair",
    "path": [
      "/data/S3DIS/Stanford3dDataset_v1.2_Aligned_Version/Area_4/conferenceRoom_1/Annotations/chair_6.txt"
    ]
  },
  {
    "id": 20,
    "parent": 52,
    "children": [],
    "label": "chair",
    "path": [
      "/data/S3DIS/Stanford3dDataset_v1.2_Aligned_Version/Area_4/conferenceRoom_1/Annotations/chair_15.txt"
    ]
  },
  {
    "id": 21,
    "parent": 51,
    "children": [],
    "label": "table",
    "path": [
      "/data/S3DIS/Stanford3dDataset_v1.2_Aligned_Version/Area_4/conferenceRoom_1/Annotations/table_7.txt"
    ]
  },
  {
    "id": 22,
    "parent": 47,
    "children": [],
    "label": "board",
    "path": [
      "/data/S3DIS/Stanford3dDataset_v1.2_Aligned_Version/Area_4/conferenceRoom_1/Annotations/board_1.txt"
    ]
  },
  {
    "id": 23,
    "parent": -1,
    "children": [],
    "label": "clutter",
    "path": [
      "/data/S3DIS/Stanford3dDataset_v1.2_Aligned_Version/Area_4/conferenceRoom_1/Annotations/clutter_4.txt"
    ]
  },
  {
    "id": 24,
    "parent": 51,
    "children": [],
    "label": "table",
    "path": [
      "/data/S3DIS/Stanford3dDataset_v1.2_Aligned_Version/Area_4/conferenceRoom_1/Annotations/table_5.txt"
    ]
  },
  {
    "id": 25,
    "parent": 52,
    "children": [],
    "label": "chair",
    "path": [
      "/data/S3DIS/Stanford3dDataset_v1.2_Aligned_Version/Area_4/conferenceRoom_1/Annotations/chair_5.txt"
    ]
  },
  {
    "id": 26,
    "parent": 51,
    "children": [],
    "label": "table",
    "path": [
      "/data/S3DIS/Stanford3dDataset_v1.2_Aligned_Version/Area_4/conferenceRoom_1/Annotations/table_6.txt"
    ]
  },
  {
    "id": 27,
    "parent": 52,
    "children": [],
    "label": "chair",
    "path": [
      "/data/S3DIS/Stanford3dDataset_v1.2_Aligned_Version/Area_4/conferenceRoom_1/Annotations/chair_4.txt"
    ]
  },
  {
    "id": 28,
    "parent": 43,
    "children": [],
    "label": "wall",
    "path": [
      "/data/S3DIS/Stanford3dDataset_v1.2_Aligned_Version/Area_4/conferenceRoom_1/Annotations/wall_1.txt"
    ]
  },
  {
    "id": 29,
    "parent": 52,
    "children": [],
    "label": "chair",
    "path": [
      "/data/S3DIS/Stanford3dDataset_v1.2_Aligned_Version/Area_4/conferenceRoom_1/Annotations/chair_7.txt"
    ]
  },
  {
    "id": 30,
    "parent": 52,
    "children": [],
    "label": "chair",
    "path": [
      "/data/S3DIS/Stanford3dDataset_v1.2_Aligned_Version/Area_4/conferenceRoom_1/Annotations/chair_17.txt"
    ]
  },
  {
    "id": 31,
    "parent": 52,
    "children": [],
    "label": "chair",
    "path": [
      "/data/S3DIS/Stanford3dDataset_v1.2_Aligned_Version/Area_4/conferenceRoom_1/Annotations/chair_12.txt"
    ]
  },
  {
    "id": 32,
    "parent": 52,
    "children": [],
    "label": "chair",
    "path": [
      "/data/S3DIS/Stanford3dDataset_v1.2_Aligned_Version/Area_4/conferenceRoom_1/Annotations/chair_3.txt"
    ]
  },
  {
    "id": 33,
    "parent": 51,
    "children": [],
    "label": "table",
    "path": [
      "/data/S3DIS/Stanford3dDataset_v1.2_Aligned_Version/Area_4/conferenceRoom_1/Annotations/table_3.txt"
    ]
  },
  {
    "id": 34,
    "parent": 52,
    "children": [],
    "label": "chair",
    "path": [
      "/data/S3DIS/Stanford3dDataset_v1.2_Aligned_Version/Area_4/conferenceRoom_1/Annotations/chair_11.txt"
    ]
  },
  {
    "id": 35,
    "parent": 52,
    "children": [],
    "label": "chair",
    "path": [
      "/data/S3DIS/Stanford3dDataset_v1.2_Aligned_Version/Area_4/conferenceRoom_1/Annotations/chair_13.txt"
    ]
  },
  {
    "id": 36,
    "parent": 52,
    "children": [],
    "label": "chair",
    "path": [
      "/data/S3DIS/Stanford3dDataset_v1.2_Aligned_Version/Area_4/conferenceRoom_1/Annotations/chair_14.txt"
    ]
  },
  {
    "id": 38,
    "parent": 51,
    "children": [],
    "label": "table",
    "path": [
      "/data/S3DIS/Stanford3dDataset_v1.2_Aligned_Version/Area_4/conferenceRoom_1/Annotations/table_1.txt"
    ]
  },
  {
    "id": 39,
    "parent": 43,
    "children": [],
    "label": "wall",
    "path": [
      "/data/S3DIS/Stanford3dDataset_v1.2_Aligned_Version/Area_4/conferenceRoom_1/Annotations/wall_4.txt"
    ]
  },
  {
    "id": 40,
    "parent": -1,
    "children": [],
    "label": "clutter",
    "path": [
      "/data/S3DIS/Stanford3dDataset_v1.2_Aligned_Version/Area_4/conferenceRoom_1/Annotations/clutter_3.txt"
    ]
  },
  {
    "id": 41,
    "parent": 52,
    "children": [],
    "label": "chair",
    "path": [
      "/data/S3DIS/Stanford3dDataset_v1.2_Aligned_Version/Area_4/conferenceRoom_1/Annotations/chair_2.txt"
    ]
  },
  {
    "id": 42,
    "parent": 43,
    "children": [],
    "label": "wall",
    "path": [
      "/data/S3DIS/Stanford3dDataset_v1.2_Aligned_Version/Area_4/conferenceRoom_1/Annotations/wall_3.txt"
    ]
  },
  {
    "id": 43,
    "parent": 54,
    "children": [
      9,
      28,
      39,
      42
    ],
    "label": "wall group",
    "path": [
      "/data/S3DIS/Stanford3dDataset_v1.2_Aligned_Version/Area_4/conferenceRoom_1/Annotations/wall_2.txt",
      "/data/S3DIS/Stanford3dDataset_v1.2_Aligned_Version/Area_4/conferenceRoom_1/Annotations/wall_1.txt",
      "/data/S3DIS/Stanford3dDataset_v1.2_Aligned_Version/Area_4/conferenceRoom_1/Annotations/wall_4.txt",
      "/data/S3DIS/Stanford3dDataset_v1.2_Aligned_Version/Area_4/conferenceRoom_1/Annotations/wall_3.txt"
    ]
  },
  {
    "id": 44,
    "parent": 54,
    "children": [
      5
    ],
    "label": "ceiling group",
    "path": [
      "/data/S3DIS/Stanford3dDataset_v1.2_Aligned_Version/Area_4/conferenceRoom_1/Annotations/ceiling_1.txt"
    ]
  },
  {
    "id": 45,
    "parent": 53,
    "children": [
      18
    ],
    "label": "sofa group",
    "path": [
      "/data/S3DIS/Stanford3dDataset_v1.2_Aligned_Version/Area_4/conferenceRoom_1/Annotations/sofa_1.txt"
    ]
  },
  {
    "id": 46,
    "parent": 54,
    "children": [
      1
    ],
    "label": "floor group",
    "path": [
      "/data/S3DIS/Stanford3dDataset_v1.2_Aligned_Version/Area_4/conferenceRoom_1/Annotations/floor_1.txt"
    ]
  },
  {
    "id": 47,
    "parent": 54,
    "children": [
      22
    ],
    "label": "board group",
    "path": [
      "/data/S3DIS/Stanford3dDataset_v1.2_Aligned_Version/Area_4/conferenceRoom_1/Annotations/board_1.txt"
    ]
  },
  {
    "id": 48,
    "parent": 54,
    "children": [
      12
    ],
    "label": "board group",
    "path": [
      "/data/S3DIS/Stanford3dDataset_v1.2_Aligned_Version/Area_4/conferenceRoom_1/Annotations/board_2.txt"
    ]
  },
  {
    "id": 49,
    "parent": 55,
    "children": [
      2
    ],
    "label": "door group",
    "path": [
      "/data/S3DIS/Stanford3dDataset_v1.2_Aligned_Version/Area_4/conferenceRoom_1/Annotations/door_1.txt"
    ]
  },
  {
    "id": 50,
    "parent": 56,
    "children": [
      6
    ],
    "label": "door group",
    "path": [
      "/data/S3DIS/Stanford3dDataset_v1.2_Aligned_Version/Area_4/conferenceRoom_1/Annotations/door_2.txt"
    ]
  },
  {
    "id": 51,
    "parent": 53,
    "children": [
      4,
      16,
      21,
      24,
      26,
      33,
      38
    ],
    "label": "table group",
    "path": [
      "/data/S3DIS/Stanford3dDataset_v1.2_Aligned_Version/Area_4/conferenceRoom_1/Annotations/table_2.txt",
      "/data/S3DIS/Stanford3dDataset_v1.2_Aligned_Version/Area_4/conferenceRoom_1/Annotations/table_4.txt",
      "/data/S3DIS/Stanford3dDataset_v1.2_Aligned_Version/Area_4/conferenceRoom_1/Annotations/table_7.txt",
      "/data/S3DIS/Stanford3dDataset_v1.2_Aligned_Version/Area_4/conferenceRoom_1/Annotations/table_5.txt",
      "/data/S3DIS/Stanford3dDataset_v1.2_Aligned_Version/Area_4/conferenceRoom_1/Annotations/table_6.txt",
      "/data/S3DIS/Stanford3dDataset_v1.2_Aligned_Version/Area_4/conferenceRoom_1/Annotations/table_3.txt",
      "/data/S3DIS/Stanford3dDataset_v1.2_Aligned_Version/Area_4/conferenceRoom_1/Annotations/table_1.txt"
    ]
  },
  {
    "id": 52,
    "parent": 53,
    "children": [
      0,
      7,
      10,
      14,
      15,
      19,
      20,
      25,
      27,
      29,
      30,
      31,
      32,
      34,
      35,
      36,
      41
    ],
    "label": "chair group",
    "path": [
      "/data/S3DIS/Stanford3dDataset_v1.2_Aligned_Version/Area_4/conferenceRoom_1/Annotations/chair_8.txt",
      "/data/S3DIS/Stanford3dDataset_v1.2_Aligned_Version/Area_4/conferenceRoom_1/Annotations/chair_10.txt",
      "/data/S3DIS/Stanford3dDataset_v1.2_Aligned_Version/Area_4/conferenceRoom_1/Annotations/chair_16.txt",
      "/data/S3DIS/Stanford3dDataset_v1.2_Aligned_Version/Area_4/conferenceRoom_1/Annotations/chair_1.txt",
      "/data/S3DIS/Stanford3dDataset_v1.2_Aligned_Version/Area_4/conferenceRoom_1/Annotations/chair_9.txt",
      "/data/S3DIS/Stanford3dDataset_v1.2_Aligned_Version/Area_4/conferenceRoom_1/Annotations/chair_6.txt",
      "/data/S3DIS/Stanford3dDataset_v1.2_Aligned_Version/Area_4/conferenceRoom_1/Annotations/chair_15.txt",
      "/data/S3DIS/Stanford3dDataset_v1.2_Aligned_Version/Area_4/conferenceRoom_1/Annotations/chair_5.txt",
      "/data/S3DIS/Stanford3dDataset_v1.2_Aligned_Version/Area_4/conferenceRoom_1/Annotations/chair_4.txt",
      "/data/S3DIS/Stanford3dDataset_v1.2_Aligned_Version/Area_4/conferenceRoom_1/Annotations/chair_7.txt",
      "/data/S3DIS/Stanford3dDataset_v1.2_Aligned_Version/Area_4/conferenceRoom_1/Annotations/chair_17.txt",
      "/data/S3DIS/Stanford3dDataset_v1.2_Aligned_Version/Area_4/conferenceRoom_1/Annotations/chair_12.txt",
      "/data/S3DIS/Stanford3dDataset_v1.2_Aligned_Version/Area_4/conferenceRoom_1/Annotations/chair_3.txt",
      "/data/S3DIS/Stanford3dDataset_v1.2_Aligned_Version/Area_4/conferenceRoom_1/Annotations/chair_11.txt",
      "/data/S3DIS/Stanford3dDataset_v1.2_Aligned_Version/Area_4/conferenceRoom_1/Annotations/chair_13.txt",
      "/data/S3DIS/Stanford3dDataset_v1.2_Aligned_Version/Area_4/conferenceRoom_1/Annotations/chair_14.txt",
      "/data/S3DIS/Stanford3dDataset_v1.2_Aligned_Version/Area_4/conferenceRoom_1/Annotations/chair_2.txt"
    ]
  },
  {
    "id": 53,
    "parent": -1,
    "children": [
      45,
      51,
      52
    ],
    "label": "meeting area",
    "path": [
      "/data/S3DIS/Stanford3dDataset_v1.2_Aligned_Version/Area_4/conferenceRoom_1/Annotations/sofa_1.txt",
      "/data/S3DIS/Stanford3dDataset_v1.2_Aligned_Version/Area_4/conferenceRoom_1/Annotations/table_2.txt",
      "/data/S3DIS/Stanford3dDataset_v1.2_Aligned_Version/Area_4/conferenceRoom_1/Annotations/table_4.txt",
      "/data/S3DIS/Stanford3dDataset_v1.2_Aligned_Version/Area_4/conferenceRoom_1/Annotations/table_7.txt",
      "/data/S3DIS/Stanford3dDataset_v1.2_Aligned_Version/Area_4/conferenceRoom_1/Annotations/table_5.txt",
      "/data/S3DIS/Stanford3dDataset_v1.2_Aligned_Version/Area_4/conferenceRoom_1/Annotations/table_6.txt",
      "/data/S3DIS/Stanford3dDataset_v1.2_Aligned_Version/Area_4/conferenceRoom_1/Annotations/table_3.txt",
      "/data/S3DIS/Stanford3dDataset_v1.2_Aligned_Version/Area_4/conferenceRoom_1/Annotations/table_1.txt",
      "/data/S3DIS/Stanford3dDataset_v1.2_Aligned_Version/Area_4/conferenceRoom_1/Annotations/chair_8.txt",
      "/data/S3DIS/Stanford3dDataset_v1.2_Aligned_Version/Area_4/conferenceRoom_1/Annotations/chair_10.txt",
      "/data/S3DIS/Stanford3dDataset_v1.2_Aligned_Version/Area_4/conferenceRoom_1/Annotations/chair_16.txt",
      "/data/S3DIS/Stanford3dDataset_v1.2_Aligned_Version/Area_4/conferenceRoom_1/Annotations/chair_1.txt",
      "/data/S3DIS/Stanford3dDataset_v1.2_Aligned_Version/Area_4/conferenceRoom_1/Annotations/chair_9.txt",
      "/data/S3DIS/Stanford3dDataset_v1.2_Aligned_Version/Area_4/conferenceRoom_1/Annotations/chair_6.txt",
      "/data/S3DIS/Stanford3dDataset_v1.2_Aligned_Version/Area_4/conferenceRoom_1/Annotations/chair_15.txt",
      "/data/S3DIS/Stanford3dDataset_v1.2_Aligned_Version/Area_4/conferenceRoom_1/Annotations/chair_5.txt",
      "/data/S3DIS/Stanford3dDataset_v1.2_Aligned_Version/Area_4/conferenceRoom_1/Annotations/chair_4.txt",
      "/data/S3DIS/Stanford3dDataset_v1.2_Aligned_Version/Area_4/conferenceRoom_1/Annotations/chair_7.txt",
      "/data/S3DIS/Stanford3dDataset_v1.2_Aligned_Version/Area_4/conferenceRoom_1/Annotations/chair_17.txt",
      "/data/S3DIS/Stanford3dDataset_v1.2_Aligned_Version/Area_4/conferenceRoom_1/Annotations/chair_12.txt",
      "/data/S3DIS/Stanford3dDataset_v1.2_Aligned_Version/Area_4/conferenceRoom_1/Annotations/chair_3.txt",
      "/data/S3DIS/Stanford3dDataset_v1.2_Aligned_Version/Area_4/conferenceRoom_1/Annotations/chair_11.txt",
      "/data/S3DIS/Stanford3dDataset_v1.2_Aligned_Version/Area_4/conferenceRoom_1/Annotations/chair_13.txt",
      "/data/S3DIS/Stanford3dDataset_v1.2_Aligned_Version/Area_4/conferenceRoom_1/Annotations/chair_14.txt",
      "/data/S3DIS/Stanford3dDataset_v1.2_Aligned_Version/Area_4/conferenceRoom_1/Annotations/chair_2.txt"
    ]
  },
  {
    "id": 54,
    "parent": -1,
    "children": [
      43,
      44,
      46,
      47,
      48
    ],
    "label": "building area",
    "path": [
      "/data/S3DIS/Stanford3dDataset_v1.2_Aligned_Version/Area_4/conferenceRoom_1/Annotations/wall_2.txt",
      "/data/S3DIS/Stanford3dDataset_v1.2_Aligned_Version/Area_4/conferenceRoom_1/Annotations/wall_1.txt",
      "/data/S3DIS/Stanford3dDataset_v1.2_Aligned_Version/Area_4/conferenceRoom_1/Annotations/wall_4.txt",
      "/data/S3DIS/Stanford3dDataset_v1.2_Aligned_Version/Area_4/conferenceRoom_1/Annotations/wall_3.txt",
      "/data/S3DIS/Stanford3dDataset_v1.2_Aligned_Version/Area_4/conferenceRoom_1/Annotations/ceiling_1.txt",
      "/data/S3DIS/Stanford3dDataset_v1.2_Aligned_Version/Area_4/conferenceRoom_1/Annotations/floor_1.txt",
      "/data/S3DIS/Stanford3dDataset_v1.2_Aligned_Version/Area_4/conferenceRoom_1/Annotations/board_1.txt",
      "/data/S3DIS/Stanford3dDataset_v1.2_Aligned_Version/Area_4/conferenceRoom_1/Annotations/board_2.txt"
    ]
  },
  {
    "id": 55,
    "parent": -1,
    "children": [
      49
    ],
    "label": "entrance area",
    "path": [
      "/data/S3DIS/Stanford3dDataset_v1.2_Aligned_Version/Area_4/conferenceRoom_1/Annotations/door_1.txt"
    ]
  },
  {
    "id": 56,
    "parent": -1,
    "children": [
      50
    ],
    "label": "entrance area",
    "path": [
      "/data/S3DIS/Stanford3dDataset_v1.2_Aligned_Version/Area_4/conferenceRoom_1/Annotations/door_2.txt"
    ]
  }
]