[
  {
    "id": 0,
    "parent": 55,
    "children": [],
    "label": "chair",
    "path": [
      "/data/S3DIS/Stanford3dDataset_v1.2_Aligned_Version/Area_4/conferenceRoom_2/Annotations/chair_8.txt"
    ]
  },
  {
    "id": 1,
    "parent": 55,
    "children": [],
    "label": "chair",
    "path": [
      "/data/S3DIS/Stanford3dDataset_v1.2_Aligned_Version/Area_4/conferenceRoom_2/Annotations/chair_21.txt"
    ]
  },
  {
    "id": 2,
    "parent": 47,
    "children": [],
    "label": "floor",
    "path": [
      "/data/S3DIS/Stanford3dDataset_v1.2_Aligned_Version/Area_4/conferenceRoom_2/Annotations/floor_1.txt"
    ]
  },
  {
    "id": 3,
    "parent": 49,
    "children": [],
    "label": "door",
    "path": [
      "/data/S3DIS/Stanford3dDataset_v1.2_Aligned_Version/Area_4/conferenceRoom_2/Annotations/door_1.txt"
    ]
  },
  {
    "id": 4,
    "parent": -1,
    "children": [],
    "label": "clutter",
    "path": [
      "/data/S3DIS/Stanford3dDataset_v1.2_Aligned_Version/Area_4/conferenceRoom_2/Annotations/clutter_5.txt"
    ]
  },
  {
    "id": 5,
    "parent": 54,
    "children": [],
    "label": "table",
    "path": [
      "/data/S3DIS/Stanford3dDataset_v1.2_Aligned_Version/Area_4/conferenceRoom_2/Annotations/table_2.txt"
    ]
  },
  {
    "id": 6,
    "parent": 45,
    "children": [],
    "label": "ceiling",
    "path": [
      "/data/S3DIS/Stanford3dDataset_v1.2_Aligned_Version/Area_4/conferenceRoom_2/Annotations/ceiling_1.txt"
    ]
  },
  {
    "id": 7,
    "parent": -1,
    "children": [],
    "label": "clutter",
    "path": [
      "/data/S3DIS/Stanford3dDataset_v1.2_Aligned_Version/Area_4/conferenceRoom_2/Annotations/clutter_9.txt"
    ]
  },
  {
    "id": 8,
    "parent": 52,
    "children": [],
    "label": "chair",
    "path": [
      "/data/S3DIS/Stanford3dDataset_v1.2_Aligned_Version/Area_4/conferenceRoom_2/Annotations/chair_10.txt"
    ]
  },
  {
    "id": 9,
    "parent": -1,
    "children": [],
    "label": "clutter",
    "path": [
      "/data/S3DIS/Stanford3dDataset_v1.2_Aligned_Version/Area_4/conferenceRoom_2/Annotations/clutter_2.txt"
    ]
  },
  {
    "id": 10,
    "parent": 44,
    "children": [],
    "label": "wall",
    "path": [
      "/data/S3DIS/Stanford3dDataset_v1.2_Aligned_Version/Area_4/conferenceRoom_2/Annotations/wall_2.txt"
    ]
  },
  {
    "id": 11,
    "parent": 55,
    "children": [],
    "label": "chair",
    "path": [
      "/data/S3DIS/Stanford3dDataset_v1.2_Aligned_Version/Area_4/conferenceRoom_2/Annotations/chair_16.txt"
    ]
  },
  {
    "id": 12,
    "parent": -1,
    "children": [],
    "label": "clutter",
    "path": [
      "/data/S3DIS/Stanford3dDataset_v1.2_Aligned_Version/Area_4/conferenceRoom_2/Annotations/clutter_1.txt"
    ]
  },
  {
    "id": 13,
    "parent": -1,
    "children": [],
    "label": "clutter",
    "path": [
      "/data/S3DIS/Stanford3dDataset_v1.2_Aligned_Version/Area_4/conferenceRoom_2/Annotations/clutter_7.txt"
    ]
  },
  {
    "id": 14,
    "parent": 55,
    "children": [],
    "label": "chair",
    "path": [
      "/data/S3DIS/Stanford3dDataset_v1.2_Aligned_Version/Area_4/conferenceRoom_2/Annotations/chair_1.txt"
    ]
  },
  {
    "id": 15,
    "parent": -1,
    "children": [],
    "label": "clutter",
    "path": [
      "/data/S3DIS/Stanford3dDataset_v1.2_Aligned_Version/Area_4/conferenceRoom_2/Annotations/clutter_8.txt"
    ]
  },
  {
    "id": 16,
    "parent": 55,
    "children": [],
    "label": "chair",
    "path": [
      "/data/S3DIS/Stanford3dDataset_v1.2_Aligned_Version/Area_4/conferenceRoom_2/Annotations/chair_20.txt"
    ]
  },
  {
    "id": 17,
    "parent": 51,
    "children": [],
    "label": "chair",
    "path": [
      "/data/S3DIS/Stanford3dDataset_v1.2_Aligned_Version/Area_4/conferenceRoom_2/Annotations/chair_9.txt"
    ]
  },
  {
    "id": 18,
    "parent": 55,
    "children": [],
    "label": "chair",
    "path": [
      "/data/S3DIS/Stanford3dDataset_v1.2_Aligned_Version/Area_4/conferenceRoom_2/Annotations/chair_18.txt"
    ]
  },
  {
    "id": 19,
    "parent": -1,
    "children": [],
    "label": "clutter",
    "path": [
      "/data/S3DIS/Stanford3dDataset_v1.2_Aligned_Version/Area_4/conferenceRoom_2/Annotations/clutter_6.txt"
    ]
  },
  {
    "id": 20,
    "parent": 55,
    "children": [],
    "label": "chair",
    "path": [
      "/data/S3DIS/Stanford3dDataset_v1.2_Aligned_Version/Area_4/conferenceRoom_2/Annotations/chair_6.txt"
    ]
  },
  {
    "id": 21,
    "parent": 55,
    "children": [],
    "label": "chair",
    "path": [
      "/data/S3DIS/Stanford3dDataset_v1.2_Aligned_Version/Area_4/conferenceRoom_2/Annotations/chair_15.txt"
    ]
  },
  {
    "id": 22,
    "parent": -1,
    "children": [],
    "label": "clutter",
    "path": [
      "/data/S3DIS/Stanford3dDataset_v1.2_Aligned_Version/Area_4/conferenceRoom_2/Annotations/clutter_10.txt"
    ]
  },
  {
    "id": 23,
    "parent": -1,
    "children": [],
    "label": "clutter",
    "path": [
      "/data/S3DIS/Stanford3dDataset_v1.2_Aligned_Version/Area_4/conferenceRoom_2/Annotations/clutter_4.txt"
    ]
  },
  {
    "id": 24,
    "parent": 55,
    "children": [],
    "label": "chair",
    "path": [
      "/data/S3DIS/Stanford3dDataset_v1.2_Aligned_Version/Area_4/conferenceRoom_2/Annotations/chair_5.txt"
    ]
  },
  {
    "id": 25,
    "parent": -1,
    "children": [],
    "label": "clutter",
    "path": [
      "/data/S3DIS/Stanford3dDataset_v1.2_Aligned_Version/Area_4/conferenceRoom_2/Annotations/clutter_11.txt"
    ]
  },
  {
    "id": 26,
    "parent": 55,
    "children": [],
    "label": "chair",
    "path": [
      "/data/S3DIS/Stanford3dDataset_v1.2_Aligned_Version/Area_4/conferenceRoom_2/Annotations/chair_4.txt"
    ]
  },
  {
    "id": 27,
    "parent": 58,
    "children": [],
    "label": "bookcase",
    "path": [
      "/data/S3DIS/Stanford3dDataset_v1.2_Aligned_Version/Area_4/conferenceRoom_2/Annotations/bookcase_1.txt"
    ]
  },
  {
    "id": 28,
    "parent": 44,
    "children": [],
    "label": "wall",
    "path": [
      "/data/S3DIS/Stanford3dDataset_v1.2_Aligned_Version/Area_4/conferenceRoom_2/Annotations/wall_1.txt"
    ]
  },
  {
    "id": 29,
    "parent": 55,
    "children": [],
    "label": "chair",
    "path": [
      "/data/S3DIS/Stanford3dDataset_v1.2_Aligned_Version/Area_4/conferenceRoom_2/Annotations/chair_7.txt"
    ]
  },
  {
    "id": 30,
    "parent": 46,
    "children": [],
    "label": "column",
    "path": [
      "/data/S3DIS/Stanford3dDataset_v1.2_Aligned_Version/Area_4/conferenceRoom_2/Annotations/column_1.txt"
    ]
  },
  {
    "id": 31,
    "parent": 55,
    "children": [],
    "label": "chair",
    "path": [
      "/data/S3DIS/Stanford3dDataset_v1.2_Aligned_Version/Area_4/conferenceRoom_2/Annotations/chair_17.txt"
    ]
  },
  {
    "id": 32,
    "parent": 55,
    "children": [],
    "label": "chair",
    "path": [
      "/data/S3DIS/Stanford3dDataset_v1.2_Aligned_Version/Area_4/conferenceRoom_2/Annotations/chair_12.txt"
    ]
  },
  {
    "id": 33,
    "parent": 55,
    "children": [],
    "label": "chair",
    "path": [
      "/data/S3DIS/Stanford3dDataset_v1.2_Aligned_Version/Area_4/conferenceRoom_2/Annotations/chair_3.txt"
    ]
  },
  {
    "id": 34,
    "parent": 55,
    "children": [],
    "label": "chair",
    "path": [
      "/data/S3DIS/Stanford3dDataset_v1.2_Aligned_Version/Area_4/conferenceRoom_2/Annotations/chair_11.txt"
    ]
  },
  {
    "id": 35,
    "parent": 55,
    "children": [],
    "label": "chair",
    "path": [
      "/data/S3DIS/Stanford3dDataset_v1.2_Aligned_Version/Area_4/conferenceRoom_2/Annotations/chair_13.txt"
    ]
  },
  {
    "id": 36,
    "parent": 55,
    "children": [],
    "label": "chair",
    "path": [
      "/data/S3DIS/Stanford3dDataset_v1.2_Aligned_Version/Area_4/conferenceRoom_2/Annotations/chair_14.txt"
    ]
  },
  {
    "id": 38,
    "parent": 50,
    "children": [],
    "label": "table",
    "path": [
      "/data/S3DIS/Stanford3dDataset_v1.2_Aligned_Version/Area_4/conferenceRoom_2/Annotations/table_1.txt"
    ]
  },
  {
    "id": 39,
    "parent": 44,
    "children": [],
    "label": "wall",
    "path": [
      "/data/S3DIS/Stanford3dDataset_v1.2_Aligned_Version/Area_4/conferenceRoom_2/Annotations/wall_4.txt"
    ]
  },
  {
    "id": 40,
    "parent": 55,
    "children": [],
    "label": "chair",
    "path": [
      "/data/S3DIS/Stanford3dDataset_v1.2_Aligned_Version/Area_4/conferenceRoom_2/Annotations/chair_19.txt"
    ]
  },
  {
    "id": 41,
    "parent": -1,
    "children": [],
    "label": "clutter",
    "path": [
      "/data/S3DIS/Stanford3dDataset_v1.2_Aligned_Version/Area_4/conferenceRoom_2/Annotations/clutter_3.txt"
    ]
  },
  {
    "id": 42,
    "parent": 55,
    "children": [],
    "label": "chair",
    "path": [
      "/data/S3DIS/Stanford3dDataset_v1.2_Aligned_Version/Area_4/conferenceRoom_2/Annotations/chair_2.txt"
    ]
  },
  {
    "id": 43,
    "parent": 44,
    "children": [],
    "label": "wall",
    "path": [
      "/data/S3DIS/Stanford3dDataset_v1.2_Aligned_Version/Area_4/conferenceRoom_2/Annotations/wall_3.txt"
    ]
  },
  {
    "id": 44,
    "parent": 48,
    "children": [
      10,
      28,
      39,
      43
    ],
    "label": "wall group",
    "path": [
      "/data/S3DIS/Stanford3dDataset_v1.2_Aligned_Version/Area_4/conferenceRoom_2/Annotations/wall_2.txt",
      "/data/S3DIS/Stanford3dDataset_v1.2_Aligned_Version/Area_4/conferenceRoom_2/Annotations/wall_1.txt",
      "/data/S3DIS/Stanford3dDataset_v1.2_Aligned_Version/Area_4/conferenceRoom_2/Annotations/wall_4.txt",
      "/data/S3DIS/Stanford3dDataset_v1.2_Aligned_Version/Area_4/conferenceRoom_2/Annotations/wall_3.txt"
    ]
  },
  {
    "id": 45,
    "parent": 48,
    "children": [
      6
    ],
    "label": "ceiling group",
    "path": [
      "/data/S3DIS/Stanford3dDataset_v1.2_Aligned_Version/Area_4/conferenceRoom_2/Annotations/ceiling_1.txt"
    ]
  },
  {
    "id": 46,
    "parent": 48,
    "children": [
      30
    ],
    "label": "column group",
    "path": [
      "/data/S3DIS/Stanford3dDataset_v1.2_Aligned_Version/Area_4/conferenceRoom_2/Annotations/column_1.txt"
    ]
  },
  {
    "id": 47,
    "parent": 48,
    "children": [
      2
    ],
    "label": "floor group",
    "path": [
      "/data/S3DIS/Stanford3dDataset_v1.2_Aligned_Version/Area_4/conferenceRoom_2/Annotations/floor_1.txt"
    ]
  },
  {
    "id": 48,
    "parent": -1,
    "children": [
      44,
      45,
      46,
      47
    ],
    "label": "building area",
    "path": [
      "/data/S3DIS/Stanford3dDataset_v1.2_Aligned_Version/Area_4/conferenceRoom_2/Annotations/wall_2.txt",
      "/data/S3DIS/Stanford3dDataset_v1.2_Aligned_Version/Area_4/conferenceRoom_2/Annotations/wall_1.txt",
      "/data/S3DIS/Stanford3dDataset_v1.2_Aligned_Version/Area_4/conferenceRoom_2/Annotations/wall_4.txt",
      "/data/S3DIS/Stanford3dDataset_v1.2_Aligned_Version/Area_4/conferenceRoom_2/Annotations/wall_3.txt",
      "/data/S3DIS/Stanford3dDataset_v1.2_Aligned_Version/Area_4/conferenceRoom_2/Annotations/ceiling_1.txt",
      "/data/S3DIS/Stanford3dDataset_v1.2_Aligned_Version/Area_4/conferenceRoom_2/Annotations/column_1.txt",
      "/data/S3DIS/Stanford3dDataset_v1.2_Aligned_Version/Area_4/conferenceRoom_2/Annotations/floor_1.txt"
    ]
  },
  {
    "id": 49,
    "parent": 57,
    "children": [
      3
    ],
    "label": "door group",
    "path": [
      "/data/S3DIS/Stanford3dDataset_v1.2_Aligned_Version/Area_4/conferenceRoom_2/Annotations/door_1.txt"
    ]
  },
  {
    "id": 50,
    "parent": 53,
    "children": [
      38
    ],
    "label": "table group",
    "path": [
      "/data/S3DIS/Stanford3dDataset_v1.2_Aligned_Version/Area_4/conferenceRoom_2/Annotations/table_1.txt"
    ]
  },
  {
    "id": 51,
    "parent": 53,
    "children": [
      17
    ],
    "label": "chair group",
    "path": [
      "/data/S3DIS/Stanford3dDataset_v1.2_Aligned_Version/Area_4/conferenceRoom_2/Annotations/chair_9.txt"
    ]
  },
  {
    "id": 52,
    "parent": 53,
    "children": [
      8
    ],
    "label": "chair group",
    "path": [
      "/data/S3DIS/Stanford3dDataset_v1.2_Aligned_Version/Area_4/conferenceRoom_2/Annotations/chair_10.txt"
    ]
  },
  {
    "id": 53,
    "parent": -1,
    "children": [
      50,
      51,
      52
    ],
    "label": "table area",
    "path": [
      "/data/S3DIS/Stanford3dDataset_v1.2_Aligned_Version/Area_4/conferenceRoom_2/Annotations/table_1.txt",
      "/data/S3DIS/Stanford3dDataset_v1.2_Aligned_Version/Area_4/conferenceRoom_2/Annotations/chair_9.txt",
      "/data/S3DIS/Stanford3dDataset_v1.2_Aligned_Version/Area_4/conferenceRoom_2/Annotations/chair_10.txt"
    ]
  },
  {
    "id": 54,
    "parent": 56,
    "children": [
      5
    ],
    "label": "table group",
    "path": [
      "/data/S3DIS/Stanford3dDataset_v1.2_Aligned_Version/Area_4/conferenceRoom_2/Annotations/table_2.txt"
    ]
  },
  {
    "id": 55,
    "parent": 56,
    "children": [
      0,
      1,
      11,
      14,
      16,
      18,
      20,
      21,
      24,
      26,
      29,
      31,
      32,
      33,
      34,
      35,
      36,
      40,
      42
    ],
    "label": "chair group",
    "path": [
      "/data/S3DIS/Stanford3dDataset_v1.2_Aligned_Version/Area_4/conferenceRoom_2/Annotations/chair_8.txt",
      "/data/S3DIS/Stanford3dDataset_v1.2_Aligned_Version/Area_4/conferenceRoom_2/Annotations/chair_21.txt",
      "/data/S3DIS/Stanford3dDataset_v1.2_Aligned_Version/Area_4/conferenceRoom_2/Annotations/chair_16.txt",
      "/data/S3DIS/Stanford3dDataset_v1.2_Aligned_Version/Area_4/conferenceRoom_2/Annotations/chair_1.txt",
      "/data/S3DIS/Stanford3dDataset_v1.2_Aligned_Version/Area_4/conferenceRoom_2/Annotations/chair_20.txt",
      "/data/S3DIS/Stanford3dDataset_v1.2_Aligned_Version/Area_4/conferenceRoom_2/Annotations/chair_18.txt",
      "/data/S3DIS/Stanford3dDataset_v1.2_Aligned_Version/Area_4/conferenceRoom_2/Annotations/chair_6.txt",
      "/data/S3DIS/Stanford3dDataset_v1.2_Aligned_Version/Area_4/conferenceRoom_2/Annotations/chair_15.txt",
      "/data/S3DIS/Stanford3dDataset_v1.2_Aligned_Version/Area_4/conferenceRoom_2/Annotations/chair_5.txt",
      "/data/S3DIS/Stanford3dDataset_v1.2_Aligned_Version/Area_4/conferenceRoom_2/Annotations/chair_4.txt",
      "/data/S3DIS/Stanford3dDataset_v1.2_Aligned_Version/Area_4/conferenceRoom_2/Annotations/chair_7.txt",
      "/data/S3DIS/Stanford3dDataset_v1.2_Aligned_Version/Area_4/conferenceRoom_2/Annotations/chair_17.txt",
      "/data/S3DIS/Stanford3dDataset_v1.2_Aligned_Version/Area_4/conferenceRoom_2/Annotations/chair_12.txt",
      "/data/S3DIS/Stanford3dDataset_v1.2_Aligned_Version/Area_4/conferenceRoom_2/Annotations/chair_3.txt",
      "/data/S3DIS/Stanford3dDataset_v1.2_Aligned_Version/Area_4/conferenceRoom_2/Annotations/chair_11.txt",
      "/data/S3DIS/Stanford3dDataset_v1.2_Aligned_Version/Area_4/conferenceRoom_2/Annotations/chair_13.txt",
      "/data/S3DIS/Stanford3dDataset_v1.2_Aligned_Version/Area_4/conferenceRoom_2/Annotations/chair_14.txt",
      "/data/S3DIS/Stanford3dDataset_v1.2_Aligned_Version/Area_4/conferenceRoom_2/Annotations/chair_19.txt",
      "/data/S3DIS/Stanford3dDataset_v1.2_Aligned_Version/Area_4/conferenceRoom_2/Annotations/chair_2.txt"
    ]
  },
  {
    "id": 56,
    "parent": -1,
    "children": [
      54,
      55
    ],
    "label": "meeting area",
    "path": [
      "/data/S3DIS/Stanford3dDataset_v1.2_Aligned_Version/Area_4/conferenceRoom_2/Annotations/table_2.txt",
      "/data/S3DIS/Stanford3dDataset_v1.2_Aligned_Version/Area_4/conferenceRoom_2/Annotations/chair_8.txt",
      "/data/S3DIS/Stanford3dDataset_v1.2_Aligned_Version/Area_4/conferenceRoom_2/Annotations/chair_21.txt",
      "/data/S3DIS/Stanford3dDataset_v1.2_Aligned_Version/Area_4/conferenceRoom_2/Annotations/chair_16.txt",
      "/data/S3DIS/Stanford3dDataset_v1.2_Aligned_Version/Area_4/conferenceRoom_2/Annotations/chair_1.txt",
      "/data/S3DIS/Stanford3dDataset_v1.2_Aligned_Version/Area_4/conferenceRoom_2/Annotations/chair_20.txt",
      "/data/S3DIS/Stanford3dDataset_v1.2_Aligned_Version/Area_4/conferenceRoom_2/Annotations/chair_18.txt",
      "/data/S3DIS/Stanford3dDataset_v1.2_Aligned_Version/Area_4/conferenceRoom_2/Annotations/chair_6.txt",
      "/data/S3DIS/Stanford3dDataset_v1.2_Aligned_Version/Area_4/conferenceRoom_2/Annotations/chair_15.txt",
      "/data/S3DIS/Stanford3dDataset_v1.2_Aligned_Version/Area_4/conferenceRoom_2/Annotations/chair_5.txt",
      "/data/S3DIS/Stanford3dDataset_v1.2_Aligned_Version/Area_4/conferenceRoom_2/Annotations/chair_4.txt",
      "/data/S3DIS/Stanford3dDataset_v1.2_Aligned_Version/Area_4/conferenceRoom_2/Annotations/chair_7.txt",
      "/data/S3DIS/Stanford3dDataset_v1.2_Aligned_Version/Area_4/conferenceRoom_2/Annotations/chair_17.txt",
      "/data/S3DIS/Stanford3dDataset_v1.2_Aligned_Version/Area_4/conferenceRoom_2/Annotations/chair_12.txt",
      "/data/S3DIS/Stanford3dDataset_v1.2_Aligned_Version/Area_4/conferenceRoom_2/Annotations/chair_3.txt",
      "/data/S3DIS/Stanford3dDataset_v1.2_Aligned_Version/Area_4/conferenceRoom_2/Annotations/chair_11.txt",
      "/data/S3DIS/Stanford3dDataset_v1.2_Aligned_Version/Area_4/conferenceRoom_2/Annotations/chair_13.txt",
      "/data/S3DIS/Stanford3dDataset_v1.2_Aligned_Version/Area_4/conferenceRoom_2/Annotations/chair_14.txt",
      "/data/S3DIS/Stanford3dDataset_v1.2_Aligned_Version/Area_4/conferenceRoom_2/Annotations/chair_19.txt",
      "/data/S3DIS/Stanford3dDataset_v1.2_Aligned_Version/Area_4/conferenceRoom_2/Annotations/chair_2.txt"
    ]
  },
  {
    "id": 57,
    "parent": -1,
    "children": [
      49
    ],
    "label": "entrance area",
    "path": [
      "/data/S3DIS/Stanford3dDataset_v1.2_Aligned_Version/Area_4/conferenceRoom_2/Annotations/door_1.txt"
    ]
  },
  {
    "id": 58,
    "parent": 59,
    "children": [
      27
    ],
    "label": "bookcase group",
    "path": [
      "/data/S3DIS/Stanford3dDataset_v1.2_Aligned_Version/Area_4/conferenceRoom_2/Annotations/bookcase_1.txt"
    ]
  },
  {
    "id": 59,
    "parent": -1,
    "children": [
      58
    ],
    "label": "case area",
    "path": [
      "/data/S3DIS/Stanford3dDataset_v1.2_Aligned_Version/Area_4/conferenceRoom_2/Annotations/bookcase_1.txt"
    ]
  }
]