[{"id": 0, "parent": 21, "children": [], "label": "floor", "path": ["/data/S3DIS/Stanford3dDataset_v1.2_Aligned_Version/Area_4/hallway_4/Annotations/floor_1.txt"]}, {"id": 1, "parent": 22, "children": [], "label": "door", "path": ["/data/S3DIS/Stanford3dDataset_v1.2_Aligned_Version/Area_4/hallway_4/Annotations/door_1.txt"]}, {"id": 2, "parent": 20, "children": [], "label": "wall", "path": ["/data/S3DIS/Stanford3dDataset_v1.2_Aligned_Version/Area_4/hallway_4/Annotations/wall_6.txt"]}, {"id": 3, "parent": -1, "children": [], "label": "clutter", "path": ["/data/S3DIS/Stanford3dDataset_v1.2_Aligned_Version/Area_4/hallway_4/Annotations/clutter_5.txt"]}, {"id": 4, "parent": 24, "children": [], "label": "door", "path": ["/data/S3DIS/Stanford3dDataset_v1.2_Aligned_Version/Area_4/hallway_4/Annotations/door_3.txt"]}, {"id": 5, "parent": 25, "children": [], "label": "ceiling", "path": ["/data/S3DIS/Stanford3dDataset_v1.2_Aligned_Version/Area_4/hallway_4/Annotations/ceiling_1.txt"]}, {"id": 6, "parent": 23, "children": [], "label": "door", "path": ["/data/S3DIS/Stanford3dDataset_v1.2_Aligned_Version/Area_4/hallway_4/Annotations/door_2.txt"]}, {"id": 7, "parent": -1, "children": [], "label": "clutter", "path": ["/data/S3DIS/Stanford3dDataset_v1.2_Aligned_Version/Area_4/hallway_4/Annotations/clutter_2.txt"]}, {"id": 8, "parent": 20, "children": [], "label": "wall", "path": ["/data/S3DIS/Stanford3dDataset_v1.2_Aligned_Version/Area_4/hallway_4/Annotations/wall_2.txt"]}, {"id": 9, "parent": -1, "children": [], "label": "clutter", "path": ["/data/S3DIS/Stanford3dDataset_v1.2_Aligned_Version/Area_4/hallway_4/Annotations/clutter_1.txt"]}, {"id": 10, "parent": -1, "children": [], "label": "clutter", "path": ["/data/S3DIS/Stanford3dDataset_v1.2_Aligned_Version/Area_4/hallway_4/Annotations/clutter_7.txt"]}, {"id": 11, "parent": -1, "children": [], "label": "clutter", "path": ["/data/S3DIS/Stanford3dDataset_v1.2_Aligned_Version/Area_4/hallway_4/Annotations/clutter_8.txt"]}, {"id": 12, "parent": 20, "children": [], "label": "wall", "path": ["/data/S3DIS/Stanford3dDataset_v1.2_Aligned_Version/Area_4/hallway_4/Annotations/wall_5.txt"]}, {"id": 13, "parent": -1, "children": [], "label": "clutter", "path": ["/data/S3DIS/Stanford3dDataset_v1.2_Aligned_Version/Area_4/hallway_4/Annotations/clutter_6.txt"]}, {"id": 14, "parent": -1, "children": [], "label": "clutter", "path": ["/data/S3DIS/Stanford3dDataset_v1.2_Aligned_Version/Area_4/hallway_4/Annotations/clutter_4.txt"]}, {"id": 15, "parent": 20, "children": [], "label": "wall", "path": ["/data/S3DIS/Stanford3dDataset_v1.2_Aligned_Version/Area_4/hallway_4/Annotations/wall_1.txt"]}, {"id": 17, "parent": 20, "children": [], "label": "wall", "path": ["/data/S3DIS/Stanford3dDataset_v1.2_Aligned_Version/Area_4/hallway_4/Annotations/wall_4.txt"]}, {"id": 18, "parent": -1, "children": [], "label": "clutter", "path": ["/data/S3DIS/Stanford3dDataset_v1.2_Aligned_Version/Area_4/hallway_4/Annotations/clutter_3.txt"]}, {"id": 19, "parent": 20, "children": [], "label": "wall", "path": ["/data/S3DIS/Stanford3dDataset_v1.2_Aligned_Version/Area_4/hallway_4/Annotations/wall_3.txt"]}, {"id": 20, "parent": 26, "children": [2, 8, 12, 15, 17, 19], "label": "wall group", "path": ["/data/S3DIS/Stanford3dDataset_v1.2_Aligned_Version/Area_4/hallway_4/Annotations/wall_6.txt", "/data/S3DIS/Stanford3dDataset_v1.2_Aligned_Version/Area_4/hallway_4/Annotations/wall_2.txt", "/data/S3DIS/Stanford3dDataset_v1.2_Aligned_Version/Area_4/hallway_4/Annotations/wall_5.txt", "/data/S3DIS/Stanford3dDataset_v1.2_Aligned_Version/Area_4/hallway_4/Annotations/wall_1.txt", "/data/S3DIS/Stanford3dDataset_v1.2_Aligned_Version/Area_4/hallway_4/Annotations/wall_4.txt", "/data/S3DIS/Stanford3dDataset_v1.2_Aligned_Version/Area_4/hallway_4/Annotations/wall_3.txt"]}, {"id": 21, "parent": 26, "children": [0], "label": "floor group", "path": ["/data/S3DIS/Stanford3dDataset_v1.2_Aligned_Version/Area_4/hallway_4/Annotations/floor_1.txt"]}, {"id": 22, "parent": 27, "children": [1], "label": "door group", "path": ["/data/S3DIS/Stanford3dDataset_v1.2_Aligned_Version/Area_4/hallway_4/Annotations/door_1.txt"]}, {"id": 23, "parent": 28, "children": [6], "label": "door group", "path": ["/data/S3DIS/Stanford3dDataset_v1.2_Aligned_Version/Area_4/hallway_4/Annotations/door_2.txt"]}, {"id": 24, "parent": 29, "children": [4], "label": "door group", "path": ["/data/S3DIS/Stanford3dDataset_v1.2_Aligned_Version/Area_4/hallway_4/Annotations/door_3.txt"]}, {"id": 25, "parent": 26, "children": [5], "label": "ceiling group", "path": ["/data/S3DIS/Stanford3dDataset_v1.2_Aligned_Version/Area_4/hallway_4/Annotations/ceiling_1.txt"]}, {"id": 26, "parent": -1, "children": [20, 21, 25], "label": "building area", "path": ["/data/S3DIS/Stanford3dDataset_v1.2_Aligned_Version/Area_4/hallway_4/Annotations/wall_6.txt", "/data/S3DIS/Stanford3dDataset_v1.2_Aligned_Version/Area_4/hallway_4/Annotations/wall_2.txt", "/data/S3DIS/Stanford3dDataset_v1.2_Aligned_Version/Area_4/hallway_4/Annotations/wall_5.txt", "/data/S3DIS/Stanford3dDataset_v1.2_Aligned_Version/Area_4/hallway_4/Annotations/wall_1.txt", "/data/S3DIS/Stanford3dDataset_v1.2_Aligned_Version/Area_4/hallway_4/Annotations/wall_4.txt", "/data/S3DIS/Stanford3dDataset_v1.2_Aligned_Version/Area_4/hallway_4/Annotations/wall_3.txt", "/data/S3DIS/Stanford3dDataset_v1.2_Aligned_Version/Area_4/hallway_4/Annotations/floor_1.txt", "/data/S3DIS/Stanford3dDataset_v1.2_Aligned_Version/Area_4/hallway_4/Annotations/ceiling_1.txt"]}, {"id": 27, "parent": -1, "children": [22], "label": "entrance area", "path": ["/data/S3DIS/Stanford3dDataset_v1.2_Aligned_Version/Area_4/hallway_4/Annotations/door_1.txt"]}, {"id": 28, "parent": -1, "children": [23], "label": "entrance area", "path": ["/data/S3DIS/Stanford3dDataset_v1.2_Aligned_Version/Area_4/hallway_4/Annotations/door_2.txt"]}, {"id": 29, "parent": -1, "children": [24], "label": "entrance area", "path": ["/data/S3DIS/Stanford3dDataset_v1.2_Aligned_Version/Area_4/hallway_4/Annotations/door_3.txt"]}]