[{"id": 0, "parent": 39, "children": [], "label": "ceiling", "path": ["/data/S3DIS/Stanford3dDataset_v1.2_Aligned_Version/Area_4/hallway_1/Annotations/ceiling_2.txt"]}, {"id": 1, "parent": 41, "children": [], "label": "floor", "path": ["/data/S3DIS/Stanford3dDataset_v1.2_Aligned_Version/Area_4/hallway_1/Annotations/floor_1.txt"]}, {"id": 2, "parent": 42, "children": [], "label": "door", "path": ["/data/S3DIS/Stanford3dDataset_v1.2_Aligned_Version/Area_4/hallway_1/Annotations/door_1.txt"]}, {"id": 3, "parent": 38, "children": [], "label": "wall", "path": ["/data/S3DIS/Stanford3dDataset_v1.2_Aligned_Version/Area_4/hallway_1/Annotations/wall_6.txt"]}, {"id": 4, "parent": -1, "children": [], "label": "clutter", "path": ["/data/S3DIS/Stanford3dDataset_v1.2_Aligned_Version/Area_4/hallway_1/Annotations/clutter_5.txt"]}, {"id": 5, "parent": 43, "children": [], "label": "door", "path": ["/data/S3DIS/Stanford3dDataset_v1.2_Aligned_Version/Area_4/hallway_1/Annotations/door_3.txt"]}, {"id": 6, "parent": 38, "children": [], "label": "wall", "path": ["/data/S3DIS/Stanford3dDataset_v1.2_Aligned_Version/Area_4/hallway_1/Annotations/wall_16.txt"]}, {"id": 7, "parent": 44, "children": [], "label": "door", "path": ["/data/S3DIS/Stanford3dDataset_v1.2_Aligned_Version/Area_4/hallway_1/Annotations/door_5.txt"]}, {"id": 8, "parent": 43, "children": [], "label": "door", "path": ["/data/S3DIS/Stanford3dDataset_v1.2_Aligned_Version/Area_4/hallway_1/Annotations/door_9.txt"]}, {"id": 9, "parent": 40, "children": [], "label": "ceiling", "path": ["/data/S3DIS/Stanford3dDataset_v1.2_Aligned_Version/Area_4/hallway_1/Annotations/ceiling_1.txt"]}, {"id": 10, "parent": 45, "children": [], "label": "door", "path": ["/data/S3DIS/Stanford3dDataset_v1.2_Aligned_Version/Area_4/hallway_1/Annotations/door_2.txt"]}, {"id": 11, "parent": 38, "children": [], "label": "wall", "path": ["/data/S3DIS/Stanford3dDataset_v1.2_Aligned_Version/Area_4/hallway_1/Annotations/wall_10.txt"]}, {"id": 12, "parent": -1, "children": [], "label": "clutter", "path": ["/data/S3DIS/Stanford3dDataset_v1.2_Aligned_Version/Area_4/hallway_1/Annotations/clutter_2.txt"]}, {"id": 13, "parent": 38, "children": [], "label": "wall", "path": ["/data/S3DIS/Stanford3dDataset_v1.2_Aligned_Version/Area_4/hallway_1/Annotations/wall_2.txt"]}, {"id": 14, "parent": 42, "children": [], "label": "door", "path": ["/data/S3DIS/Stanford3dDataset_v1.2_Aligned_Version/Area_4/hallway_1/Annotations/door_7.txt"]}, {"id": 15, "parent": 38, "children": [], "label": "wall", "path": ["/data/S3DIS/Stanford3dDataset_v1.2_Aligned_Version/Area_4/hallway_1/Annotations/wall_13.txt"]}, {"id": 16, "parent": -1, "children": [], "label": "clutter", "path": ["/data/S3DIS/Stanford3dDataset_v1.2_Aligned_Version/Area_4/hallway_1/Annotations/clutter_1.txt"]}, {"id": 17, "parent": 38, "children": [], "label": "wall", "path": ["/data/S3DIS/Stanford3dDataset_v1.2_Aligned_Version/Area_4/hallway_1/Annotations/wall_12.txt"]}, {"id": 18, "parent": 38, "children": [], "label": "wall", "path": ["/data/S3DIS/Stanford3dDataset_v1.2_Aligned_Version/Area_4/hallway_1/Annotations/wall_11.txt"]}, {"id": 19, "parent": -1, "children": [], "label": "clutter", "path": ["/data/S3DIS/Stanford3dDataset_v1.2_Aligned_Version/Area_4/hallway_1/Annotations/clutter_7.txt"]}, {"id": 20, "parent": 47, "children": [], "label": "chair", "path": ["/data/S3DIS/Stanford3dDataset_v1.2_Aligned_Version/Area_4/hallway_1/Annotations/chair_1.txt"]}, {"id": 21, "parent": -1, "children": [], "label": "clutter", "path": ["/data/S3DIS/Stanford3dDataset_v1.2_Aligned_Version/Area_4/hallway_1/Annotations/clutter_8.txt"]}, {"id": 22, "parent": 38, "children": [], "label": "wall", "path": ["/data/S3DIS/Stanford3dDataset_v1.2_Aligned_Version/Area_4/hallway_1/Annotations/wall_7.txt"]}, {"id": 23, "parent": 42, "children": [], "label": "door", "path": ["/data/S3DIS/Stanford3dDataset_v1.2_Aligned_Version/Area_4/hallway_1/Annotations/door_6.txt"]}, {"id": 24, "parent": 38, "children": [], "label": "wall", "path": ["/data/S3DIS/Stanford3dDataset_v1.2_Aligned_Version/Area_4/hallway_1/Annotations/wall_5.txt"]}, {"id": 25, "parent": -1, "children": [], "label": "clutter", "path": ["/data/S3DIS/Stanford3dDataset_v1.2_Aligned_Version/Area_4/hallway_1/Annotations/clutter_6.txt"]}, {"id": 26, "parent": 38, "children": [], "label": "wall", "path": ["/data/S3DIS/Stanford3dDataset_v1.2_Aligned_Version/Area_4/hallway_1/Annotations/wall_15.txt"]}, {"id": 27, "parent": -1, "children": [], "label": "clutter", "path": ["/data/S3DIS/Stanford3dDataset_v1.2_Aligned_Version/Area_4/hallway_1/Annotations/clutter_4.txt"]}, {"id": 28, "parent": 38, "children": [], "label": "wall", "path": ["/data/S3DIS/Stanford3dDataset_v1.2_Aligned_Version/Area_4/hallway_1/Annotations/wall_9.txt"]}, {"id": 29, "parent": 38, "children": [], "label": "wall", "path": ["/data/S3DIS/Stanford3dDataset_v1.2_Aligned_Version/Area_4/hallway_1/Annotations/wall_1.txt"]}, {"id": 30, "parent": 38, "children": [], "label": "wall", "path": ["/data/S3DIS/Stanford3dDataset_v1.2_Aligned_Version/Area_4/hallway_1/Annotations/wall_14.txt"]}, {"id": 31, "parent": 42, "children": [], "label": "door", "path": ["/data/S3DIS/Stanford3dDataset_v1.2_Aligned_Version/Area_4/hallway_1/Annotations/door_8.txt"]}, {"id": 32, "parent": 46, "children": [], "label": "door", "path": ["/data/S3DIS/Stanford3dDataset_v1.2_Aligned_Version/Area_4/hallway_1/Annotations/door_4.txt"]}, {"id": 33, "parent": 38, "children": [], "label": "wall", "path": ["/data/S3DIS/Stanford3dDataset_v1.2_Aligned_Version/Area_4/hallway_1/Annotations/wall_4.txt"]}, {"id": 34, "parent": 38, "children": [], "label": "wall", "path": ["/data/S3DIS/Stanford3dDataset_v1.2_Aligned_Version/Area_4/hallway_1/Annotations/wall_8.txt"]}, {"id": 35, "parent": -1, "children": [], "label": "clutter", "path": ["/data/S3DIS/Stanford3dDataset_v1.2_Aligned_Version/Area_4/hallway_1/Annotations/clutter_3.txt"]}, {"id": 36, "parent": 47, "children": [], "label": "chair", "path": ["/data/S3DIS/Stanford3dDataset_v1.2_Aligned_Version/Area_4/hallway_1/Annotations/chair_2.txt"]}, {"id": 37, "parent": 38, "children": [], "label": "wall", "path": ["/data/S3DIS/Stanford3dDataset_v1.2_Aligned_Version/Area_4/hallway_1/Annotations/wall_3.txt"]}, {"id": 38, "parent": 48, "children": [3, 6, 11, 13, 15, 17, 18, 22, 24, 26, 28, 29, 30, 33, 34, 37], "label": "wall group", "path": ["/data/S3DIS/Stanford3dDataset_v1.2_Aligned_Version/Area_4/hallway_1/Annotations/wall_6.txt", "/data/S3DIS/Stanford3dDataset_v1.2_Aligned_Version/Area_4/hallway_1/Annotations/wall_16.txt", "/data/S3DIS/Stanford3dDataset_v1.2_Aligned_Version/Area_4/hallway_1/Annotations/wall_10.txt", "/data/S3DIS/Stanford3dDataset_v1.2_Aligned_Version/Area_4/hallway_1/Annotations/wall_2.txt", "/data/S3DIS/Stanford3dDataset_v1.2_Aligned_Version/Area_4/hallway_1/Annotations/wall_13.txt", "/data/S3DIS/Stanford3dDataset_v1.2_Aligned_Version/Area_4/hallway_1/Annotations/wall_12.txt", "/data/S3DIS/Stanford3dDataset_v1.2_Aligned_Version/Area_4/hallway_1/Annotations/wall_11.txt", "/data/S3DIS/Stanford3dDataset_v1.2_Aligned_Version/Area_4/hallway_1/Annotations/wall_7.txt", "/data/S3DIS/Stanford3dDataset_v1.2_Aligned_Version/Area_4/hallway_1/Annotations/wall_5.txt", "/data/S3DIS/Stanford3dDataset_v1.2_Aligned_Version/Area_4/hallway_1/Annotations/wall_15.txt", "/data/S3DIS/Stanford3dDataset_v1.2_Aligned_Version/Area_4/hallway_1/Annotations/wall_9.txt", "/data/S3DIS/Stanford3dDataset_v1.2_Aligned_Version/Area_4/hallway_1/Annotations/wall_1.txt", "/data/S3DIS/Stanford3dDataset_v1.2_Aligned_Version/Area_4/hallway_1/Annotations/wall_14.txt", "/data/S3DIS/Stanford3dDataset_v1.2_Aligned_Version/Area_4/hallway_1/Annotations/wall_4.txt", "/data/S3DIS/Stanford3dDataset_v1.2_Aligned_Version/Area_4/hallway_1/Annotations/wall_8.txt", "/data/S3DIS/Stanford3dDataset_v1.2_Aligned_Version/Area_4/hallway_1/Annotations/wall_3.txt"]}, {"id": 39, "parent": 48, "children": [0], "label": "ceiling group", "path": ["/data/S3DIS/Stanford3dDataset_v1.2_Aligned_Version/Area_4/hallway_1/Annotations/ceiling_2.txt"]}, {"id": 40, "parent": 48, "children": [9], "label": "ceiling group", "path": ["/data/S3DIS/Stanford3dDataset_v1.2_Aligned_Version/Area_4/hallway_1/Annotations/ceiling_1.txt"]}, {"id": 41, "parent": 48, "children": [1], "label": "floor group", "path": ["/data/S3DIS/Stanford3dDataset_v1.2_Aligned_Version/Area_4/hallway_1/Annotations/floor_1.txt"]}, {"id": 42, "parent": 50, "children": [2, 14, 23, 31], "label": "door group", "path": ["/data/S3DIS/Stanford3dDataset_v1.2_Aligned_Version/Area_4/hallway_1/Annotations/door_1.txt", "/data/S3DIS/Stanford3dDataset_v1.2_Aligned_Version/Area_4/hallway_1/Annotations/door_7.txt", "/data/S3DIS/Stanford3dDataset_v1.2_Aligned_Version/Area_4/hallway_1/Annotations/door_6.txt", "/data/S3DIS/Stanford3dDataset_v1.2_Aligned_Version/Area_4/hallway_1/Annotations/door_8.txt"]}, {"id": 43, "parent": 51, "children": [5, 8], "label": "door group", "path": ["/data/S3DIS/Stanford3dDataset_v1.2_Aligned_Version/Area_4/hallway_1/Annotations/door_3.txt", "/data/S3DIS/Stanford3dDataset_v1.2_Aligned_Version/Area_4/hallway_1/Annotations/door_9.txt"]}, {"id": 44, "parent": 52, "children": [7], "label": "door group", "path": ["/data/S3DIS/Stanford3dDataset_v1.2_Aligned_Version/Area_4/hallway_1/Annotations/door_5.txt"]}, {"id": 45, "parent": 53, "children": [10], "label": "door group", "path": ["/data/S3DIS/Stanford3dDataset_v1.2_Aligned_Version/Area_4/hallway_1/Annotations/door_2.txt"]}, {"id": 46, "parent": 54, "children": [32], "label": "door group", "path": ["/data/S3DIS/Stanford3dDataset_v1.2_Aligned_Version/Area_4/hallway_1/Annotations/door_4.txt"]}, {"id": 47, "parent": 49, "children": [20, 36], "label": "chair group", "path": ["/data/S3DIS/Stanford3dDataset_v1.2_Aligned_Version/Area_4/hallway_1/Annotations/chair_1.txt", "/data/S3DIS/Stanford3dDataset_v1.2_Aligned_Version/Area_4/hallway_1/Annotations/chair_2.txt"]}, {"id": 48, "parent": -1, "children": [38, 39, 40, 41], "label": "building area", "path": ["/data/S3DIS/Stanford3dDataset_v1.2_Aligned_Version/Area_4/hallway_1/Annotations/wall_6.txt", "/data/S3DIS/Stanford3dDataset_v1.2_Aligned_Version/Area_4/hallway_1/Annotations/wall_16.txt", "/data/S3DIS/Stanford3dDataset_v1.2_Aligned_Version/Area_4/hallway_1/Annotations/wall_10.txt", "/data/S3DIS/Stanford3dDataset_v1.2_Aligned_Version/Area_4/hallway_1/Annotations/wall_2.txt", "/data/S3DIS/Stanford3dDataset_v1.2_Aligned_Version/Area_4/hallway_1/Annotations/wall_13.txt", "/data/S3DIS/Stanford3dDataset_v1.2_Aligned_Version/Area_4/hallway_1/Annotations/wall_12.txt", "/data/S3DIS/Stanford3dDataset_v1.2_Aligned_Version/Area_4/hallway_1/Annotations/wall_11.txt", "/data/S3DIS/Stanford3dDataset_v1.2_Aligned_Version/Area_4/hallway_1/Annotations/wall_7.txt", "/data/S3DIS/Stanford3dDataset_v1.2_Aligned_Version/Area_4/hallway_1/Annotations/wall_5.txt", "/data/S3DIS/Stanford3dDataset_v1.2_Aligned_Version/Area_4/hallway_1/Annotations/wall_15.txt", "/data/S3DIS/Stanford3dDataset_v1.2_Aligned_Version/Area_4/hallway_1/Annotations/wall_9.txt", "/data/S3DIS/Stanford3dDataset_v1.2_Aligned_Version/Area_4/hallway_1/Annotations/wall_1.txt", "/data/S3DIS/Stanford3dDataset_v1.2_Aligned_Version/Area_4/hallway_1/Annotations/wall_14.txt", "/data/S3DIS/Stanford3dDataset_v1.2_Aligned_Version/Area_4/hallway_1/Annotations/wall_4.txt", "/data/S3DIS/Stanford3dDataset_v1.2_Aligned_Version/Area_4/hallway_1/Annotations/wall_8.txt", "/data/S3DIS/Stanford3dDataset_v1.2_Aligned_Version/Area_4/hallway_1/Annotations/wall_3.txt", "/data/S3DIS/Stanford3dDataset_v1.2_Aligned_Version/Area_4/hallway_1/Annotations/ceiling_2.txt", "/data/S3DIS/Stanford3dDataset_v1.2_Aligned_Version/Area_4/hallway_1/Annotations/ceiling_1.txt", "/data/S3DIS/Stanford3dDataset_v1.2_Aligned_Version/Area_4/hallway_1/Annotations/floor_1.txt"]}, {"id": 49, "parent": -1, "children": [47], "label": "rest area", "path": ["/data/S3DIS/Stanford3dDataset_v1.2_Aligned_Version/Area_4/hallway_1/Annotations/chair_1.txt", "/data/S3DIS/Stanford3dDataset_v1.2_Aligned_Version/Area_4/hallway_1/Annotations/chair_2.txt"]}, {"id": 50, "parent": -1, "children": [42], "label": "entrance area", "path": ["/data/S3DIS/Stanford3dDataset_v1.2_Aligned_Version/Area_4/hallway_1/Annotations/door_1.txt", "/data/S3DIS/Stanford3dDataset_v1.2_Aligned_Version/Area_4/hallway_1/Annotations/door_7.txt", "/data/S3DIS/Stanford3dDataset_v1.2_Aligned_Version/Area_4/hallway_1/Annotations/door_6.txt", "/data/S3DIS/Stanford3dDataset_v1.2_Aligned_Version/Area_4/hallway_1/Annotations/door_8.txt"]}, {"id": 51, "parent": -1, "children": [43], "label": "entrance area", "path": ["/data/S3DIS/Stanford3dDataset_v1.2_Aligned_Version/Area_4/hallway_1/Annotations/door_3.txt", "/data/S3DIS/Stanford3dDataset_v1.2_Aligned_Version/Area_4/hallway_1/Annotations/door_9.txt"]}, {"id": 52, "parent": -1, "children": [44], "label": "entrance area", "path": ["/data/S3DIS/Stanford3dDataset_v1.2_Aligned_Version/Area_4/hallway_1/Annotations/door_5.txt"]}, {"id": 53, "parent": -1, "children": [45], "label": "entrance area", "path": ["/data/S3DIS/Stanford3dDataset_v1.2_Aligned_Version/Area_4/hallway_1/Annotations/door_2.txt"]}, {"id": 54, "parent": -1, "children": [46], "label": "entrance area", "path": ["/data/S3DIS/Stanford3dDataset_v1.2_Aligned_Version/Area_4/hallway_1/Annotations/door_4.txt"]}]