[{"id": 0, "parent": 65, "children": [], "label": "floor", "path": ["/data/S3DIS/Stanford3dDataset_v1.2_Aligned_Version/Area_4/hallway_3/Annotations/floor_1.txt"]}, {"id": 1, "parent": 68, "children": [], "label": "door", "path": ["/data/S3DIS/Stanford3dDataset_v1.2_Aligned_Version/Area_4/hallway_3/Annotations/door_12.txt"]}, {"id": 2, "parent": -1, "children": [], "label": "clutter", "path": ["/data/S3DIS/Stanford3dDataset_v1.2_Aligned_Version/Area_4/hallway_3/Annotations/clutter_13.txt"]}, {"id": 3, "parent": 67, "children": [], "label": "door", "path": ["/data/S3DIS/Stanford3dDataset_v1.2_Aligned_Version/Area_4/hallway_3/Annotations/door_1.txt"]}, {"id": 4, "parent": 64, "children": [], "label": "wall", "path": ["/data/S3DIS/Stanford3dDataset_v1.2_Aligned_Version/Area_4/hallway_3/Annotations/wall_6.txt"]}, {"id": 5, "parent": -1, "children": [], "label": "clutter", "path": ["/data/S3DIS/Stanford3dDataset_v1.2_Aligned_Version/Area_4/hallway_3/Annotations/clutter_25.txt"]}, {"id": 6, "parent": -1, "children": [], "label": "clutter", "path": ["/data/S3DIS/Stanford3dDataset_v1.2_Aligned_Version/Area_4/hallway_3/Annotations/clutter_5.txt"]}, {"id": 7, "parent": 67, "children": [], "label": "door", "path": ["/data/S3DIS/Stanford3dDataset_v1.2_Aligned_Version/Area_4/hallway_3/Annotations/door_3.txt"]}, {"id": 8, "parent": -1, "children": [], "label": "clutter", "path": ["/data/S3DIS/Stanford3dDataset_v1.2_Aligned_Version/Area_4/hallway_3/Annotations/clutter_16.txt"]}, {"id": 9, "parent": 69, "children": [], "label": "door", "path": ["/data/S3DIS/Stanford3dDataset_v1.2_Aligned_Version/Area_4/hallway_3/Annotations/door_5.txt"]}, {"id": 10, "parent": 71, "children": [], "label": "door", "path": ["/data/S3DIS/Stanford3dDataset_v1.2_Aligned_Version/Area_4/hallway_3/Annotations/door_9.txt"]}, {"id": 11, "parent": -1, "children": [], "label": "clutter", "path": ["/data/S3DIS/Stanford3dDataset_v1.2_Aligned_Version/Area_4/hallway_3/Annotations/clutter_27.txt"]}, {"id": 12, "parent": 66, "children": [], "label": "ceiling", "path": ["/data/S3DIS/Stanford3dDataset_v1.2_Aligned_Version/Area_4/hallway_3/Annotations/ceiling_1.txt"]}, {"id": 13, "parent": -1, "children": [], "label": "clutter", "path": ["/data/S3DIS/Stanford3dDataset_v1.2_Aligned_Version/Area_4/hallway_3/Annotations/clutter_26.txt"]}, {"id": 14, "parent": 67, "children": [], "label": "door", "path": ["/data/S3DIS/Stanford3dDataset_v1.2_Aligned_Version/Area_4/hallway_3/Annotations/door_2.txt"]}, {"id": 15, "parent": 64, "children": [], "label": "wall", "path": ["/data/S3DIS/Stanford3dDataset_v1.2_Aligned_Version/Area_4/hallway_3/Annotations/wall_10.txt"]}, {"id": 16, "parent": -1, "children": [], "label": "clutter", "path": ["/data/S3DIS/Stanford3dDataset_v1.2_Aligned_Version/Area_4/hallway_3/Annotations/clutter_9.txt"]}, {"id": 17, "parent": -1, "children": [], "label": "clutter", "path": ["/data/S3DIS/Stanford3dDataset_v1.2_Aligned_Version/Area_4/hallway_3/Annotations/clutter_2.txt"]}, {"id": 18, "parent": 64, "children": [], "label": "wall", "path": ["/data/S3DIS/Stanford3dDataset_v1.2_Aligned_Version/Area_4/hallway_3/Annotations/wall_2.txt"]}, {"id": 19, "parent": 69, "children": [], "label": "door", "path": ["/data/S3DIS/Stanford3dDataset_v1.2_Aligned_Version/Area_4/hallway_3/Annotations/door_7.txt"]}, {"id": 20, "parent": -1, "children": [], "label": "clutter", "path": ["/data/S3DIS/Stanford3dDataset_v1.2_Aligned_Version/Area_4/hallway_3/Annotations/clutter_20.txt"]}, {"id": 21, "parent": -1, "children": [], "label": "clutter", "path": ["/data/S3DIS/Stanford3dDataset_v1.2_Aligned_Version/Area_4/hallway_3/Annotations/clutter_1.txt"]}, {"id": 22, "parent": -1, "children": [], "label": "clutter", "path": ["/data/S3DIS/Stanford3dDataset_v1.2_Aligned_Version/Area_4/hallway_3/Annotations/clutter_12.txt"]}, {"id": 23, "parent": 68, "children": [], "label": "door", "path": ["/data/S3DIS/Stanford3dDataset_v1.2_Aligned_Version/Area_4/hallway_3/Annotations/door_13.txt"]}, {"id": 24, "parent": -1, "children": [], "label": "clutter", "path": ["/data/S3DIS/Stanford3dDataset_v1.2_Aligned_Version/Area_4/hallway_3/Annotations/clutter_7.txt"]}, {"id": 25, "parent": 78, "children": [], "label": "chair", "path": ["/data/S3DIS/Stanford3dDataset_v1.2_Aligned_Version/Area_4/hallway_3/Annotations/chair_1.txt"]}, {"id": 26, "parent": -1, "children": [], "label": "clutter", "path": ["/data/S3DIS/Stanford3dDataset_v1.2_Aligned_Version/Area_4/hallway_3/Annotations/clutter_8.txt"]}, {"id": 27, "parent": 64, "children": [], "label": "wall", "path": ["/data/S3DIS/Stanford3dDataset_v1.2_Aligned_Version/Area_4/hallway_3/Annotations/wall_7.txt"]}, {"id": 28, "parent": 72, "children": [], "label": "door", "path": ["/data/S3DIS/Stanford3dDataset_v1.2_Aligned_Version/Area_4/hallway_3/Annotations/door_6.txt"]}, {"id": 29, "parent": -1, "children": [], "label": "clutter", "path": ["/data/S3DIS/Stanford3dDataset_v1.2_Aligned_Version/Area_4/hallway_3/Annotations/clutter_30.txt"]}, {"id": 30, "parent": 64, "children": [], "label": "wall", "path": ["/data/S3DIS/Stanford3dDataset_v1.2_Aligned_Version/Area_4/hallway_3/Annotations/wall_5.txt"]}, {"id": 31, "parent": -1, "children": [], "label": "clutter", "path": ["/data/S3DIS/Stanford3dDataset_v1.2_Aligned_Version/Area_4/hallway_3/Annotations/clutter_6.txt"]}, {"id": 32, "parent": -1, "children": [], "label": "clutter", "path": ["/data/S3DIS/Stanford3dDataset_v1.2_Aligned_Version/Area_4/hallway_3/Annotations/clutter_19.txt"]}, {"id": 33, "parent": -1, "children": [], "label": "clutter", "path": ["/data/S3DIS/Stanford3dDataset_v1.2_Aligned_Version/Area_4/hallway_3/Annotations/clutter_10.txt"]}, {"id": 34, "parent": -1, "children": [], "label": "clutter", "path": ["/data/S3DIS/Stanford3dDataset_v1.2_Aligned_Version/Area_4/hallway_3/Annotations/clutter_18.txt"]}, {"id": 35, "parent": 75, "children": [], "label": "window", "path": ["/data/S3DIS/Stanford3dDataset_v1.2_Aligned_Version/Area_4/hallway_3/Annotations/window_2.txt"]}, {"id": 36, "parent": -1, "children": [], "label": "clutter", "path": ["/data/S3DIS/Stanford3dDataset_v1.2_Aligned_Version/Area_4/hallway_3/Annotations/clutter_4.txt"]}, {"id": 37, "parent": -1, "children": [], "label": "clutter", "path": ["/data/S3DIS/Stanford3dDataset_v1.2_Aligned_Version/Area_4/hallway_3/Annotations/clutter_11.txt"]}, {"id": 38, "parent": -1, "children": [], "label": "clutter", "path": ["/data/S3DIS/Stanford3dDataset_v1.2_Aligned_Version/Area_4/hallway_3/Annotations/clutter_32.txt"]}, {"id": 39, "parent": 64, "children": [], "label": "wall", "path": ["/data/S3DIS/Stanford3dDataset_v1.2_Aligned_Version/Area_4/hallway_3/Annotations/wall_9.txt"]}, {"id": 40, "parent": -1, "children": [], "label": "clutter", "path": ["/data/S3DIS/Stanford3dDataset_v1.2_Aligned_Version/Area_4/hallway_3/Annotations/clutter_31.txt"]}, {"id": 41, "parent": 77, "children": [], "label": "window", "path": ["/data/S3DIS/Stanford3dDataset_v1.2_Aligned_Version/Area_4/hallway_3/Annotations/window_3.txt"]}, {"id": 42, "parent": -1, "children": [], "label": "clutter", "path": ["/data/S3DIS/Stanford3dDataset_v1.2_Aligned_Version/Area_4/hallway_3/Annotations/clutter_29.txt"]}, {"id": 43, "parent": 76, "children": [], "label": "window", "path": ["/data/S3DIS/Stanford3dDataset_v1.2_Aligned_Version/Area_4/hallway_3/Annotations/window_1.txt"]}, {"id": 44, "parent": 79, "children": [], "label": "bookcase", "path": ["/data/S3DIS/Stanford3dDataset_v1.2_Aligned_Version/Area_4/hallway_3/Annotations/bookcase_1.txt"]}, {"id": 45, "parent": -1, "children": [], "label": "clutter", "path": ["/data/S3DIS/Stanford3dDataset_v1.2_Aligned_Version/Area_4/hallway_3/Annotations/clutter_21.txt"]}, {"id": 46, "parent": 64, "children": [], "label": "wall", "path": ["/data/S3DIS/Stanford3dDataset_v1.2_Aligned_Version/Area_4/hallway_3/Annotations/wall_1.txt"]}, {"id": 47, "parent": 73, "children": [], "label": "door", "path": ["/data/S3DIS/Stanford3dDataset_v1.2_Aligned_Version/Area_4/hallway_3/Annotations/door_8.txt"]}, {"id": 48, "parent": -1, "children": [], "label": "clutter", "path": ["/data/S3DIS/Stanford3dDataset_v1.2_Aligned_Version/Area_4/hallway_3/Annotations/clutter_28.txt"]}, {"id": 49, "parent": -1, "children": [], "label": "clutter", "path": ["/data/S3DIS/Stanford3dDataset_v1.2_Aligned_Version/Area_4/hallway_3/Annotations/clutter_23.txt"]}, {"id": 50, "parent": -1, "children": [], "label": "clutter", "path": ["/data/S3DIS/Stanford3dDataset_v1.2_Aligned_Version/Area_4/hallway_3/Annotations/clutter_14.txt"]}, {"id": 51, "parent": -1, "children": [], "label": "clutter", "path": ["/data/S3DIS/Stanford3dDataset_v1.2_Aligned_Version/Area_4/hallway_3/Annotations/clutter_22.txt"]}, {"id": 52, "parent": 74, "children": [], "label": "door", "path": ["/data/S3DIS/Stanford3dDataset_v1.2_Aligned_Version/Area_4/hallway_3/Annotations/door_4.txt"]}, {"id": 54, "parent": 64, "children": [], "label": "wall", "path": ["/data/S3DIS/Stanford3dDataset_v1.2_Aligned_Version/Area_4/hallway_3/Annotations/wall_4.txt"]}, {"id": 55, "parent": -1, "children": [], "label": "clutter", "path": ["/data/S3DIS/Stanford3dDataset_v1.2_Aligned_Version/Area_4/hallway_3/Annotations/clutter_15.txt"]}, {"id": 56, "parent": 70, "children": [], "label": "door", "path": ["/data/S3DIS/Stanford3dDataset_v1.2_Aligned_Version/Area_4/hallway_3/Annotations/door_10.txt"]}, {"id": 57, "parent": 64, "children": [], "label": "wall", "path": ["/data/S3DIS/Stanford3dDataset_v1.2_Aligned_Version/Area_4/hallway_3/Annotations/wall_8.txt"]}, {"id": 58, "parent": -1, "children": [], "label": "clutter", "path": ["/data/S3DIS/Stanford3dDataset_v1.2_Aligned_Version/Area_4/hallway_3/Annotations/clutter_3.txt"]}, {"id": 59, "parent": -1, "children": [], "label": "clutter", "path": ["/data/S3DIS/Stanford3dDataset_v1.2_Aligned_Version/Area_4/hallway_3/Annotations/clutter_24.txt"]}, {"id": 60, "parent": -1, "children": [], "label": "clutter", "path": ["/data/S3DIS/Stanford3dDataset_v1.2_Aligned_Version/Area_4/hallway_3/Annotations/clutter_17.txt"]}, {"id": 61, "parent": 80, "children": [], "label": "chair", "path": ["/data/S3DIS/Stanford3dDataset_v1.2_Aligned_Version/Area_4/hallway_3/Annotations/chair_2.txt"]}, {"id": 62, "parent": 70, "children": [], "label": "door", "path": ["/data/S3DIS/Stanford3dDataset_v1.2_Aligned_Version/Area_4/hallway_3/Annotations/door_11.txt"]}, {"id": 63, "parent": 64, "children": [], "label": "wall", "path": ["/data/S3DIS/Stanford3dDataset_v1.2_Aligned_Version/Area_4/hallway_3/Annotations/wall_3.txt"]}, {"id": 64, "parent": 81, "children": [4, 15, 18, 27, 30, 39, 46, 54, 57, 63], "label": "wall group", "path": ["/data/S3DIS/Stanford3dDataset_v1.2_Aligned_Version/Area_4/hallway_3/Annotations/wall_6.txt", "/data/S3DIS/Stanford3dDataset_v1.2_Aligned_Version/Area_4/hallway_3/Annotations/wall_10.txt", "/data/S3DIS/Stanford3dDataset_v1.2_Aligned_Version/Area_4/hallway_3/Annotations/wall_2.txt", "/data/S3DIS/Stanford3dDataset_v1.2_Aligned_Version/Area_4/hallway_3/Annotations/wall_7.txt", "/data/S3DIS/Stanford3dDataset_v1.2_Aligned_Version/Area_4/hallway_3/Annotations/wall_5.txt", "/data/S3DIS/Stanford3dDataset_v1.2_Aligned_Version/Area_4/hallway_3/Annotations/wall_9.txt", "/data/S3DIS/Stanford3dDataset_v1.2_Aligned_Version/Area_4/hallway_3/Annotations/wall_1.txt", "/data/S3DIS/Stanford3dDataset_v1.2_Aligned_Version/Area_4/hallway_3/Annotations/wall_4.txt", "/data/S3DIS/Stanford3dDataset_v1.2_Aligned_Version/Area_4/hallway_3/Annotations/wall_8.txt", "/data/S3DIS/Stanford3dDataset_v1.2_Aligned_Version/Area_4/hallway_3/Annotations/wall_3.txt"]}, {"id": 65, "parent": 81, "children": [0], "label": "floor group", "path": ["/data/S3DIS/Stanford3dDataset_v1.2_Aligned_Version/Area_4/hallway_3/Annotations/floor_1.txt"]}, {"id": 66, "parent": 81, "children": [12], "label": "ceiling group", "path": ["/data/S3DIS/Stanford3dDataset_v1.2_Aligned_Version/Area_4/hallway_3/Annotations/ceiling_1.txt"]}, {"id": 67, "parent": 85, "children": [3, 7, 14], "label": "door group", "path": ["/data/S3DIS/Stanford3dDataset_v1.2_Aligned_Version/Area_4/hallway_3/Annotations/door_1.txt", "/data/S3DIS/Stanford3dDataset_v1.2_Aligned_Version/Area_4/hallway_3/Annotations/door_3.txt", "/data/S3DIS/Stanford3dDataset_v1.2_Aligned_Version/Area_4/hallway_3/Annotations/door_2.txt"]}, {"id": 68, "parent": 86, "children": [1, 23], "label": "door group", "path": ["/data/S3DIS/Stanford3dDataset_v1.2_Aligned_Version/Area_4/hallway_3/Annotations/door_12.txt", "/data/S3DIS/Stanford3dDataset_v1.2_Aligned_Version/Area_4/hallway_3/Annotations/door_13.txt"]}, {"id": 69, "parent": 87, "children": [9, 19], "label": "door group", "path": ["/data/S3DIS/Stanford3dDataset_v1.2_Aligned_Version/Area_4/hallway_3/Annotations/door_5.txt", "/data/S3DIS/Stanford3dDataset_v1.2_Aligned_Version/Area_4/hallway_3/Annotations/door_7.txt"]}, {"id": 70, "parent": 88, "children": [56, 62], "label": "door group", "path": ["/data/S3DIS/Stanford3dDataset_v1.2_Aligned_Version/Area_4/hallway_3/Annotations/door_10.txt", "/data/S3DIS/Stanford3dDataset_v1.2_Aligned_Version/Area_4/hallway_3/Annotations/door_11.txt"]}, {"id": 71, "parent": 89, "children": [10], "label": "door group", "path": ["/data/S3DIS/Stanford3dDataset_v1.2_Aligned_Version/Area_4/hallway_3/Annotations/door_9.txt"]}, {"id": 72, "parent": 90, "children": [28], "label": "door group", "path": ["/data/S3DIS/Stanford3dDataset_v1.2_Aligned_Version/Area_4/hallway_3/Annotations/door_6.txt"]}, {"id": 73, "parent": 91, "children": [47], "label": "door group", "path": ["/data/S3DIS/Stanford3dDataset_v1.2_Aligned_Version/Area_4/hallway_3/Annotations/door_8.txt"]}, {"id": 74, "parent": 92, "children": [52], "label": "door group", "path": ["/data/S3DIS/Stanford3dDataset_v1.2_Aligned_Version/Area_4/hallway_3/Annotations/door_4.txt"]}, {"id": 75, "parent": 81, "children": [35], "label": "window group", "path": ["/data/S3DIS/Stanford3dDataset_v1.2_Aligned_Version/Area_4/hallway_3/Annotations/window_2.txt"]}, {"id": 76, "parent": 81, "children": [43], "label": "window group", "path": ["/data/S3DIS/Stanford3dDataset_v1.2_Aligned_Version/Area_4/hallway_3/Annotations/window_1.txt"]}, {"id": 77, "parent": 81, "children": [41], "label": "window group", "path": ["/data/S3DIS/Stanford3dDataset_v1.2_Aligned_Version/Area_4/hallway_3/Annotations/window_3.txt"]}, {"id": 78, "parent": 83, "children": [25], "label": "chair group", "path": ["/data/S3DIS/Stanford3dDataset_v1.2_Aligned_Version/Area_4/hallway_3/Annotations/chair_1.txt"]}, {"id": 79, "parent": 82, "children": [44], "label": "bookcase group", "path": ["/data/S3DIS/Stanford3dDataset_v1.2_Aligned_Version/Area_4/hallway_3/Annotations/bookcase_1.txt"]}, {"id": 80, "parent": 84, "children": [61], "label": "chair group", "path": ["/data/S3DIS/Stanford3dDataset_v1.2_Aligned_Version/Area_4/hallway_3/Annotations/chair_2.txt"]}, {"id": 81, "parent": -1, "children": [64, 65, 66, 75, 76, 77], "label": "building area", "path": ["/data/S3DIS/Stanford3dDataset_v1.2_Aligned_Version/Area_4/hallway_3/Annotations/wall_6.txt", "/data/S3DIS/Stanford3dDataset_v1.2_Aligned_Version/Area_4/hallway_3/Annotations/wall_10.txt", "/data/S3DIS/Stanford3dDataset_v1.2_Aligned_Version/Area_4/hallway_3/Annotations/wall_2.txt", "/data/S3DIS/Stanford3dDataset_v1.2_Aligned_Version/Area_4/hallway_3/Annotations/wall_7.txt", "/data/S3DIS/Stanford3dDataset_v1.2_Aligned_Version/Area_4/hallway_3/Annotations/wall_5.txt", "/data/S3DIS/Stanford3dDataset_v1.2_Aligned_Version/Area_4/hallway_3/Annotations/wall_9.txt", "/data/S3DIS/Stanford3dDataset_v1.2_Aligned_Version/Area_4/hallway_3/Annotations/wall_1.txt", "/data/S3DIS/Stanford3dDataset_v1.2_Aligned_Version/Area_4/hallway_3/Annotations/wall_4.txt", "/data/S3DIS/Stanford3dDataset_v1.2_Aligned_Version/Area_4/hallway_3/Annotations/wall_8.txt", "/data/S3DIS/Stanford3dDataset_v1.2_Aligned_Version/Area_4/hallway_3/Annotations/wall_3.txt", "/data/S3DIS/Stanford3dDataset_v1.2_Aligned_Version/Area_4/hallway_3/Annotations/floor_1.txt", "/data/S3DIS/Stanford3dDataset_v1.2_Aligned_Version/Area_4/hallway_3/Annotations/ceiling_1.txt", "/data/S3DIS/Stanford3dDataset_v1.2_Aligned_Version/Area_4/hallway_3/Annotations/window_2.txt", "/data/S3DIS/Stanford3dDataset_v1.2_Aligned_Version/Area_4/hallway_3/Annotations/window_1.txt", "/data/S3DIS/Stanford3dDataset_v1.2_Aligned_Version/Area_4/hallway_3/Annotations/window_3.txt"]}, {"id": 82, "parent": -1, "children": [79], "label": "case area", "path": ["/data/S3DIS/Stanford3dDataset_v1.2_Aligned_Version/Area_4/hallway_3/Annotations/bookcase_1.txt"]}, {"id": 83, "parent": -1, "children": [78], "label": "rest area", "path": ["/data/S3DIS/Stanford3dDataset_v1.2_Aligned_Version/Area_4/hallway_3/Annotations/chair_1.txt"]}, {"id": 84, "parent": -1, "children": [80], "label": "rest area", "path": ["/data/S3DIS/Stanford3dDataset_v1.2_Aligned_Version/Area_4/hallway_3/Annotations/chair_2.txt"]}, {"id": 85, "parent": -1, "children": [67], "label": "entrance area", "path": ["/data/S3DIS/Stanford3dDataset_v1.2_Aligned_Version/Area_4/hallway_3/Annotations/door_1.txt", "/data/S3DIS/Stanford3dDataset_v1.2_Aligned_Version/Area_4/hallway_3/Annotations/door_3.txt", "/data/S3DIS/Stanford3dDataset_v1.2_Aligned_Version/Area_4/hallway_3/Annotations/door_2.txt"]}, {"id": 86, "parent": -1, "children": [68], "label": "entrance area", "path": ["/data/S3DIS/Stanford3dDataset_v1.2_Aligned_Version/Area_4/hallway_3/Annotations/door_12.txt", "/data/S3DIS/Stanford3dDataset_v1.2_Aligned_Version/Area_4/hallway_3/Annotations/door_13.txt"]}, {"id": 87, "parent": -1, "children": [69], "label": "entrance area", "path": ["/data/S3DIS/Stanford3dDataset_v1.2_Aligned_Version/Area_4/hallway_3/Annotations/door_5.txt", "/data/S3DIS/Stanford3dDataset_v1.2_Aligned_Version/Area_4/hallway_3/Annotations/door_7.txt"]}, {"id": 88, "parent": -1, "children": [70], "label": "entrance area", "path": ["/data/S3DIS/Stanford3dDataset_v1.2_Aligned_Version/Area_4/hallway_3/Annotations/door_10.txt", "/data/S3DIS/Stanford3dDataset_v1.2_Aligned_Version/Area_4/hallway_3/Annotations/door_11.txt"]}, {"id": 89, "parent": -1, "children": [71], "label": "entrance area", "path": ["/data/S3DIS/Stanford3dDataset_v1.2_Aligned_Version/Area_4/hallway_3/Annotations/door_9.txt"]}, {"id": 90, "parent": -1, "children": [72], "label": "entrance area", "path": ["/data/S3DIS/Stanford3dDataset_v1.2_Aligned_Version/Area_4/hallway_3/Annotations/door_6.txt"]}, {"id": 91, "parent": -1, "children": [73], "label": "entrance area", "path": ["/data/S3DIS/Stanford3dDataset_v1.2_Aligned_Version/Area_4/hallway_3/Annotations/door_8.txt"]}, {"id": 92, "parent": -1, "children": [74], "label": "entrance area", "path": ["/data/S3DIS/Stanford3dDataset_v1.2_Aligned_Version/Area_4/hallway_3/Annotations/door_4.txt"]}]