[{"id": 0, "parent": 26, "children": [], "label": "ceiling", "path": ["/data/S3DIS/Stanford3dDataset_v1.2_Aligned_Version/Area_4/hallway_11/Annotations/ceiling_2.txt"]}, {"id": 1, "parent": 29, "children": [], "label": "floor", "path": ["/data/S3DIS/Stanford3dDataset_v1.2_Aligned_Version/Area_4/hallway_11/Annotations/floor_1.txt"]}, {"id": 2, "parent": 30, "children": [], "label": "door", "path": ["/data/S3DIS/Stanford3dDataset_v1.2_Aligned_Version/Area_4/hallway_11/Annotations/door_1.txt"]}, {"id": 3, "parent": 25, "children": [], "label": "wall", "path": ["/data/S3DIS/Stanford3dDataset_v1.2_Aligned_Version/Area_4/hallway_11/Annotations/wall_6.txt"]}, {"id": 4, "parent": -1, "children": [], "label": "clutter", "path": ["/data/S3DIS/Stanford3dDataset_v1.2_Aligned_Version/Area_4/hallway_11/Annotations/clutter_5.txt"]}, {"id": 5, "parent": 31, "children": [], "label": "door", "path": ["/data/S3DIS/Stanford3dDataset_v1.2_Aligned_Version/Area_4/hallway_11/Annotations/door_3.txt"]}, {"id": 6, "parent": 27, "children": [], "label": "ceiling", "path": ["/data/S3DIS/Stanford3dDataset_v1.2_Aligned_Version/Area_4/hallway_11/Annotations/ceiling_1.txt"]}, {"id": 7, "parent": 31, "children": [], "label": "door", "path": ["/data/S3DIS/Stanford3dDataset_v1.2_Aligned_Version/Area_4/hallway_11/Annotations/door_2.txt"]}, {"id": 8, "parent": 25, "children": [], "label": "wall", "path": ["/data/S3DIS/Stanford3dDataset_v1.2_Aligned_Version/Area_4/hallway_11/Annotations/wall_10.txt"]}, {"id": 9, "parent": -1, "children": [], "label": "clutter", "path": ["/data/S3DIS/Stanford3dDataset_v1.2_Aligned_Version/Area_4/hallway_11/Annotations/clutter_2.txt"]}, {"id": 10, "parent": 25, "children": [], "label": "wall", "path": ["/data/S3DIS/Stanford3dDataset_v1.2_Aligned_Version/Area_4/hallway_11/Annotations/wall_2.txt"]}, {"id": 11, "parent": -1, "children": [], "label": "clutter", "path": ["/data/S3DIS/Stanford3dDataset_v1.2_Aligned_Version/Area_4/hallway_11/Annotations/clutter_1.txt"]}, {"id": 12, "parent": 28, "children": [], "label": "ceiling", "path": ["/data/S3DIS/Stanford3dDataset_v1.2_Aligned_Version/Area_4/hallway_11/Annotations/ceiling_3.txt"]}, {"id": 13, "parent": 25, "children": [], "label": "wall", "path": ["/data/S3DIS/Stanford3dDataset_v1.2_Aligned_Version/Area_4/hallway_11/Annotations/wall_7.txt"]}, {"id": 14, "parent": 25, "children": [], "label": "wall", "path": ["/data/S3DIS/Stanford3dDataset_v1.2_Aligned_Version/Area_4/hallway_11/Annotations/wall_5.txt"]}, {"id": 15, "parent": -1, "children": [], "label": "clutter", "path": ["/data/S3DIS/Stanford3dDataset_v1.2_Aligned_Version/Area_4/hallway_11/Annotations/clutter_6.txt"]}, {"id": 16, "parent": -1, "children": [], "label": "clutter", "path": ["/data/S3DIS/Stanford3dDataset_v1.2_Aligned_Version/Area_4/hallway_11/Annotations/clutter_4.txt"]}, {"id": 17, "parent": 25, "children": [], "label": "wall", "path": ["/data/S3DIS/Stanford3dDataset_v1.2_Aligned_Version/Area_4/hallway_11/Annotations/wall_9.txt"]}, {"id": 18, "parent": 25, "children": [], "label": "wall", "path": ["/data/S3DIS/Stanford3dDataset_v1.2_Aligned_Version/Area_4/hallway_11/Annotations/wall_1.txt"]}, {"id": 19, "parent": 32, "children": [], "label": "door", "path": ["/data/S3DIS/Stanford3dDataset_v1.2_Aligned_Version/Area_4/hallway_11/Annotations/door_4.txt"]}, {"id": 21, "parent": 25, "children": [], "label": "wall", "path": ["/data/S3DIS/Stanford3dDataset_v1.2_Aligned_Version/Area_4/hallway_11/Annotations/wall_4.txt"]}, {"id": 22, "parent": 25, "children": [], "label": "wall", "path": ["/data/S3DIS/Stanford3dDataset_v1.2_Aligned_Version/Area_4/hallway_11/Annotations/wall_8.txt"]}, {"id": 23, "parent": -1, "children": [], "label": "clutter", "path": ["/data/S3DIS/Stanford3dDataset_v1.2_Aligned_Version/Area_4/hallway_11/Annotations/clutter_3.txt"]}, {"id": 24, "parent": 25, "children": [], "label": "wall", "path": ["/data/S3DIS/Stanford3dDataset_v1.2_Aligned_Version/Area_4/hallway_11/Annotations/wall_3.txt"]}, {"id": 25, "parent": 33, "children": [3, 8, 10, 13, 14, 17, 18, 21, 22, 24], "label": "wall group", "path": ["/data/S3DIS/Stanford3dDataset_v1.2_Aligned_Version/Area_4/hallway_11/Annotations/wall_6.txt", "/data/S3DIS/Stanford3dDataset_v1.2_Aligned_Version/Area_4/hallway_11/Annotations/wall_10.txt", "/data/S3DIS/Stanford3dDataset_v1.2_Aligned_Version/Area_4/hallway_11/Annotations/wall_2.txt", "/data/S3DIS/Stanford3dDataset_v1.2_Aligned_Version/Area_4/hallway_11/Annotations/wall_7.txt", "/data/S3DIS/Stanford3dDataset_v1.2_Aligned_Version/Area_4/hallway_11/Annotations/wall_5.txt", "/data/S3DIS/Stanford3dDataset_v1.2_Aligned_Version/Area_4/hallway_11/Annotations/wall_9.txt", "/data/S3DIS/Stanford3dDataset_v1.2_Aligned_Version/Area_4/hallway_11/Annotations/wall_1.txt", "/data/S3DIS/Stanford3dDataset_v1.2_Aligned_Version/Area_4/hallway_11/Annotations/wall_4.txt", "/data/S3DIS/Stanford3dDataset_v1.2_Aligned_Version/Area_4/hallway_11/Annotations/wall_8.txt", "/data/S3DIS/Stanford3dDataset_v1.2_Aligned_Version/Area_4/hallway_11/Annotations/wall_3.txt"]}, {"id": 26, "parent": 33, "children": [0], "label": "ceiling group", "path": ["/data/S3DIS/Stanford3dDataset_v1.2_Aligned_Version/Area_4/hallway_11/Annotations/ceiling_2.txt"]}, {"id": 27, "parent": 33, "children": [6], "label": "ceiling group", "path": ["/data/S3DIS/Stanford3dDataset_v1.2_Aligned_Version/Area_4/hallway_11/Annotations/ceiling_1.txt"]}, {"id": 28, "parent": 33, "children": [12], "label": "ceiling group", "path": ["/data/S3DIS/Stanford3dDataset_v1.2_Aligned_Version/Area_4/hallway_11/Annotations/ceiling_3.txt"]}, {"id": 29, "parent": 33, "children": [1], "label": "floor group", "path": ["/data/S3DIS/Stanford3dDataset_v1.2_Aligned_Version/Area_4/hallway_11/Annotations/floor_1.txt"]}, {"id": 30, "parent": 34, "children": [2], "label": "door group", "path": ["/data/S3DIS/Stanford3dDataset_v1.2_Aligned_Version/Area_4/hallway_11/Annotations/door_1.txt"]}, {"id": 31, "parent": 36, "children": [5, 7], "label": "door group", "path": ["/data/S3DIS/Stanford3dDataset_v1.2_Aligned_Version/Area_4/hallway_11/Annotations/door_3.txt", "/data/S3DIS/Stanford3dDataset_v1.2_Aligned_Version/Area_4/hallway_11/Annotations/door_2.txt"]}, {"id": 32, "parent": 35, "children": [19], "label": "door group", "path": ["/data/S3DIS/Stanford3dDataset_v1.2_Aligned_Version/Area_4/hallway_11/Annotations/door_4.txt"]}, {"id": 33, "parent": -1, "children": [25, 26, 27, 28, 29], "label": "building area", "path": ["/data/S3DIS/Stanford3dDataset_v1.2_Aligned_Version/Area_4/hallway_11/Annotations/wall_6.txt", "/data/S3DIS/Stanford3dDataset_v1.2_Aligned_Version/Area_4/hallway_11/Annotations/wall_10.txt", "/data/S3DIS/Stanford3dDataset_v1.2_Aligned_Version/Area_4/hallway_11/Annotations/wall_2.txt", "/data/S3DIS/Stanford3dDataset_v1.2_Aligned_Version/Area_4/hallway_11/Annotations/wall_7.txt", "/data/S3DIS/Stanford3dDataset_v1.2_Aligned_Version/Area_4/hallway_11/Annotations/wall_5.txt", "/data/S3DIS/Stanford3dDataset_v1.2_Aligned_Version/Area_4/hallway_11/Annotations/wall_9.txt", "/data/S3DIS/Stanford3dDataset_v1.2_Aligned_Version/Area_4/hallway_11/Annotations/wall_1.txt", "/data/S3DIS/Stanford3dDataset_v1.2_Aligned_Version/Area_4/hallway_11/Annotations/wall_4.txt", "/data/S3DIS/Stanford3dDataset_v1.2_Aligned_Version/Area_4/hallway_11/Annotations/wall_8.txt", "/data/S3DIS/Stanford3dDataset_v1.2_Aligned_Version/Area_4/hallway_11/Annotations/wall_3.txt", "/data/S3DIS/Stanford3dDataset_v1.2_Aligned_Version/Area_4/hallway_11/Annotations/ceiling_2.txt", "/data/S3DIS/Stanford3dDataset_v1.2_Aligned_Version/Area_4/hallway_11/Annotations/ceiling_1.txt", "/data/S3DIS/Stanford3dDataset_v1.2_Aligned_Version/Area_4/hallway_11/Annotations/ceiling_3.txt", "/data/S3DIS/Stanford3dDataset_v1.2_Aligned_Version/Area_4/hallway_11/Annotations/floor_1.txt"]}, {"id": 34, "parent": -1, "children": [30], "label": "entrance area", "path": ["/data/S3DIS/Stanford3dDataset_v1.2_Aligned_Version/Area_4/hallway_11/Annotations/door_1.txt"]}, {"id": 35, "parent": -1, "children": [32], "label": "entrance area", "path": ["/data/S3DIS/Stanford3dDataset_v1.2_Aligned_Version/Area_4/hallway_11/Annotations/door_4.txt"]}, {"id": 36, "parent": -1, "children": [31], "label": "entrance area", "path": ["/data/S3DIS/Stanford3dDataset_v1.2_Aligned_Version/Area_4/hallway_11/Annotations/door_3.txt", "/data/S3DIS/Stanford3dDataset_v1.2_Aligned_Version/Area_4/hallway_11/Annotations/door_2.txt"]}]