[{"id": 0, "parent": -1, "children": [], "label": "sofa", "path": ["/data/S3DIS/Stanford3dDataset_v1.2_Aligned_Version/Area_4/lobby_1/Annotations/sofa_4.txt"]}, {"id": 1, "parent": -1, "children": [], "label": "chair", "path": ["/data/S3DIS/Stanford3dDataset_v1.2_Aligned_Version/Area_4/lobby_1/Annotations/chair_8.txt"]}, {"id": 2, "parent": -1, "children": [], "label": "ceiling", "path": ["/data/S3DIS/Stanford3dDataset_v1.2_Aligned_Version/Area_4/lobby_1/Annotations/ceiling_2.txt"]}, {"id": 3, "parent": -1, "children": [], "label": "chair", "path": ["/data/S3DIS/Stanford3dDataset_v1.2_Aligned_Version/Area_4/lobby_1/Annotations/chair_21.txt"]}, {"id": 4, "parent": -1, "children": [], "label": "floor", "path": ["/data/S3DIS/Stanford3dDataset_v1.2_Aligned_Version/Area_4/lobby_1/Annotations/floor_1.txt"]}, {"id": 5, "parent": -1, "children": [], "label": "clutter", "path": ["/data/S3DIS/Stanford3dDataset_v1.2_Aligned_Version/Area_4/lobby_1/Annotations/clutter_13.txt"]}, {"id": 6, "parent": -1, "children": [], "label": "bookcase", "path": ["/data/S3DIS/Stanford3dDataset_v1.2_Aligned_Version/Area_4/lobby_1/Annotations/bookcase_7.txt"]}, {"id": 7, "parent": -1, "children": [], "label": "door", "path": ["/data/S3DIS/Stanford3dDataset_v1.2_Aligned_Version/Area_4/lobby_1/Annotations/door_1.txt"]}, {"id": 8, "parent": -1, "children": [], "label": "window", "path": ["/data/S3DIS/Stanford3dDataset_v1.2_Aligned_Version/Area_4/lobby_1/Annotations/window_11.txt"]}, {"id": 9, "parent": -1, "children": [], "label": "wall", "path": ["/data/S3DIS/Stanford3dDataset_v1.2_Aligned_Version/Area_4/lobby_1/Annotations/wall_6.txt"]}, {"id": 10, "parent": -1, "children": [], "label": "bookcase", "path": ["/data/S3DIS/Stanford3dDataset_v1.2_Aligned_Version/Area_4/lobby_1/Annotations/bookcase_2.txt"]}, {"id": 11, "parent": -1, "children": [], "label": "clutter", "path": ["/data/S3DIS/Stanford3dDataset_v1.2_Aligned_Version/Area_4/lobby_1/Annotations/clutter_25.txt"]}, {"id": 12, "parent": -1, "children": [], "label": "clutter", "path": ["/data/S3DIS/Stanford3dDataset_v1.2_Aligned_Version/Area_4/lobby_1/Annotations/clutter_5.txt"]}, {"id": 13, "parent": -1, "children": [], "label": "door", "path": ["/data/S3DIS/Stanford3dDataset_v1.2_Aligned_Version/Area_4/lobby_1/Annotations/door_3.txt"]}, {"id": 14, "parent": -1, "children": [], "label": "clutter", "path": ["/data/S3DIS/Stanford3dDataset_v1.2_Aligned_Version/Area_4/lobby_1/Annotations/clutter_16.txt"]}, {"id": 15, "parent": -1, "children": [], "label": "window", "path": ["/data/S3DIS/Stanford3dDataset_v1.2_Aligned_Version/Area_4/lobby_1/Annotations/window_6.txt"]}, {"id": 16, "parent": -1, "children": [], "label": "table", "path": ["/data/S3DIS/Stanford3dDataset_v1.2_Aligned_Version/Area_4/lobby_1/Annotations/table_2.txt"]}, {"id": 17, "parent": -1, "children": [], "label": "window", "path": ["/data/S3DIS/Stanford3dDataset_v1.2_Aligned_Version/Area_4/lobby_1/Annotations/window_12.txt"]}, {"id": 18, "parent": -1, "children": [], "label": "clutter", "path": ["/data/S3DIS/Stanford3dDataset_v1.2_Aligned_Version/Area_4/lobby_1/Annotations/clutter_27.txt"]}, {"id": 19, "parent": -1, "children": [], "label": "ceiling", "path": ["/data/S3DIS/Stanford3dDataset_v1.2_Aligned_Version/Area_4/lobby_1/Annotations/ceiling_1.txt"]}, {"id": 20, "parent": -1, "children": [], "label": "bookcase", "path": ["/data/S3DIS/Stanford3dDataset_v1.2_Aligned_Version/Area_4/lobby_1/Annotations/bookcase_3.txt"]}, {"id": 21, "parent": -1, "children": [], "label": "clutter", "path": ["/data/S3DIS/Stanford3dDataset_v1.2_Aligned_Version/Area_4/lobby_1/Annotations/clutter_26.txt"]}, {"id": 22, "parent": -1, "children": [], "label": "door", "path": ["/data/S3DIS/Stanford3dDataset_v1.2_Aligned_Version/Area_4/lobby_1/Annotations/door_2.txt"]}, {"id": 23, "parent": -1, "children": [], "label": "window", "path": ["/data/S3DIS/Stanford3dDataset_v1.2_Aligned_Version/Area_4/lobby_1/Annotations/window_9.txt"]}, {"id": 24, "parent": -1, "children": [], "label": "wall", "path": ["/data/S3DIS/Stanford3dDataset_v1.2_Aligned_Version/Area_4/lobby_1/Annotations/wall_10.txt"]}, {"id": 25, "parent": -1, "children": [], "label": "window", "path": ["/data/S3DIS/Stanford3dDataset_v1.2_Aligned_Version/Area_4/lobby_1/Annotations/window_10.txt"]}, {"id": 26, "parent": -1, "children": [], "label": "clutter", "path": ["/data/S3DIS/Stanford3dDataset_v1.2_Aligned_Version/Area_4/lobby_1/Annotations/clutter_9.txt"]}, {"id": 27, "parent": -1, "children": [], "label": "chair", "path": ["/data/S3DIS/Stanford3dDataset_v1.2_Aligned_Version/Area_4/lobby_1/Annotations/chair_10.txt"]}, {"id": 28, "parent": -1, "children": [], "label": "clutter", "path": ["/data/S3DIS/Stanford3dDataset_v1.2_Aligned_Version/Area_4/lobby_1/Annotations/clutter_2.txt"]}, {"id": 29, "parent": -1, "children": [], "label": "wall", "path": ["/data/S3DIS/Stanford3dDataset_v1.2_Aligned_Version/Area_4/lobby_1/Annotations/wall_2.txt"]}, {"id": 30, "parent": -1, "children": [], "label": "clutter", "path": ["/data/S3DIS/Stanford3dDataset_v1.2_Aligned_Version/Area_4/lobby_1/Annotations/clutter_20.txt"]}, {"id": 31, "parent": -1, "children": [], "label": "bookcase", "path": ["/data/S3DIS/Stanford3dDataset_v1.2_Aligned_Version/Area_4/lobby_1/Annotations/bookcase_8.txt"]}, {"id": 32, "parent": -1, "children": [], "label": "chair", "path": ["/data/S3DIS/Stanford3dDataset_v1.2_Aligned_Version/Area_4/lobby_1/Annotations/chair_16.txt"]}, {"id": 33, "parent": -1, "children": [], "label": "window", "path": ["/data/S3DIS/Stanford3dDataset_v1.2_Aligned_Version/Area_4/lobby_1/Annotations/window_8.txt"]}, {"id": 34, "parent": -1, "children": [], "label": "column", "path": ["/data/S3DIS/Stanford3dDataset_v1.2_Aligned_Version/Area_4/lobby_1/Annotations/column_4.txt"]}, {"id": 35, "parent": -1, "children": [], "label": "clutter", "path": ["/data/S3DIS/Stanford3dDataset_v1.2_Aligned_Version/Area_4/lobby_1/Annotations/clutter_1.txt"]}, {"id": 36, "parent": -1, "children": [], "label": "ceiling", "path": ["/data/S3DIS/Stanford3dDataset_v1.2_Aligned_Version/Area_4/lobby_1/Annotations/ceiling_3.txt"]}, {"id": 37, "parent": -1, "children": [], "label": "beam", "path": ["/data/S3DIS/Stanford3dDataset_v1.2_Aligned_Version/Area_4/lobby_1/Annotations/beam_1.txt"]}, {"id": 38, "parent": -1, "children": [], "label": "clutter", "path": ["/data/S3DIS/Stanford3dDataset_v1.2_Aligned_Version/Area_4/lobby_1/Annotations/clutter_12.txt"]}, {"id": 39, "parent": -1, "children": [], "label": "wall", "path": ["/data/S3DIS/Stanford3dDataset_v1.2_Aligned_Version/Area_4/lobby_1/Annotations/wall_12.txt"]}, {"id": 40, "parent": -1, "children": [], "label": "wall", "path": ["/data/S3DIS/Stanford3dDataset_v1.2_Aligned_Version/Area_4/lobby_1/Annotations/wall_11.txt"]}, {"id": 41, "parent": -1, "children": [], "label": "clutter", "path": ["/data/S3DIS/Stanford3dDataset_v1.2_Aligned_Version/Area_4/lobby_1/Annotations/clutter_7.txt"]}, {"id": 42, "parent": -1, "children": [], "label": "chair", "path": ["/data/S3DIS/Stanford3dDataset_v1.2_Aligned_Version/Area_4/lobby_1/Annotations/chair_1.txt"]}, {"id": 43, "parent": -1, "children": [], "label": "sofa", "path": ["/data/S3DIS/Stanford3dDataset_v1.2_Aligned_Version/Area_4/lobby_1/Annotations/sofa_3.txt"]}, {"id": 44, "parent": -1, "children": [], "label": "clutter", "path": ["/data/S3DIS/Stanford3dDataset_v1.2_Aligned_Version/Area_4/lobby_1/Annotations/clutter_8.txt"]}, {"id": 45, "parent": -1, "children": [], "label": "sofa", "path": ["/data/S3DIS/Stanford3dDataset_v1.2_Aligned_Version/Area_4/lobby_1/Annotations/sofa_2.txt"]}, {"id": 46, "parent": -1, "children": [], "label": "wall", "path": ["/data/S3DIS/Stanford3dDataset_v1.2_Aligned_Version/Area_4/lobby_1/Annotations/wall_7.txt"]}, {"id": 47, "parent": -1, "children": [], "label": "column", "path": ["/data/S3DIS/Stanford3dDataset_v1.2_Aligned_Version/Area_4/lobby_1/Annotations/column_5.txt"]}, {"id": 48, "parent": -1, "children": [], "label": "chair", "path": ["/data/S3DIS/Stanford3dDataset_v1.2_Aligned_Version/Area_4/lobby_1/Annotations/chair_20.txt"]}, {"id": 49, "parent": -1, "children": [], "label": "bookcase", "path": ["/data/S3DIS/Stanford3dDataset_v1.2_Aligned_Version/Area_4/lobby_1/Annotations/bookcase_4.txt"]}, {"id": 50, "parent": -1, "children": [], "label": "chair", "path": ["/data/S3DIS/Stanford3dDataset_v1.2_Aligned_Version/Area_4/lobby_1/Annotations/chair_9.txt"]}, {"id": 51, "parent": -1, "children": [], "label": "clutter", "path": ["/data/S3DIS/Stanford3dDataset_v1.2_Aligned_Version/Area_4/lobby_1/Annotations/clutter_30.txt"]}, {"id": 52, "parent": -1, "children": [], "label": "wall", "path": ["/data/S3DIS/Stanford3dDataset_v1.2_Aligned_Version/Area_4/lobby_1/Annotations/wall_5.txt"]}, {"id": 53, "parent": -1, "children": [], "label": "table", "path": ["/data/S3DIS/Stanford3dDataset_v1.2_Aligned_Version/Area_4/lobby_1/Annotations/table_4.txt"]}, {"id": 54, "parent": -1, "children": [], "label": "chair", "path": ["/data/S3DIS/Stanford3dDataset_v1.2_Aligned_Version/Area_4/lobby_1/Annotations/chair_18.txt"]}, {"id": 55, "parent": -1, "children": [], "label": "clutter", "path": ["/data/S3DIS/Stanford3dDataset_v1.2_Aligned_Version/Area_4/lobby_1/Annotations/clutter_6.txt"]}, {"id": 56, "parent": -1, "children": [], "label": "clutter", "path": ["/data/S3DIS/Stanford3dDataset_v1.2_Aligned_Version/Area_4/lobby_1/Annotations/clutter_19.txt"]}, {"id": 57, "parent": -1, "children": [], "label": "sofa", "path": ["/data/S3DIS/Stanford3dDataset_v1.2_Aligned_Version/Area_4/lobby_1/Annotations/sofa_1.txt"]}, {"id": 58, "parent": -1, "children": [], "label": "window", "path": ["/data/S3DIS/Stanford3dDataset_v1.2_Aligned_Version/Area_4/lobby_1/Annotations/window_5.txt"]}, {"id": 59, "parent": -1, "children": [], "label": "chair", "path": ["/data/S3DIS/Stanford3dDataset_v1.2_Aligned_Version/Area_4/lobby_1/Annotations/chair_6.txt"]}, {"id": 60, "parent": -1, "children": [], "label": "chair", "path": ["/data/S3DIS/Stanford3dDataset_v1.2_Aligned_Version/Area_4/lobby_1/Annotations/chair_15.txt"]}, {"id": 61, "parent": -1, "children": [], "label": "clutter", "path": ["/data/S3DIS/Stanford3dDataset_v1.2_Aligned_Version/Area_4/lobby_1/Annotations/clutter_10.txt"]}, {"id": 62, "parent": -1, "children": [], "label": "window", "path": ["/data/S3DIS/Stanford3dDataset_v1.2_Aligned_Version/Area_4/lobby_1/Annotations/window_4.txt"]}, {"id": 63, "parent": -1, "children": [], "label": "chair", "path": ["/data/S3DIS/Stanford3dDataset_v1.2_Aligned_Version/Area_4/lobby_1/Annotations/chair_24.txt"]}, {"id": 64, "parent": -1, "children": [], "label": "clutter", "path": ["/data/S3DIS/Stanford3dDataset_v1.2_Aligned_Version/Area_4/lobby_1/Annotations/clutter_18.txt"]}, {"id": 65, "parent": -1, "children": [], "label": "window", "path": ["/data/S3DIS/Stanford3dDataset_v1.2_Aligned_Version/Area_4/lobby_1/Annotations/window_2.txt"]}, {"id": 66, "parent": -1, "children": [], "label": "clutter", "path": ["/data/S3DIS/Stanford3dDataset_v1.2_Aligned_Version/Area_4/lobby_1/Annotations/clutter_4.txt"]}, {"id": 67, "parent": -1, "children": [], "label": "table", "path": ["/data/S3DIS/Stanford3dDataset_v1.2_Aligned_Version/Area_4/lobby_1/Annotations/table_5.txt"]}, {"id": 68, "parent": -1, "children": [], "label": "chair", "path": ["/data/S3DIS/Stanford3dDataset_v1.2_Aligned_Version/Area_4/lobby_1/Annotations/chair_5.txt"]}, {"id": 69, "parent": -1, "children": [], "label": "clutter", "path": ["/data/S3DIS/Stanford3dDataset_v1.2_Aligned_Version/Area_4/lobby_1/Annotations/clutter_11.txt"]}, {"id": 70, "parent": -1, "children": [], "label": "wall", "path": ["/data/S3DIS/Stanford3dDataset_v1.2_Aligned_Version/Area_4/lobby_1/Annotations/wall_9.txt"]}, {"id": 71, "parent": -1, "children": [], "label": "window", "path": ["/data/S3DIS/Stanford3dDataset_v1.2_Aligned_Version/Area_4/lobby_1/Annotations/window_3.txt"]}, {"id": 72, "parent": -1, "children": [], "label": "window", "path": ["/data/S3DIS/Stanford3dDataset_v1.2_Aligned_Version/Area_4/lobby_1/Annotations/window_7.txt"]}, {"id": 73, "parent": -1, "children": [], "label": "clutter", "path": ["/data/S3DIS/Stanford3dDataset_v1.2_Aligned_Version/Area_4/lobby_1/Annotations/clutter_29.txt"]}, {"id": 74, "parent": -1, "children": [], "label": "window", "path": ["/data/S3DIS/Stanford3dDataset_v1.2_Aligned_Version/Area_4/lobby_1/Annotations/window_1.txt"]}, {"id": 75, "parent": -1, "children": [], "label": "chair", "path": ["/data/S3DIS/Stanford3dDataset_v1.2_Aligned_Version/Area_4/lobby_1/Annotations/chair_4.txt"]}, {"id": 76, "parent": -1, "children": [], "label": "bookcase", "path": ["/data/S3DIS/Stanford3dDataset_v1.2_Aligned_Version/Area_4/lobby_1/Annotations/bookcase_1.txt"]}, {"id": 77, "parent": -1, "children": [], "label": "clutter", "path": ["/data/S3DIS/Stanford3dDataset_v1.2_Aligned_Version/Area_4/lobby_1/Annotations/clutter_21.txt"]}, {"id": 78, "parent": -1, "children": [], "label": "wall", "path": ["/data/S3DIS/Stanford3dDataset_v1.2_Aligned_Version/Area_4/lobby_1/Annotations/wall_1.txt"]}, {"id": 79, "parent": -1, "children": [], "label": "ceiling", "path": ["/data/S3DIS/Stanford3dDataset_v1.2_Aligned_Version/Area_4/lobby_1/Annotations/ceiling_6.txt"]}, {"id": 80, "parent": -1, "children": [], "label": "chair", "path": ["/data/S3DIS/Stanford3dDataset_v1.2_Aligned_Version/Area_4/lobby_1/Annotations/chair_7.txt"]}, {"id": 81, "parent": -1, "children": [], "label": "column", "path": ["/data/S3DIS/Stanford3dDataset_v1.2_Aligned_Version/Area_4/lobby_1/Annotations/column_1.txt"]}, {"id": 82, "parent": -1, "children": [], "label": "beam", "path": ["/data/S3DIS/Stanford3dDataset_v1.2_Aligned_Version/Area_4/lobby_1/Annotations/beam_2.txt"]}, {"id": 83, "parent": -1, "children": [], "label": "chair", "path": ["/data/S3DIS/Stanford3dDataset_v1.2_Aligned_Version/Area_4/lobby_1/Annotations/chair_17.txt"]}, {"id": 84, "parent": -1, "children": [], "label": "chair", "path": ["/data/S3DIS/Stanford3dDataset_v1.2_Aligned_Version/Area_4/lobby_1/Annotations/chair_12.txt"]}, {"id": 85, "parent": -1, "children": [], "label": "clutter", "path": ["/data/S3DIS/Stanford3dDataset_v1.2_Aligned_Version/Area_4/lobby_1/Annotations/clutter_28.txt"]}, {"id": 86, "parent": -1, "children": [], "label": "chair", "path": ["/data/S3DIS/Stanford3dDataset_v1.2_Aligned_Version/Area_4/lobby_1/Annotations/chair_3.txt"]}, {"id": 87, "parent": -1, "children": [], "label": "chair", "path": ["/data/S3DIS/Stanford3dDataset_v1.2_Aligned_Version/Area_4/lobby_1/Annotations/chair_23.txt"]}, {"id": 88, "parent": -1, "children": [], "label": "ceiling", "path": ["/data/S3DIS/Stanford3dDataset_v1.2_Aligned_Version/Area_4/lobby_1/Annotations/ceiling_4.txt"]}, {"id": 89, "parent": -1, "children": [], "label": "column", "path": ["/data/S3DIS/Stanford3dDataset_v1.2_Aligned_Version/Area_4/lobby_1/Annotations/column_3.txt"]}, {"id": 90, "parent": -1, "children": [], "label": "table", "path": ["/data/S3DIS/Stanford3dDataset_v1.2_Aligned_Version/Area_4/lobby_1/Annotations/table_3.txt"]}, {"id": 91, "parent": -1, "children": [], "label": "chair", "path": ["/data/S3DIS/Stanford3dDataset_v1.2_Aligned_Version/Area_4/lobby_1/Annotations/chair_11.txt"]}, {"id": 92, "parent": -1, "children": [], "label": "clutter", "path": ["/data/S3DIS/Stanford3dDataset_v1.2_Aligned_Version/Area_4/lobby_1/Annotations/clutter_23.txt"]}, {"id": 93, "parent": -1, "children": [], "label": "bookcase", "path": ["/data/S3DIS/Stanford3dDataset_v1.2_Aligned_Version/Area_4/lobby_1/Annotations/bookcase_6.txt"]}, {"id": 94, "parent": -1, "children": [], "label": "chair", "path": ["/data/S3DIS/Stanford3dDataset_v1.2_Aligned_Version/Area_4/lobby_1/Annotations/chair_13.txt"]}, {"id": 95, "parent": -1, "children": [], "label": "clutter", "path": ["/data/S3DIS/Stanford3dDataset_v1.2_Aligned_Version/Area_4/lobby_1/Annotations/clutter_14.txt"]}, {"id": 96, "parent": -1, "children": [], "label": "clutter", "path": ["/data/S3DIS/Stanford3dDataset_v1.2_Aligned_Version/Area_4/lobby_1/Annotations/clutter_22.txt"]}, {"id": 97, "parent": -1, "children": [], "label": "chair", "path": ["/data/S3DIS/Stanford3dDataset_v1.2_Aligned_Version/Area_4/lobby_1/Annotations/chair_14.txt"]}, {"id": 98, "parent": -1, "children": [], "label": "door", "path": ["/data/S3DIS/Stanford3dDataset_v1.2_Aligned_Version/Area_4/lobby_1/Annotations/door_4.txt"]}, {"id": 99, "parent": -1, "children": [], "label": "ceiling", "path": ["/data/S3DIS/Stanford3dDataset_v1.2_Aligned_Version/Area_4/lobby_1/Annotations/ceiling_7.txt"]}, {"id": 101, "parent": -1, "children": [], "label": "table", "path": ["/data/S3DIS/Stanford3dDataset_v1.2_Aligned_Version/Area_4/lobby_1/Annotations/table_1.txt"]}, {"id": 102, "parent": -1, "children": [], "label": "wall", "path": ["/data/S3DIS/Stanford3dDataset_v1.2_Aligned_Version/Area_4/lobby_1/Annotations/wall_4.txt"]}, {"id": 103, "parent": -1, "children": [], "label": "clutter", "path": ["/data/S3DIS/Stanford3dDataset_v1.2_Aligned_Version/Area_4/lobby_1/Annotations/clutter_15.txt"]}, {"id": 104, "parent": -1, "children": [], "label": "wall", "path": ["/data/S3DIS/Stanford3dDataset_v1.2_Aligned_Version/Area_4/lobby_1/Annotations/wall_8.txt"]}, {"id": 105, "parent": -1, "children": [], "label": "chair", "path": ["/data/S3DIS/Stanford3dDataset_v1.2_Aligned_Version/Area_4/lobby_1/Annotations/chair_22.txt"]}, {"id": 106, "parent": -1, "children": [], "label": "bookcase", "path": ["/data/S3DIS/Stanford3dDataset_v1.2_Aligned_Version/Area_4/lobby_1/Annotations/bookcase_9.txt"]}, {"id": 107, "parent": -1, "children": [], "label": "chair", "path": ["/data/S3DIS/Stanford3dDataset_v1.2_Aligned_Version/Area_4/lobby_1/Annotations/chair_19.txt"]}, {"id": 108, "parent": -1, "children": [], "label": "clutter", "path": ["/data/S3DIS/Stanford3dDataset_v1.2_Aligned_Version/Area_4/lobby_1/Annotations/clutter_3.txt"]}, {"id": 109, "parent": -1, "children": [], "label": "clutter", "path": ["/data/S3DIS/Stanford3dDataset_v1.2_Aligned_Version/Area_4/lobby_1/Annotations/clutter_24.txt"]}, {"id": 110, "parent": -1, "children": [], "label": "clutter", "path": ["/data/S3DIS/Stanford3dDataset_v1.2_Aligned_Version/Area_4/lobby_1/Annotations/clutter_17.txt"]}, {"id": 111, "parent": -1, "children": [], "label": "ceiling", "path": ["/data/S3DIS/Stanford3dDataset_v1.2_Aligned_Version/Area_4/lobby_1/Annotations/ceiling_5.txt"]}, {"id": 112, "parent": -1, "children": [], "label": "column", "path": ["/data/S3DIS/Stanford3dDataset_v1.2_Aligned_Version/Area_4/lobby_1/Annotations/column_2.txt"]}, {"id": 113, "parent": -1, "children": [], "label": "chair", "path": ["/data/S3DIS/Stanford3dDataset_v1.2_Aligned_Version/Area_4/lobby_1/Annotations/chair_2.txt"]}, {"id": 114, "parent": -1, "children": [], "label": "bookcase", "path": ["/data/S3DIS/Stanford3dDataset_v1.2_Aligned_Version/Area_4/lobby_1/Annotations/bookcase_5.txt"]}, {"id": 115, "parent": -1, "children": [], "label": "wall", "path": ["/data/S3DIS/Stanford3dDataset_v1.2_Aligned_Version/Area_4/lobby_1/Annotations/wall_3.txt"]}]