[
  {
    "id": 0,
    "parent": 129,
    "children": [],
    "label": "sofa",
    "path": [
      "/data/S3DIS/Stanford3dDataset_v1.2_Aligned_Version/Area_4/lobby_1/Annotations/sofa_4.txt"
    ]
  },
  {
    "id": 1,
    "parent": 142,
    "children": [],
    "label": "chair",
    "path": [
      "/data/S3DIS/Stanford3dDataset_v1.2_Aligned_Version/Area_4/lobby_1/Annotations/chair_8.txt"
    ]
  },
  {
    "id": 2,
    "parent": 121,
    "children": [],
    "label": "ceiling",
    "path": [
      "/data/S3DIS/Stanford3dDataset_v1.2_Aligned_Version/Area_4/lobby_1/Annotations/ceiling_2.txt"
    ]
  },
  {
    "id": 3,
    "parent": 142,
    "children": [],
    "label": "chair",
    "path": [
      "/data/S3DIS/Stanford3dDataset_v1.2_Aligned_Version/Area_4/lobby_1/Annotations/chair_21.txt"
    ]
  },
  {
    "id": 4,
    "parent": 120,
    "children": [],
    "label": "floor",
    "path": [
      "/data/S3DIS/Stanford3dDataset_v1.2_Aligned_Version/Area_4/lobby_1/Annotations/floor_1.txt"
    ]
  },
  {
    "id": 5,
    "parent": -1,
    "children": [],
    "label": "clutter",
    "path": [
      "/data/S3DIS/Stanford3dDataset_v1.2_Aligned_Version/Area_4/lobby_1/Annotations/clutter_13.txt"
    ]
  },
  {
    "id": 6,
    "parent": 123,
    "children": [],
    "label": "bookcase",
    "path": [
      "/data/S3DIS/Stanford3dDataset_v1.2_Aligned_Version/Area_4/lobby_1/Annotations/bookcase_7.txt"
    ]
  },
  {
    "id": 7,
    "parent": 125,
    "children": [],
    "label": "door",
    "path": [
      "/data/S3DIS/Stanford3dDataset_v1.2_Aligned_Version/Area_4/lobby_1/Annotations/door_1.txt"
    ]
  },
  {
    "id": 8,
    "parent": 119,
    "children": [],
    "label": "window",
    "path": [
      "/data/S3DIS/Stanford3dDataset_v1.2_Aligned_Version/Area_4/lobby_1/Annotations/window_11.txt"
    ]
  },
  {
    "id": 9,
    "parent": 116,
    "children": [],
    "label": "wall",
    "path": [
      "/data/S3DIS/Stanford3dDataset_v1.2_Aligned_Version/Area_4/lobby_1/Annotations/wall_6.txt"
    ]
  },
  {
    "id": 10,
    "parent": 123,
    "children": [],
    "label": "bookcase",
    "path": [
      "/data/S3DIS/Stanford3dDataset_v1.2_Aligned_Version/Area_4/lobby_1/Annotations/bookcase_2.txt"
    ]
  },
  {
    "id": 11,
    "parent": -1,
    "children": [],
    "label": "clutter",
    "path": [
      "/data/S3DIS/Stanford3dDataset_v1.2_Aligned_Version/Area_4/lobby_1/Annotations/clutter_25.txt"
    ]
  },
  {
    "id": 12,
    "parent": -1,
    "children": [],
    "label": "clutter",
    "path": [
      "/data/S3DIS/Stanford3dDataset_v1.2_Aligned_Version/Area_4/lobby_1/Annotations/clutter_5.txt"
    ]
  },
  {
    "id": 13,
    "parent": 126,
    "children": [],
    "label": "door",
    "path": [
      "/data/S3DIS/Stanford3dDataset_v1.2_Aligned_Version/Area_4/lobby_1/Annotations/door_3.txt"
    ]
  },
  {
    "id": 14,
    "parent": -1,
    "children": [],
    "label": "clutter",
    "path": [
      "/data/S3DIS/Stanford3dDataset_v1.2_Aligned_Version/Area_4/lobby_1/Annotations/clutter_16.txt"
    ]
  },
  {
    "id": 15,
    "parent": 119,
    "children": [],
    "label": "window",
    "path": [
      "/data/S3DIS/Stanford3dDataset_v1.2_Aligned_Version/Area_4/lobby_1/Annotations/window_6.txt"
    ]
  },
  {
    "id": 16,
    "parent": 141,
    "children": [],
    "label": "table",
    "path": [
      "/data/S3DIS/Stanford3dDataset_v1.2_Aligned_Version/Area_4/lobby_1/Annotations/table_2.txt"
    ]
  },
  {
    "id": 17,
    "parent": 119,
    "children": [],
    "label": "window",
    "path": [
      "/data/S3DIS/Stanford3dDataset_v1.2_Aligned_Version/Area_4/lobby_1/Annotations/window_12.txt"
    ]
  },
  {
    "id": 18,
    "parent": -1,
    "children": [],
    "label": "clutter",
    "path": [
      "/data/S3DIS/Stanford3dDataset_v1.2_Aligned_Version/Area_4/lobby_1/Annotations/clutter_27.txt"
    ]
  },
  {
    "id": 19,
    "parent": 121,
    "children": [],
    "label": "ceiling",
    "path": [
      "/data/S3DIS/Stanford3dDataset_v1.2_Aligned_Version/Area_4/lobby_1/Annotations/ceiling_1.txt"
    ]
  },
  {
    "id": 20,
    "parent": 123,
    "children": [],
    "label": "bookcase",
    "path": [
      "/data/S3DIS/Stanford3dDataset_v1.2_Aligned_Version/Area_4/lobby_1/Annotations/bookcase_3.txt"
    ]
  },
  {
    "id": 21,
    "parent": -1,
    "children": [],
    "label": "clutter",
    "path": [
      "/data/S3DIS/Stanford3dDataset_v1.2_Aligned_Version/Area_4/lobby_1/Annotations/clutter_26.txt"
    ]
  },
  {
    "id": 22,
    "parent": 124,
    "children": [],
    "label": "door",
    "path": [
      "/data/S3DIS/Stanford3dDataset_v1.2_Aligned_Version/Area_4/lobby_1/Annotations/door_2.txt"
    ]
  },
  {
    "id": 23,
    "parent": 119,
    "children": [],
    "label": "window",
    "path": [
      "/data/S3DIS/Stanford3dDataset_v1.2_Aligned_Version/Area_4/lobby_1/Annotations/window_9.txt"
    ]
  },
  {
    "id": 24,
    "parent": 116,
    "children": [],
    "label": "wall",
    "path": [
      "/data/S3DIS/Stanford3dDataset_v1.2_Aligned_Version/Area_4/lobby_1/Annotations/wall_10.txt"
    ]
  },
  {
    "id": 25,
    "parent": 119,
    "children": [],
    "label": "window",
    "path": [
      "/data/S3DIS/Stanford3dDataset_v1.2_Aligned_Version/Area_4/lobby_1/Annotations/window_10.txt"
    ]
  },
  {
    "id": 26,
    "parent": -1,
    "children": [],
    "label": "clutter",
    "path": [
      "/data/S3DIS/Stanford3dDataset_v1.2_Aligned_Version/Area_4/lobby_1/Annotations/clutter_9.txt"
    ]
  },
  {
    "id": 27,
    "parent": 142,
    "children": [],
    "label": "chair",
    "path": [
      "/data/S3DIS/Stanford3dDataset_v1.2_Aligned_Version/Area_4/lobby_1/Annotations/chair_10.txt"
    ]
  },
  {
    "id": 28,
    "parent": -1,
    "children": [],
    "label": "clutter",
    "path": [
      "/data/S3DIS/Stanford3dDataset_v1.2_Aligned_Version/Area_4/lobby_1/Annotations/clutter_2.txt"
    ]
  },
  {
    "id": 29,
    "parent": 116,
    "children": [],
    "label": "wall",
    "path": [
      "/data/S3DIS/Stanford3dDataset_v1.2_Aligned_Version/Area_4/lobby_1/Annotations/wall_2.txt"
    ]
  },
  {
    "id": 30,
    "parent": -1,
    "children": [],
    "label": "clutter",
    "path": [
      "/data/S3DIS/Stanford3dDataset_v1.2_Aligned_Version/Area_4/lobby_1/Annotations/clutter_20.txt"
    ]
  },
  {
    "id": 31,
    "parent": 123,
    "children": [],
    "label": "bookcase",
    "path": [
      "/data/S3DIS/Stanford3dDataset_v1.2_Aligned_Version/Area_4/lobby_1/Annotations/bookcase_8.txt"
    ]
  },
  {
    "id": 32,
    "parent": 142,
    "children": [],
    "label": "chair",
    "path": [
      "/data/S3DIS/Stanford3dDataset_v1.2_Aligned_Version/Area_4/lobby_1/Annotations/chair_16.txt"
    ]
  },
  {
    "id": 33,
    "parent": 119,
    "children": [],
    "label": "window",
    "path": [
      "/data/S3DIS/Stanford3dDataset_v1.2_Aligned_Version/Area_4/lobby_1/Annotations/window_8.txt"
    ]
  },
  {
    "id": 34,
    "parent": 118,
    "children": [],
    "label": "column",
    "path": [
      "/data/S3DIS/Stanford3dDataset_v1.2_Aligned_Version/Area_4/lobby_1/Annotations/column_4.txt"
    ]
  },
  {
    "id": 35,
    "parent": -1,
    "children": [],
    "label": "clutter",
    "path": [
      "/data/S3DIS/Stanford3dDataset_v1.2_Aligned_Version/Area_4/lobby_1/Annotations/clutter_1.txt"
    ]
  },
  {
    "id": 36,
    "parent": 121,
    "children": [],
    "label": "ceiling",
    "path": [
      "/data/S3DIS/Stanford3dDataset_v1.2_Aligned_Version/Area_4/lobby_1/Annotations/ceiling_3.txt"
    ]
  },
  {
    "id": 37,
    "parent": 117,
    "children": [],
    "label": "beam",
    "path": [
      "/data/S3DIS/Stanford3dDataset_v1.2_Aligned_Version/Area_4/lobby_1/Annotations/beam_1.txt"
    ]
  },
  {
    "id": 38,
    "parent": -1,
    "children": [],
    "label": "clutter",
    "path": [
      "/data/S3DIS/Stanford3dDataset_v1.2_Aligned_Version/Area_4/lobby_1/Annotations/clutter_12.txt"
    ]
  },
  {
    "id": 39,
    "parent": 116,
    "children": [],
    "label": "wall",
    "path": [
      "/data/S3DIS/Stanford3dDataset_v1.2_Aligned_Version/Area_4/lobby_1/Annotations/wall_12.txt"
    ]
  },
  {
    "id": 40,
    "parent": 116,
    "children": [],
    "label": "wall",
    "path": [
      "/data/S3DIS/Stanford3dDataset_v1.2_Aligned_Version/Area_4/lobby_1/Annotations/wall_11.txt"
    ]
  },
  {
    "id": 41,
    "parent": -1,
    "children": [],
    "label": "clutter",
    "path": [
      "/data/S3DIS/Stanford3dDataset_v1.2_Aligned_Version/Area_4/lobby_1/Annotations/clutter_7.txt"
    ]
  },
  {
    "id": 42,
    "parent": 136,
    "children": [],
    "label": "chair",
    "path": [
      "/data/S3DIS/Stanford3dDataset_v1.2_Aligned_Version/Area_4/lobby_1/Annotations/chair_1.txt"
    ]
  },
  {
    "id": 43,
    "parent": 129,
    "children": [],
    "label": "sofa",
    "path": [
      "/data/S3DIS/Stanford3dDataset_v1.2_Aligned_Version/Area_4/lobby_1/Annotations/sofa_3.txt"
    ]
  },
  {
    "id": 44,
    "parent": -1,
    "children": [],
    "label": "clutter",
    "path": [
      "/data/S3DIS/Stanford3dDataset_v1.2_Aligned_Version/Area_4/lobby_1/Annotations/clutter_8.txt"
    ]
  },
  {
    "id": 45,
    "parent": 128,
    "children": [],
    "label": "sofa",
    "path": [
      "/data/S3DIS/Stanford3dDataset_v1.2_Aligned_Version/Area_4/lobby_1/Annotations/sofa_2.txt"
    ]
  },
  {
    "id": 46,
    "parent": 116,
    "children": [],
    "label": "wall",
    "path": [
      "/data/S3DIS/Stanford3dDataset_v1.2_Aligned_Version/Area_4/lobby_1/Annotations/wall_7.txt"
    ]
  },
  {
    "id": 47,
    "parent": 118,
    "children": [],
    "label": "column",
    "path": [
      "/data/S3DIS/Stanford3dDataset_v1.2_Aligned_Version/Area_4/lobby_1/Annotations/column_5.txt"
    ]
  },
  {
    "id": 48,
    "parent": 142,
    "children": [],
    "label": "chair",
    "path": [
      "/data/S3DIS/Stanford3dDataset_v1.2_Aligned_Version/Area_4/lobby_1/Annotations/chair_20.txt"
    ]
  },
  {
    "id": 49,
    "parent": 123,
    "children": [],
    "label": "bookcase",
    "path": [
      "/data/S3DIS/Stanford3dDataset_v1.2_Aligned_Version/Area_4/lobby_1/Annotations/bookcase_4.txt"
    ]
  },
  {
    "id": 50,
    "parent": 142,
    "children": [],
    "label": "chair",
    "path": [
      "/data/S3DIS/Stanford3dDataset_v1.2_Aligned_Version/Area_4/lobby_1/Annotations/chair_9.txt"
    ]
  },
  {
    "id": 51,
    "parent": -1,
    "children": [],
    "label": "clutter",
    "path": [
      "/data/S3DIS/Stanford3dDataset_v1.2_Aligned_Version/Area_4/lobby_1/Annotations/clutter_30.txt"
    ]
  },
  {
    "id": 52,
    "parent": 116,
    "children": [],
    "label": "wall",
    "path": [
      "/data/S3DIS/Stanford3dDataset_v1.2_Aligned_Version/Area_4/lobby_1/Annotations/wall_5.txt"
    ]
  },
  {
    "id": 53,
    "parent": 132,
    "children": [],
    "label": "table",
    "path": [
      "/data/S3DIS/Stanford3dDataset_v1.2_Aligned_Version/Area_4/lobby_1/Annotations/table_4.txt"
    ]
  },
  {
    "id": 54,
    "parent": 138,
    "children": [],
    "label": "chair",
    "path": [
      "/data/S3DIS/Stanford3dDataset_v1.2_Aligned_Version/Area_4/lobby_1/Annotations/chair_18.txt"
    ]
  },
  {
    "id": 55,
    "parent": -1,
    "children": [],
    "label": "clutter",
    "path": [
      "/data/S3DIS/Stanford3dDataset_v1.2_Aligned_Version/Area_4/lobby_1/Annotations/clutter_6.txt"
    ]
  },
  {
    "id": 56,
    "parent": -1,
    "children": [],
    "label": "clutter",
    "path": [
      "/data/S3DIS/Stanford3dDataset_v1.2_Aligned_Version/Area_4/lobby_1/Annotations/clutter_19.txt"
    ]
  },
  {
    "id": 57,
    "parent": 128,
    "children": [],
    "label": "sofa",
    "path": [
      "/data/S3DIS/Stanford3dDataset_v1.2_Aligned_Version/Area_4/lobby_1/Annotations/sofa_1.txt"
    ]
  },
  {
    "id": 58,
    "parent": 119,
    "children": [],
    "label": "window",
    "path": [
      "/data/S3DIS/Stanford3dDataset_v1.2_Aligned_Version/Area_4/lobby_1/Annotations/window_5.txt"
    ]
  },
  {
    "id": 59,
    "parent": 136,
    "children": [],
    "label": "chair",
    "path": [
      "/data/S3DIS/Stanford3dDataset_v1.2_Aligned_Version/Area_4/lobby_1/Annotations/chair_6.txt"
    ]
  },
  {
    "id": 60,
    "parent": 142,
    "children": [],
    "label": "chair",
    "path": [
      "/data/S3DIS/Stanford3dDataset_v1.2_Aligned_Version/Area_4/lobby_1/Annotations/chair_15.txt"
    ]
  },
  {
    "id": 61,
    "parent": -1,
    "children": [],
    "label": "clutter",
    "path": [
      "/data/S3DIS/Stanford3dDataset_v1.2_Aligned_Version/Area_4/lobby_1/Annotations/clutter_10.txt"
    ]
  },
  {
    "id": 62,
    "parent": 119,
    "children": [],
    "label": "window",
    "path": [
      "/data/S3DIS/Stanford3dDataset_v1.2_Aligned_Version/Area_4/lobby_1/Annotations/window_4.txt"
    ]
  },
  {
    "id": 63,
    "parent": 138,
    "children": [],
    "label": "chair",
    "path": [
      "/data/S3DIS/Stanford3dDataset_v1.2_Aligned_Version/Area_4/lobby_1/Annotations/chair_24.txt"
    ]
  },
  {
    "id": 64,
    "parent": -1,
    "children": [],
    "label": "clutter",
    "path": [
      "/data/S3DIS/Stanford3dDataset_v1.2_Aligned_Version/Area_4/lobby_1/Annotations/clutter_18.txt"
    ]
  },
  {
    "id": 65,
    "parent": 119,
    "children": [],
    "label": "window",
    "path": [
      "/data/S3DIS/Stanford3dDataset_v1.2_Aligned_Version/Area_4/lobby_1/Annotations/window_2.txt"
    ]
  },
  {
    "id": 66,
    "parent": -1,
    "children": [],
    "label": "clutter",
    "path": [
      "/data/S3DIS/Stanford3dDataset_v1.2_Aligned_Version/Area_4/lobby_1/Annotations/clutter_4.txt"
    ]
  },
  {
    "id": 67,
    "parent": 130,
    "children": [],
    "label": "table",
    "path": [
      "/data/S3DIS/Stanford3dDataset_v1.2_Aligned_Version/Area_4/lobby_1/Annotations/table_5.txt"
    ]
  },
  {
    "id": 68,
    "parent": 136,
    "children": [],
    "label": "chair",
    "path": [
      "/data/S3DIS/Stanford3dDataset_v1.2_Aligned_Version/Area_4/lobby_1/Annotations/chair_5.txt"
    ]
  },
  {
    "id": 69,
    "parent": -1,
    "children": [],
    "label": "clutter",
    "path": [
      "/data/S3DIS/Stanford3dDataset_v1.2_Aligned_Version/Area_4/lobby_1/Annotations/clutter_11.txt"
    ]
  },
  {
    "id": 70,
    "parent": 116,
    "children": [],
    "label": "wall",
    "path": [
      "/data/S3DIS/Stanford3dDataset_v1.2_Aligned_Version/Area_4/lobby_1/Annotations/wall_9.txt"
    ]
  },
  {
    "id": 71,
    "parent": 119,
    "children": [],
    "label": "window",
    "path": [
      "/data/S3DIS/Stanford3dDataset_v1.2_Aligned_Version/Area_4/lobby_1/Annotations/window_3.txt"
    ]
  },
  {
    "id": 72,
    "parent": 119,
    "children": [],
    "label": "window",
    "path": [
      "/data/S3DIS/Stanford3dDataset_v1.2_Aligned_Version/Area_4/lobby_1/Annotations/window_7.txt"
    ]
  },
  {
    "id": 73,
    "parent": -1,
    "children": [],
    "label": "clutter",
    "path": [
      "/data/S3DIS/Stanford3dDataset_v1.2_Aligned_Version/Area_4/lobby_1/Annotations/clutter_29.txt"
    ]
  },
  {
    "id": 74,
    "parent": 119,
    "children": [],
    "label": "window",
    "path": [
      "/data/S3DIS/Stanford3dDataset_v1.2_Aligned_Version/Area_4/lobby_1/Annotations/window_1.txt"
    ]
  },
  {
    "id": 75,
    "parent": 136,
    "children": [],
    "label": "chair",
    "path": [
      "/data/S3DIS/Stanford3dDataset_v1.2_Aligned_Version/Area_4/lobby_1/Annotations/chair_4.txt"
    ]
  },
  {
    "id": 76,
    "parent": 123,
    "children": [],
    "label": "bookcase",
    "path": [
      "/data/S3DIS/Stanford3dDataset_v1.2_Aligned_Version/Area_4/lobby_1/Annotations/bookcase_1.txt"
    ]
  },
  {
    "id": 77,
    "parent": -1,
    "children": [],
    "label": "clutter",
    "path": [
      "/data/S3DIS/Stanford3dDataset_v1.2_Aligned_Version/Area_4/lobby_1/Annotations/clutter_21.txt"
    ]
  },
  {
    "id": 78,
    "parent": 116,
    "children": [],
    "label": "wall",
    "path": [
      "/data/S3DIS/Stanford3dDataset_v1.2_Aligned_Version/Area_4/lobby_1/Annotations/wall_1.txt"
    ]
  },
  {
    "id": 79,
    "parent": 121,
    "children": [],
    "label": "ceiling",
    "path": [
      "/data/S3DIS/Stanford3dDataset_v1.2_Aligned_Version/Area_4/lobby_1/Annotations/ceiling_6.txt"
    ]
  },
  {
    "id": 80,
    "parent": 136,
    "children": [],
    "label": "chair",
    "path": [
      "/data/S3DIS/Stanford3dDataset_v1.2_Aligned_Version/Area_4/lobby_1/Annotations/chair_7.txt"
    ]
  },
  {
    "id": 81,
    "parent": 118,
    "children": [],
    "label": "column",
    "path": [
      "/data/S3DIS/Stanford3dDataset_v1.2_Aligned_Version/Area_4/lobby_1/Annotations/column_1.txt"
    ]
  },
  {
    "id": 82,
    "parent": 117,
    "children": [],
    "label": "beam",
    "path": [
      "/data/S3DIS/Stanford3dDataset_v1.2_Aligned_Version/Area_4/lobby_1/Annotations/beam_2.txt"
    ]
  },
  {
    "id": 83,
    "parent": 142,
    "children": [],
    "label": "chair",
    "path": [
      "/data/S3DIS/Stanford3dDataset_v1.2_Aligned_Version/Area_4/lobby_1/Annotations/chair_17.txt"
    ]
  },
  {
    "id": 84,
    "parent": 138,
    "children": [],
    "label": "chair",
    "path": [
      "/data/S3DIS/Stanford3dDataset_v1.2_Aligned_Version/Area_4/lobby_1/Annotations/chair_12.txt"
    ]
  },
  {
    "id": 85,
    "parent": -1,
    "children": [],
    "label": "clutter",
    "path": [
      "/data/S3DIS/Stanford3dDataset_v1.2_Aligned_Version/Area_4/lobby_1/Annotations/clutter_28.txt"
    ]
  },
  {
    "id": 86,
    "parent": 136,
    "children": [],
    "label": "chair",
    "path": [
      "/data/S3DIS/Stanford3dDataset_v1.2_Aligned_Version/Area_4/lobby_1/Annotations/chair_3.txt"
    ]
  },
  {
    "id": 87,
    "parent": 142,
    "children": [],
    "label": "chair",
    "path": [
      "/data/S3DIS/Stanford3dDataset_v1.2_Aligned_Version/Area_4/lobby_1/Annotations/chair_23.txt"
    ]
  },
  {
    "id": 88,
    "parent": 121,
    "children": [],
    "label": "ceiling",
    "path": [
      "/data/S3DIS/Stanford3dDataset_v1.2_Aligned_Version/Area_4/lobby_1/Annotations/ceiling_4.txt"
    ]
  },
  {
    "id": 89,
    "parent": 118,
    "children": [],
    "label": "column",
    "path": [
      "/data/S3DIS/Stanford3dDataset_v1.2_Aligned_Version/Area_4/lobby_1/Annotations/column_3.txt"
    ]
  },
  {
    "id": 90,
    "parent": 139,
    "children": [],
    "label": "table",
    "path": [
      "/data/S3DIS/Stanford3dDataset_v1.2_Aligned_Version/Area_4/lobby_1/Annotations/table_3.txt"
    ]
  },
  {
    "id": 91,
    "parent": 138,
    "children": [],
    "label": "chair",
    "path": [
      "/data/S3DIS/Stanford3dDataset_v1.2_Aligned_Version/Area_4/lobby_1/Annotations/chair_11.txt"
    ]
  },
  {
    "id": 92,
    "parent": -1,
    "children": [],
    "label": "clutter",
    "path": [
      "/data/S3DIS/Stanford3dDataset_v1.2_Aligned_Version/Area_4/lobby_1/Annotations/clutter_23.txt"
    ]
  },
  {
    "id": 93,
    "parent": 123,
    "children": [],
    "label": "bookcase",
    "path": [
      "/data/S3DIS/Stanford3dDataset_v1.2_Aligned_Version/Area_4/lobby_1/Annotations/bookcase_6.txt"
    ]
  },
  {
    "id": 94,
    "parent": 138,
    "children": [],
    "label": "chair",
    "path": [
      "/data/S3DIS/Stanford3dDataset_v1.2_Aligned_Version/Area_4/lobby_1/Annotations/chair_13.txt"
    ]
  },
  {
    "id": 95,
    "parent": -1,
    "children": [],
    "label": "clutter",
    "path": [
      "/data/S3DIS/Stanford3dDataset_v1.2_Aligned_Version/Area_4/lobby_1/Annotations/clutter_14.txt"
    ]
  },
  {
    "id": 96,
    "parent": -1,
    "children": [],
    "label": "clutter",
    "path": [
      "/data/S3DIS/Stanford3dDataset_v1.2_Aligned_Version/Area_4/lobby_1/Annotations/clutter_22.txt"
    ]
  },
  {
    "id": 97,
    "parent": 138,
    "children": [],
    "label": "chair",
    "path": [
      "/data/S3DIS/Stanford3dDataset_v1.2_Aligned_Version/Area_4/lobby_1/Annotations/chair_14.txt"
    ]
  },
  {
    "id": 98,
    "parent": 127,
    "children": [],
    "label": "door",
    "path": [
      "/data/S3DIS/Stanford3dDataset_v1.2_Aligned_Version/Area_4/lobby_1/Annotations/door_4.txt"
    ]
  },
  {
    "id": 99,
    "parent": 121,
    "children": [],
    "label": "ceiling",
    "path": [
      "/data/S3DIS/Stanford3dDataset_v1.2_Aligned_Version/Area_4/lobby_1/Annotations/ceiling_7.txt"
    ]
  },
  {
    "id": 101,
    "parent": 135,
    "children": [],
    "label": "table",
    "path": [
      "/data/S3DIS/Stanford3dDataset_v1.2_Aligned_Version/Area_4/lobby_1/Annotations/table_1.txt"
    ]
  },
  {
    "id": 102,
    "parent": 116,
    "children": [],
    "label": "wall",
    "path": [
      "/data/S3DIS/Stanford3dDataset_v1.2_Aligned_Version/Area_4/lobby_1/Annotations/wall_4.txt"
    ]
  },
  {
    "id": 103,
    "parent": -1,
    "children": [],
    "label": "clutter",
    "path": [
      "/data/S3DIS/Stanford3dDataset_v1.2_Aligned_Version/Area_4/lobby_1/Annotations/clutter_15.txt"
    ]
  },
  {
    "id": 104,
    "parent": 116,
    "children": [],
    "label": "wall",
    "path": [
      "/data/S3DIS/Stanford3dDataset_v1.2_Aligned_Version/Area_4/lobby_1/Annotations/wall_8.txt"
    ]
  },
  {
    "id": 105,
    "parent": 142,
    "children": [],
    "label": "chair",
    "path": [
      "/data/S3DIS/Stanford3dDataset_v1.2_Aligned_Version/Area_4/lobby_1/Annotations/chair_22.txt"
    ]
  },
  {
    "id": 106,
    "parent": 123,
    "children": [],
    "label": "bookcase",
    "path": [
      "/data/S3DIS/Stanford3dDataset_v1.2_Aligned_Version/Area_4/lobby_1/Annotations/bookcase_9.txt"
    ]
  },
  {
    "id": 107,
    "parent": 138,
    "children": [],
    "label": "chair",
    "path": [
      "/data/S3DIS/Stanford3dDataset_v1.2_Aligned_Version/Area_4/lobby_1/Annotations/chair_19.txt"
    ]
  },
  {
    "id": 108,
    "parent": -1,
    "children": [],
    "label": "clutter",
    "path": [
      "/data/S3DIS/Stanford3dDataset_v1.2_Aligned_Version/Area_4/lobby_1/Annotations/clutter_3.txt"
    ]
  },
  {
    "id": 109,
    "parent": -1,
    "children": [],
    "label": "clutter",
    "path": [
      "/data/S3DIS/Stanford3dDataset_v1.2_Aligned_Version/Area_4/lobby_1/Annotations/clutter_24.txt"
    ]
  },
  {
    "id": 110,
    "parent": -1,
    "children": [],
    "label": "clutter",
    "path": [
      "/data/S3DIS/Stanford3dDataset_v1.2_Aligned_Version/Area_4/lobby_1/Annotations/clutter_17.txt"
    ]
  },
  {
    "id": 111,
    "parent": 121,
    "children": [],
    "label": "ceiling",
    "path": [
      "/data/S3DIS/Stanford3dDataset_v1.2_Aligned_Version/Area_4/lobby_1/Annotations/ceiling_5.txt"
    ]
  },
  {
    "id": 112,
    "parent": 118,
    "children": [],
    "label": "column",
    "path": [
      "/data/S3DIS/Stanford3dDataset_v1.2_Aligned_Version/Area_4/lobby_1/Annotations/column_2.txt"
    ]
  },
  {
    "id": 113,
    "parent": 136,
    "children": [],
    "label": "chair",
    "path": [
      "/data/S3DIS/Stanford3dDataset_v1.2_Aligned_Version/Area_4/lobby_1/Annotations/chair_2.txt"
    ]
  },
  {
    "id": 114,
    "parent": 123,
    "children": [],
    "label": "bookcase",
    "path": [
      "/data/S3DIS/Stanford3dDataset_v1.2_Aligned_Version/Area_4/lobby_1/Annotations/bookcase_5.txt"
    ]
  },
  {
    "id": 115,
    "parent": 116,
    "children": [],
    "label": "wall",
    "path": [
      "/data/S3DIS/Stanford3dDataset_v1.2_Aligned_Version/Area_4/lobby_1/Annotations/wall_3.txt"
    ]
  },
  {
    "id": 116,
    "parent": 122,
    "children": [
      9,
      24,
      29,
      39,
      40,
      46,
      52,
      70,
      78,
      102,
      104,
      115
    ],
    "label": "wall group",
    "path": [
      "/data/S3DIS/Stanford3dDataset_v1.2_Aligned_Version/Area_4/lobby_1/Annotations/wall_6.txt",
      "/data/S3DIS/Stanford3dDataset_v1.2_Aligned_Version/Area_4/lobby_1/Annotations/wall_10.txt",
      "/data/S3DIS/Stanford3dDataset_v1.2_Aligned_Version/Area_4/lobby_1/Annotations/wall_2.txt",
      "/data/S3DIS/Stanford3dDataset_v1.2_Aligned_Version/Area_4/lobby_1/Annotations/wall_12.txt",
      "/data/S3DIS/Stanford3dDataset_v1.2_Aligned_Version/Area_4/lobby_1/Annotations/wall_11.txt",
      "/data/S3DIS/Stanford3dDataset_v1.2_Aligned_Version/Area_4/lobby_1/Annotations/wall_7.txt",
      "/data/S3DIS/Stanford3dDataset_v1.2_Aligned_Version/Area_4/lobby_1/Annotations/wall_5.txt",
      "/data/S3DIS/Stanford3dDataset_v1.2_Aligned_Version/Area_4/lobby_1/Annotations/wall_9.txt",
      "/data/S3DIS/Stanford3dDataset_v1.2_Aligned_Version/Area_4/lobby_1/Annotations/wall_1.txt",
      "/data/S3DIS/Stanford3dDataset_v1.2_Aligned_Version/Area_4/lobby_1/Annotations/wall_4.txt",
      "/data/S3DIS/Stanford3dDataset_v1.2_Aligned_Version/Area_4/lobby_1/Annotations/wall_8.txt",
      "/data/S3DIS/Stanford3dDataset_v1.2_Aligned_Version/Area_4/lobby_1/Annotations/wall_3.txt"
    ]
  },
  {
    "id": 117,
    "parent": 122,
    "children": [
      37,
      82
    ],
    "label": "beam group",
    "path": [
      "/data/S3DIS/Stanford3dDataset_v1.2_Aligned_Version/Area_4/lobby_1/Annotations/beam_1.txt",
      "/data/S3DIS/Stanford3dDataset_v1.2_Aligned_Version/Area_4/lobby_1/Annotations/beam_2.txt"
    ]
  },
  {
    "id": 118,
    "parent": 122,
    "children": [
      34,
      47,
      81,
      89,
      112
    ],
    "label": "column group",
    "path": [
      "/data/S3DIS/Stanford3dDataset_v1.2_Aligned_Version/Area_4/lobby_1/Annotations/column_4.txt",
      "/data/S3DIS/Stanford3dDataset_v1.2_Aligned_Version/Area_4/lobby_1/Annotations/column_5.txt",
      "/data/S3DIS/Stanford3dDataset_v1.2_Aligned_Version/Area_4/lobby_1/Annotations/column_1.txt",
      "/data/S3DIS/Stanford3dDataset_v1.2_Aligned_Version/Area_4/lobby_1/Annotations/column_3.txt",
      "/data/S3DIS/Stanford3dDataset_v1.2_Aligned_Version/Area_4/lobby_1/Annotations/column_2.txt"
    ]
  },
  {
    "id": 119,
    "parent": 122,
    "children": [
      8,
      15,
      17,
      23,
      25,
      33,
      58,
      62,
      65,
      71,
      72,
      74
    ],
    "label": "window group",
    "path": [
      "/data/S3DIS/Stanford3dDataset_v1.2_Aligned_Version/Area_4/lobby_1/Annotations/window_11.txt",
      "/data/S3DIS/Stanford3dDataset_v1.2_Aligned_Version/Area_4/lobby_1/Annotations/window_6.txt",
      "/data/S3DIS/Stanford3dDataset_v1.2_Aligned_Version/Area_4/lobby_1/Annotations/window_12.txt",
      "/data/S3DIS/Stanford3dDataset_v1.2_Aligned_Version/Area_4/lobby_1/Annotations/window_9.txt",
      "/data/S3DIS/Stanford3dDataset_v1.2_Aligned_Version/Area_4/lobby_1/Annotations/window_10.txt",
      "/data/S3DIS/Stanford3dDataset_v1.2_Aligned_Version/Area_4/lobby_1/Annotations/window_8.txt",
      "/data/S3DIS/Stanford3dDataset_v1.2_Aligned_Version/Area_4/lobby_1/Annotations/window_5.txt",
      "/data/S3DIS/Stanford3dDataset_v1.2_Aligned_Version/Area_4/lobby_1/Annotations/window_4.txt",
      "/data/S3DIS/Stanford3dDataset_v1.2_Aligned_Version/Area_4/lobby_1/Annotations/window_2.txt",
      "/data/S3DIS/Stanford3dDataset_v1.2_Aligned_Version/Area_4/lobby_1/Annotations/window_3.txt",
      "/data/S3DIS/Stanford3dDataset_v1.2_Aligned_Version/Area_4/lobby_1/Annotations/window_7.txt",
      "/data/S3DIS/Stanford3dDataset_v1.2_Aligned_Version/Area_4/lobby_1/Annotations/window_1.txt"
    ]
  },
  {
    "id": 120,
    "parent": 122,
    "children": [
      4
    ],
    "label": "floor group",
    "path": [
      "/data/S3DIS/Stanford3dDataset_v1.2_Aligned_Version/Area_4/lobby_1/Annotations/floor_1.txt"
    ]
  },
  {
    "id": 121,
    "parent": 122,
    "children": [
      2,
      19,
      36,
      79,
      88,
      99,
      111
    ],
    "label": "ceiling group",
    "path": [
      "/data/S3DIS/Stanford3dDataset_v1.2_Aligned_Version/Area_4/lobby_1/Annotations/ceiling_2.txt",
      "/data/S3DIS/Stanford3dDataset_v1.2_Aligned_Version/Area_4/lobby_1/Annotations/ceiling_1.txt",
      "/data/S3DIS/Stanford3dDataset_v1.2_Aligned_Version/Area_4/lobby_1/Annotations/ceiling_3.txt",
      "/data/S3DIS/Stanford3dDataset_v1.2_Aligned_Version/Area_4/lobby_1/Annotations/ceiling_6.txt",
      "/data/S3DIS/Stanford3dDataset_v1.2_Aligned_Version/Area_4/lobby_1/Annotations/ceiling_4.txt",
      "/data/S3DIS/Stanford3dDataset_v1.2_Aligned_Version/Area_4/lobby_1/Annotations/ceiling_7.txt",
      "/data/S3DIS/Stanford3dDataset_v1.2_Aligned_Version/Area_4/lobby_1/Annotations/ceiling_5.txt"
    ]
  },
  {
    "id": 122,
    "parent": -1,
    "children": [
      116,
      117,
      118,
      119,
      120,
      121
    ],
    "label": "building area",
    "path": [
      "/data/S3DIS/Stanford3dDataset_v1.2_Aligned_Version/Area_4/lobby_1/Annotations/wall_6.txt",
      "/data/S3DIS/Stanford3dDataset_v1.2_Aligned_Version/Area_4/lobby_1/Annotations/wall_10.txt",
      "/data/S3DIS/Stanford3dDataset_v1.2_Aligned_Version/Area_4/lobby_1/Annotations/wall_2.txt",
      "/data/S3DIS/Stanford3dDataset_v1.2_Aligned_Version/Area_4/lobby_1/Annotations/wall_12.txt",
      "/data/S3DIS/Stanford3dDataset_v1.2_Aligned_Version/Area_4/lobby_1/Annotations/wall_11.txt",
      "/data/S3DIS/Stanford3dDataset_v1.2_Aligned_Version/Area_4/lobby_1/Annotations/wall_7.txt",
      "/data/S3DIS/Stanford3dDataset_v1.2_Aligned_Version/Area_4/lobby_1/Annotations/wall_5.txt",
      "/data/S3DIS/Stanford3dDataset_v1.2_Aligned_Version/Area_4/lobby_1/Annotations/wall_9.txt",
      "/data/S3DIS/Stanford3dDataset_v1.2_Aligned_Version/Area_4/lobby_1/Annotations/wall_1.txt",
      "/data/S3DIS/Stanford3dDataset_v1.2_Aligned_Version/Area_4/lobby_1/Annotations/wall_4.txt",
      "/data/S3DIS/Stanford3dDataset_v1.2_Aligned_Version/Area_4/lobby_1/Annotations/wall_8.txt",
      "/data/S3DIS/Stanford3dDataset_v1.2_Aligned_Version/Area_4/lobby_1/Annotations/wall_3.txt",
      "/data/S3DIS/Stanford3dDataset_v1.2_Aligned_Version/Area_4/lobby_1/Annotations/beam_1.txt",
      "/data/S3DIS/Stanford3dDataset_v1.2_Aligned_Version/Area_4/lobby_1/Annotations/beam_2.txt",
      "/data/S3DIS/Stanford3dDataset_v1.2_Aligned_Version/Area_4/lobby_1/Annotations/column_4.txt",
      "/data/S3DIS/Stanford3dDataset_v1.2_Aligned_Version/Area_4/lobby_1/Annotations/column_5.txt",
      "/data/S3DIS/Stanford3dDataset_v1.2_Aligned_Version/Area_4/lobby_1/Annotations/column_1.txt",
      "/data/S3DIS/Stanford3dDataset_v1.2_Aligned_Version/Area_4/lobby_1/Annotations/column_3.txt",
      "/data/S3DIS/Stanford3dDataset_v1.2_Aligned_Version/Area_4/lobby_1/Annotations/column_2.txt",
      "/data/S3DIS/Stanford3dDataset_v1.2_Aligned_Version/Area_4/lobby_1/Annotations/window_11.txt",
      "/data/S3DIS/Stanford3dDataset_v1.2_Aligned_Version/Area_4/lobby_1/Annotations/window_6.txt",
      "/data/S3DIS/Stanford3dDataset_v1.2_Aligned_Version/Area_4/lobby_1/Annotations/window_12.txt",
      "/data/S3DIS/Stanford3dDataset_v1.2_Aligned_Version/Area_4/lobby_1/Annotations/window_9.txt",
      "/data/S3DIS/Stanford3dDataset_v1.2_Aligned_Version/Area_4/lobby_1/Annotations/window_10.txt",
      "/data/S3DIS/Stanford3dDataset_v1.2_Aligned_Version/Area_4/lobby_1/Annotations/window_8.txt",
      "/data/S3DIS/Stanford3dDataset_v1.2_Aligned_Version/Area_4/lobby_1/Annotations/window_5.txt",
      "/data/S3DIS/Stanford3dDataset_v1.2_Aligned_Version/Area_4/lobby_1/Annotations/window_4.txt",
      "/data/S3DIS/Stanford3dDataset_v1.2_Aligned_Version/Area_4/lobby_1/Annotations/window_2.txt",
      "/data/S3DIS/Stanford3dDataset_v1.2_Aligned_Version/Area_4/lobby_1/Annotations/window_3.txt",
      "/data/S3DIS/Stanford3dDataset_v1.2_Aligned_Version/Area_4/lobby_1/Annotations/window_7.txt",
      "/data/S3DIS/Stanford3dDataset_v1.2_Aligned_Version/Area_4/lobby_1/Annotations/window_1.txt",
      "/data/S3DIS/Stanford3dDataset_v1.2_Aligned_Version/Area_4/lobby_1/Annotations/floor_1.txt",
      "/data/S3DIS/Stanford3dDataset_v1.2_Aligned_Version/Area_4/lobby_1/Annotations/ceiling_2.txt",
      "/data/S3DIS/Stanford3dDataset_v1.2_Aligned_Version/Area_4/lobby_1/Annotations/ceiling_1.txt",
      "/data/S3DIS/Stanford3dDataset_v1.2_Aligned_Version/Area_4/lobby_1/Annotations/ceiling_3.txt",
      "/data/S3DIS/Stanford3dDataset_v1.2_Aligned_Version/Area_4/lobby_1/Annotations/ceiling_6.txt",
      "/data/S3DIS/Stanford3dDataset_v1.2_Aligned_Version/Area_4/lobby_1/Annotations/ceiling_4.txt",
      "/data/S3DIS/Stanford3dDataset_v1.2_Aligned_Version/Area_4/lobby_1/Annotations/ceiling_7.txt",
      "/data/S3DIS/Stanford3dDataset_v1.2_Aligned_Version/Area_4/lobby_1/Annotations/ceiling_5.txt"
    ]
  },
  {
    "id": 123,
    "parent": 134,
    "children": [
      6,
      10,
      20,
      31,
      49,
      76,
      93,
      106,
      114
    ],
    "label": "bookcase group",
    "path": [
      "/data/S3DIS/Stanford3dDataset_v1.2_Aligned_Version/Area_4/lobby_1/Annotations/bookcase_7.txt",
      "/data/S3DIS/Stanford3dDataset_v1.2_Aligned_Version/Area_4/lobby_1/Annotations/bookcase_2.txt",
      "/data/S3DIS/Stanford3dDataset_v1.2_Aligned_Version/Area_4/lobby_1/Annotations/bookcase_3.txt",
      "/data/S3DIS/Stanford3dDataset_v1.2_Aligned_Version/Area_4/lobby_1/Annotations/bookcase_8.txt",
      "/data/S3DIS/Stanford3dDataset_v1.2_Aligned_Version/Area_4/lobby_1/Annotations/bookcase_4.txt",
      "/data/S3DIS/Stanford3dDataset_v1.2_Aligned_Version/Area_4/lobby_1/Annotations/bookcase_1.txt",
      "/data/S3DIS/Stanford3dDataset_v1.2_Aligned_Version/Area_4/lobby_1/Annotations/bookcase_6.txt",
      "/data/S3DIS/Stanford3dDataset_v1.2_Aligned_Version/Area_4/lobby_1/Annotations/bookcase_9.txt",
      "/data/S3DIS/Stanford3dDataset_v1.2_Aligned_Version/Area_4/lobby_1/Annotations/bookcase_5.txt"
    ]
  },
  {
    "id": 124,
    "parent": 144,
    "children": [
      22
    ],
    "label": "door group",
    "path": [
      "/data/S3DIS/Stanford3dDataset_v1.2_Aligned_Version/Area_4/lobby_1/Annotations/door_2.txt"
    ]
  },
  {
    "id": 125,
    "parent": 147,
    "children": [
      7
    ],
    "label": "door group",
    "path": [
      "/data/S3DIS/Stanford3dDataset_v1.2_Aligned_Version/Area_4/lobby_1/Annotations/door_1.txt"
    ]
  },
  {
    "id": 126,
    "parent": 146,
    "children": [
      13
    ],
    "label": "door group",
    "path": [
      "/data/S3DIS/Stanford3dDataset_v1.2_Aligned_Version/Area_4/lobby_1/Annotations/door_3.txt"
    ]
  },
  {
    "id": 127,
    "parent": 145,
    "children": [
      98
    ],
    "label": "door group",
    "path": [
      "/data/S3DIS/Stanford3dDataset_v1.2_Aligned_Version/Area_4/lobby_1/Annotations/door_4.txt"
    ]
  },
  {
    "id": 128,
    "parent": 131,
    "children": [
      45,
      57
    ],
    "label": "sofa group",
    "path": [
      "/data/S3DIS/Stanford3dDataset_v1.2_Aligned_Version/Area_4/lobby_1/Annotations/sofa_2.txt",
      "/data/S3DIS/Stanford3dDataset_v1.2_Aligned_Version/Area_4/lobby_1/Annotations/sofa_1.txt"
    ]
  },
  {
    "id": 129,
    "parent": 133,
    "children": [
      0,
      43
    ],
    "label": "sofa group",
    "path": [
      "/data/S3DIS/Stanford3dDataset_v1.2_Aligned_Version/Area_4/lobby_1/Annotations/sofa_4.txt",
      "/data/S3DIS/Stanford3dDataset_v1.2_Aligned_Version/Area_4/lobby_1/Annotations/sofa_3.txt"
    ]
  },
  {
    "id": 130,
    "parent": 131,
    "children": [
      67
    ],
    "label": "table group",
    "path": [
      "/data/S3DIS/Stanford3dDataset_v1.2_Aligned_Version/Area_4/lobby_1/Annotations/table_5.txt"
    ]
  },
  {
    "id": 131,
    "parent": -1,
    "children": [
      128,
      130
    ],
    "label": "rest area",
    "path": [
      "/data/S3DIS/Stanford3dDataset_v1.2_Aligned_Version/Area_4/lobby_1/Annotations/sofa_2.txt",
      "/data/S3DIS/Stanford3dDataset_v1.2_Aligned_Version/Area_4/lobby_1/Annotations/sofa_1.txt",
      "/data/S3DIS/Stanford3dDataset_v1.2_Aligned_Version/Area_4/lobby_1/Annotations/table_5.txt"
    ]
  },
  {
    "id": 132,
    "parent": 133,
    "children": [
      53
    ],
    "label": "table group",
    "path": [
      "/data/S3DIS/Stanford3dDataset_v1.2_Aligned_Version/Area_4/lobby_1/Annotations/table_4.txt"
    ]
  },
  {
    "id": 133,
    "parent": -1,
    "children": [
      129,
      132
    ],
    "label": "rest area",
    "path": [
      "/data/S3DIS/Stanford3dDataset_v1.2_Aligned_Version/Area_4/lobby_1/Annotations/sofa_4.txt",
      "/data/S3DIS/Stanford3dDataset_v1.2_Aligned_Version/Area_4/lobby_1/Annotations/sofa_3.txt",
      "/data/S3DIS/Stanford3dDataset_v1.2_Aligned_Version/Area_4/lobby_1/Annotations/table_4.txt"
    ]
  },
  {
    "id": 134,
    "parent": -1,
    "children": [
      123
    ],
    "label": "case area",
    "path": [
      "/data/S3DIS/Stanford3dDataset_v1.2_Aligned_Version/Area_4/lobby_1/Annotations/bookcase_7.txt",
      "/data/S3DIS/Stanford3dDataset_v1.2_Aligned_Version/Area_4/lobby_1/Annotations/bookcase_2.txt",
      "/data/S3DIS/Stanford3dDataset_v1.2_Aligned_Version/Area_4/lobby_1/Annotations/bookcase_3.txt",
      "/data/S3DIS/Stanford3dDataset_v1.2_Aligned_Version/Area_4/lobby_1/Annotations/bookcase_8.txt",
      "/data/S3DIS/Stanford3dDataset_v1.2_Aligned_Version/Area_4/lobby_1/Annotations/bookcase_4.txt",
      "/data/S3DIS/Stanford3dDataset_v1.2_Aligned_Version/Area_4/lobby_1/Annotations/bookcase_1.txt",
      "/data/S3DIS/Stanford3dDataset_v1.2_Aligned_Version/Area_4/lobby_1/Annotations/bookcase_6.txt",
      "/data/S3DIS/Stanford3dDataset_v1.2_Aligned_Version/Area_4/lobby_1/Annotations/bookcase_9.txt",
      "/data/S3DIS/Stanford3dDataset_v1.2_Aligned_Version/Area_4/lobby_1/Annotations/bookcase_5.txt"
    ]
  },
  {
    "id": 135,
    "parent": 137,
    "children": [
      101
    ],
    "label": "table group",
    "path": [
      "/data/S3DIS/Stanford3dDataset_v1.2_Aligned_Version/Area_4/lobby_1/Annotations/table_1.txt"
    ]
  },
  {
    "id": 136,
    "parent": 137,
    "children": [
      42,
      59,
      68,
      75,
      80,
      86,
      113
    ],
    "label": "chair group",
    "path": [
      "/data/S3DIS/Stanford3dDataset_v1.2_Aligned_Version/Area_4/lobby_1/Annotations/chair_1.txt",
      "/data/S3DIS/Stanford3dDataset_v1.2_Aligned_Version/Area_4/lobby_1/Annotations/chair_6.txt",
      "/data/S3DIS/Stanford3dDataset_v1.2_Aligned_Version/Area_4/lobby_1/Annotations/chair_5.txt",
      "/data/S3DIS/Stanford3dDataset_v1.2_Aligned_Version/Area_4/lobby_1/Annotations/chair_4.txt",
      "/data/S3DIS/Stanford3dDataset_v1.2_Aligned_Version/Area_4/lobby_1/Annotations/chair_7.txt",
      "/data/S3DIS/Stanford3dDataset_v1.2_Aligned_Version/Area_4/lobby_1/Annotations/chair_3.txt",
      "/data/S3DIS/Stanford3dDataset_v1.2_Aligned_Version/Area_4/lobby_1/Annotations/chair_2.txt"
    ]
  },
  {
    "id": 137,
    "parent": -1,
    "children": [
      135,
      136
    ],
    "label": "table area",
    "path": [
      "/data/S3DIS/Stanford3dDataset_v1.2_Aligned_Version/Area_4/lobby_1/Annotations/table_1.txt",
      "/data/S3DIS/Stanford3dDataset_v1.2_Aligned_Version/Area_4/lobby_1/Annotations/chair_1.txt",
      "/data/S3DIS/Stanford3dDataset_v1.2_Aligned_Version/Area_4/lobby_1/Annotations/chair_6.txt",
      "/data/S3DIS/Stanford3dDataset_v1.2_Aligned_Version/Area_4/lobby_1/Annotations/chair_5.txt",
      "/data/S3DIS/Stanford3dDataset_v1.2_Aligned_Version/Area_4/lobby_1/Annotations/chair_4.txt",
      "/data/S3DIS/Stanford3dDataset_v1.2_Aligned_Version/Area_4/lobby_1/Annotations/chair_7.txt",
      "/data/S3DIS/Stanford3dDataset_v1.2_Aligned_Version/Area_4/lobby_1/Annotations/chair_3.txt",
      "/data/S3DIS/Stanford3dDataset_v1.2_Aligned_Version/Area_4/lobby_1/Annotations/chair_2.txt"
    ]
  },
  {
    "id": 138,
    "parent": 140,
    "children": [
      54,
      63,
      84,
      91,
      94,
      97,
      107
    ],
    "label": "chair group",
    "path": [
      "/data/S3DIS/Stanford3dDataset_v1.2_Aligned_Version/Area_4/lobby_1/Annotations/chair_18.txt",
      "/data/S3DIS/Stanford3dDataset_v1.2_Aligned_Version/Area_4/lobby_1/Annotations/chair_24.txt",
      "/data/S3DIS/Stanford3dDataset_v1.2_Aligned_Version/Area_4/lobby_1/Annotations/chair_12.txt",
      "/data/S3DIS/Stanford3dDataset_v1.2_Aligned_Version/Area_4/lobby_1/Annotations/chair_11.txt",
      "/data/S3DIS/Stanford3dDataset_v1.2_Aligned_Version/Area_4/lobby_1/Annotations/chair_13.txt",
      "/data/S3DIS/Stanford3dDataset_v1.2_Aligned_Version/Area_4/lobby_1/Annotations/chair_14.txt",
      "/data/S3DIS/Stanford3dDataset_v1.2_Aligned_Version/Area_4/lobby_1/Annotations/chair_19.txt"
    ]
  },
  {
    "id": 139,
    "parent": 140,
    "children": [
      90
    ],
    "label": "table group",
    "path": [
      "/data/S3DIS/Stanford3dDataset_v1.2_Aligned_Version/Area_4/lobby_1/Annotations/table_3.txt"
    ]
  },
  {
    "id": 140,
    "parent": -1,
    "children": [
      138,
      139
    ],
    "label": "table area",
    "path": [
      "/data/S3DIS/Stanford3dDataset_v1.2_Aligned_Version/Area_4/lobby_1/Annotations/chair_18.txt",
      "/data/S3DIS/Stanford3dDataset_v1.2_Aligned_Version/Area_4/lobby_1/Annotations/chair_24.txt",
      "/data/S3DIS/Stanford3dDataset_v1.2_Aligned_Version/Area_4/lobby_1/Annotations/chair_12.txt",
      "/data/S3DIS/Stanford3dDataset_v1.2_Aligned_Version/Area_4/lobby_1/Annotations/chair_11.txt",
      "/data/S3DIS/Stanford3dDataset_v1.2_Aligned_Version/Area_4/lobby_1/Annotations/chair_13.txt",
      "/data/S3DIS/Stanford3dDataset_v1.2_Aligned_Version/Area_4/lobby_1/Annotations/chair_14.txt",
      "/data/S3DIS/Stanford3dDataset_v1.2_Aligned_Version/Area_4/lobby_1/Annotations/chair_19.txt",
      "/data/S3DIS/Stanford3dDataset_v1.2_Aligned_Version/Area_4/lobby_1/Annotations/table_3.txt"
    ]
  },
  {
    "id": 141,
    "parent": 143,
    "children": [
      16
    ],
    "label": "table group",
    "path": [
      "/data/S3DIS/Stanford3dDataset_v1.2_Aligned_Version/Area_4/lobby_1/Annotations/table_2.txt"
    ]
  },
  {
    "id": 142,
    "parent": 143,
    "children": [
      1,
      3,
      27,
      32,
      48,
      50,
      60,
      83,
      87,
      105
    ],
    "label": "chair group",
    "path": [
      "/data/S3DIS/Stanford3dDataset_v1.2_Aligned_Version/Area_4/lobby_1/Annotations/chair_8.txt",
      "/data/S3DIS/Stanford3dDataset_v1.2_Aligned_Version/Area_4/lobby_1/Annotations/chair_21.txt",
      "/data/S3DIS/Stanford3dDataset_v1.2_Aligned_Version/Area_4/lobby_1/Annotations/chair_10.txt",
      "/data/S3DIS/Stanford3dDataset_v1.2_Aligned_Version/Area_4/lobby_1/Annotations/chair_16.txt",
      "/data/S3DIS/Stanford3dDataset_v1.2_Aligned_Version/Area_4/lobby_1/Annotations/chair_20.txt",
      "/data/S3DIS/Stanford3dDataset_v1.2_Aligned_Version/Area_4/lobby_1/Annotations/chair_9.txt",
      "/data/S3DIS/Stanford3dDataset_v1.2_Aligned_Version/Area_4/lobby_1/Annotations/chair_15.txt",
      "/data/S3DIS/Stanford3dDataset_v1.2_Aligned_Version/Area_4/lobby_1/Annotations/chair_17.txt",
      "/data/S3DIS/Stanford3dDataset_v1.2_Aligned_Version/Area_4/lobby_1/Annotations/chair_23.txt",
      "/data/S3DIS/Stanford3dDataset_v1.2_Aligned_Version/Area_4/lobby_1/Annotations/chair_22.txt"
    ]
  },
  {
    "id": 143,
    "parent": -1,
    "children": [
      141,
      142
    ],
    "label": "table area",
    "path": [
      "/data/S3DIS/Stanford3dDataset_v1.2_Aligned_Version/Area_4/lobby_1/Annotations/table_2.txt",
      "/data/S3DIS/Stanford3dDataset_v1.2_Aligned_Version/Area_4/lobby_1/Annotations/chair_8.txt",
      "/data/S3DIS/Stanford3dDataset_v1.2_Aligned_Version/Area_4/lobby_1/Annotations/chair_21.txt",
      "/data/S3DIS/Stanford3dDataset_v1.2_Aligned_Version/Area_4/lobby_1/Annotations/chair_10.txt",
      "/data/S3DIS/Stanford3dDataset_v1.2_Aligned_Version/Area_4/lobby_1/Annotations/chair_16.txt",
      "/data/S3DIS/Stanford3dDataset_v1.2_Aligned_Version/Area_4/lobby_1/Annotations/chair_20.txt",
      "/data/S3DIS/Stanford3dDataset_v1.2_Aligned_Version/Area_4/lobby_1/Annotations/chair_9.txt",
      "/data/S3DIS/Stanford3dDataset_v1.2_Aligned_Version/Area_4/lobby_1/Annotations/chair_15.txt",
      "/data/S3DIS/Stanford3dDataset_v1.2_Aligned_Version/Area_4/lobby_1/Annotations/chair_17.txt",
      "/data/S3DIS/Stanford3dDataset_v1.2_Aligned_Version/Area_4/lobby_1/Annotations/chair_23.txt",
      "/data/S3DIS/Stanford3dDataset_v1.2_Aligned_Version/Area_4/lobby_1/Annotations/chair_22.txt"
    ]
  },
  {
    "id": 144,
    "parent": -1,
    "children": [
      124
    ],
    "label": "entrance area",
    "path": [
      "/data/S3DIS/Stanford3dDataset_v1.2_Aligned_Version/Area_4/lobby_1/Annotations/door_2.txt"
    ]
  },
  {
    "id": 145,
    "parent": -1,
    "children": [
      127
    ],
    "label": "entrance area",
    "path": [
      "/data/S3DIS/Stanford3dDataset_v1.2_Aligned_Version/Area_4/lobby_1/Annotations/door_4.txt"
    ]
  },
  {
    "id": 146,
    "parent": -1,
    "children": [
      126
    ],
    "label": "entrance area",
    "path": [
      "/data/S3DIS/Stanford3dDataset_v1.2_Aligned_Version/Area_4/lobby_1/Annotations/door_3.txt"
    ]
  },
  {
    "id": 147,
    "parent": -1,
    "children": [
      125
    ],
    "label": "entrance area",
    "path": [
      "/data/S3DIS/Stanford3dDataset_v1.2_Aligned_Version/Area_4/lobby_1/Annotations/door_1.txt"
    ]
  }
]