[{"id": 0, "parent": 15, "children": [], "label": "floor", "path": ["/data/S3DIS/Stanford3dDataset_v1.2_Aligned_Version/Area_4/storage_2/Annotations/floor_1.txt"]}, {"id": 1, "parent": 16, "children": [], "label": "door", "path": ["/data/S3DIS/Stanford3dDataset_v1.2_Aligned_Version/Area_4/storage_2/Annotations/door_1.txt"]}, {"id": 2, "parent": 13, "children": [], "label": "ceiling", "path": ["/data/S3DIS/Stanford3dDataset_v1.2_Aligned_Version/Area_4/storage_2/Annotations/ceiling_1.txt"]}, {"id": 3, "parent": 17, "children": [], "label": "door", "path": ["/data/S3DIS/Stanford3dDataset_v1.2_Aligned_Version/Area_4/storage_2/Annotations/door_2.txt"]}, {"id": 4, "parent": 12, "children": [], "label": "wall", "path": ["/data/S3DIS/Stanford3dDataset_v1.2_Aligned_Version/Area_4/storage_2/Annotations/wall_2.txt"]}, {"id": 5, "parent": 21, "children": [], "label": "chair", "path": ["/data/S3DIS/Stanford3dDataset_v1.2_Aligned_Version/Area_4/storage_2/Annotations/chair_1.txt"]}, {"id": 6, "parent": 12, "children": [], "label": "wall", "path": ["/data/S3DIS/Stanford3dDataset_v1.2_Aligned_Version/Area_4/storage_2/Annotations/wall_5.txt"]}, {"id": 7, "parent": 12, "children": [], "label": "wall", "path": ["/data/S3DIS/Stanford3dDataset_v1.2_Aligned_Version/Area_4/storage_2/Annotations/wall_1.txt"]}, {"id": 8, "parent": 14, "children": [], "label": "column", "path": ["/data/S3DIS/Stanford3dDataset_v1.2_Aligned_Version/Area_4/storage_2/Annotations/column_1.txt"]}, {"id": 10, "parent": 12, "children": [], "label": "wall", "path": ["/data/S3DIS/Stanford3dDataset_v1.2_Aligned_Version/Area_4/storage_2/Annotations/wall_4.txt"]}, {"id": 11, "parent": 12, "children": [], "label": "wall", "path": ["/data/S3DIS/Stanford3dDataset_v1.2_Aligned_Version/Area_4/storage_2/Annotations/wall_3.txt"]}, {"id": 12, "parent": 18, "children": [4, 6, 7, 10, 11], "label": "wall group", "path": ["/data/S3DIS/Stanford3dDataset_v1.2_Aligned_Version/Area_4/storage_2/Annotations/wall_2.txt", "/data/S3DIS/Stanford3dDataset_v1.2_Aligned_Version/Area_4/storage_2/Annotations/wall_5.txt", "/data/S3DIS/Stanford3dDataset_v1.2_Aligned_Version/Area_4/storage_2/Annotations/wall_1.txt", "/data/S3DIS/Stanford3dDataset_v1.2_Aligned_Version/Area_4/storage_2/Annotations/wall_4.txt", "/data/S3DIS/Stanford3dDataset_v1.2_Aligned_Version/Area_4/storage_2/Annotations/wall_3.txt"]}, {"id": 13, "parent": 18, "children": [2], "label": "ceiling group", "path": ["/data/S3DIS/Stanford3dDataset_v1.2_Aligned_Version/Area_4/storage_2/Annotations/ceiling_1.txt"]}, {"id": 14, "parent": 18, "children": [8], "label": "column group", "path": ["/data/S3DIS/Stanford3dDataset_v1.2_Aligned_Version/Area_4/storage_2/Annotations/column_1.txt"]}, {"id": 15, "parent": 18, "children": [0], "label": "floor group", "path": ["/data/S3DIS/Stanford3dDataset_v1.2_Aligned_Version/Area_4/storage_2/Annotations/floor_1.txt"]}, {"id": 16, "parent": 19, "children": [1], "label": "door group", "path": ["/data/S3DIS/Stanford3dDataset_v1.2_Aligned_Version/Area_4/storage_2/Annotations/door_1.txt"]}, {"id": 17, "parent": 20, "children": [3], "label": "door group", "path": ["/data/S3DIS/Stanford3dDataset_v1.2_Aligned_Version/Area_4/storage_2/Annotations/door_2.txt"]}, {"id": 18, "parent": -1, "children": [12, 13, 14, 15], "label": "building area", "path": ["/data/S3DIS/Stanford3dDataset_v1.2_Aligned_Version/Area_4/storage_2/Annotations/wall_2.txt", "/data/S3DIS/Stanford3dDataset_v1.2_Aligned_Version/Area_4/storage_2/Annotations/wall_5.txt", "/data/S3DIS/Stanford3dDataset_v1.2_Aligned_Version/Area_4/storage_2/Annotations/wall_1.txt", "/data/S3DIS/Stanford3dDataset_v1.2_Aligned_Version/Area_4/storage_2/Annotations/wall_4.txt", "/data/S3DIS/Stanford3dDataset_v1.2_Aligned_Version/Area_4/storage_2/Annotations/wall_3.txt", "/data/S3DIS/Stanford3dDataset_v1.2_Aligned_Version/Area_4/storage_2/Annotations/ceiling_1.txt", "/data/S3DIS/Stanford3dDataset_v1.2_Aligned_Version/Area_4/storage_2/Annotations/column_1.txt", "/data/S3DIS/Stanford3dDataset_v1.2_Aligned_Version/Area_4/storage_2/Annotations/floor_1.txt"]}, {"id": 19, "parent": -1, "children": [16], "label": "entrance area", "path": ["/data/S3DIS/Stanford3dDataset_v1.2_Aligned_Version/Area_4/storage_2/Annotations/door_1.txt"]}, {"id": 20, "parent": -1, "children": [17], "label": "entrance area", "path": ["/data/S3DIS/Stanford3dDataset_v1.2_Aligned_Version/Area_4/storage_2/Annotations/door_2.txt"]}, {"id": 21, "parent": 22, "children": [5], "label": "chair group", "path": ["/data/S3DIS/Stanford3dDataset_v1.2_Aligned_Version/Area_4/storage_2/Annotations/chair_1.txt"]}, {"id": 22, "parent": -1, "children": [21], "label": "chair area", "path": ["/data/S3DIS/Stanford3dDataset_v1.2_Aligned_Version/Area_4/storage_2/Annotations/chair_1.txt"]}]