[{"id": 0, "parent": 18, "children": [], "label": "floor", "path": ["/data/S3DIS/Stanford3dDataset_v1.2_Aligned_Version/Area_4/storage_3/Annotations/floor_1.txt"]}, {"id": 1, "parent": 17, "children": [], "label": "door", "path": ["/data/S3DIS/Stanford3dDataset_v1.2_Aligned_Version/Area_4/storage_3/Annotations/door_1.txt"]}, {"id": 2, "parent": 15, "children": [], "label": "bookcase", "path": ["/data/S3DIS/Stanford3dDataset_v1.2_Aligned_Version/Area_4/storage_3/Annotations/bookcase_2.txt"]}, {"id": 3, "parent": -1, "children": [], "label": "clutter", "path": ["/data/S3DIS/Stanford3dDataset_v1.2_Aligned_Version/Area_4/storage_3/Annotations/clutter_5.txt"]}, {"id": 4, "parent": 14, "children": [], "label": "ceiling", "path": ["/data/S3DIS/Stanford3dDataset_v1.2_Aligned_Version/Area_4/storage_3/Annotations/ceiling_1.txt"]}, {"id": 5, "parent": 16, "children": [], "label": "door", "path": ["/data/S3DIS/Stanford3dDataset_v1.2_Aligned_Version/Area_4/storage_3/Annotations/door_2.txt"]}, {"id": 6, "parent": -1, "children": [], "label": "clutter", "path": ["/data/S3DIS/Stanford3dDataset_v1.2_Aligned_Version/Area_4/storage_3/Annotations/clutter_2.txt"]}, {"id": 7, "parent": 13, "children": [], "label": "wall", "path": ["/data/S3DIS/Stanford3dDataset_v1.2_Aligned_Version/Area_4/storage_3/Annotations/wall_2.txt"]}, {"id": 8, "parent": -1, "children": [], "label": "clutter", "path": ["/data/S3DIS/Stanford3dDataset_v1.2_Aligned_Version/Area_4/storage_3/Annotations/clutter_1.txt"]}, {"id": 9, "parent": -1, "children": [], "label": "clutter", "path": ["/data/S3DIS/Stanford3dDataset_v1.2_Aligned_Version/Area_4/storage_3/Annotations/clutter_4.txt"]}, {"id": 10, "parent": 15, "children": [], "label": "bookcase", "path": ["/data/S3DIS/Stanford3dDataset_v1.2_Aligned_Version/Area_4/storage_3/Annotations/bookcase_1.txt"]}, {"id": 11, "parent": 13, "children": [], "label": "wall", "path": ["/data/S3DIS/Stanford3dDataset_v1.2_Aligned_Version/Area_4/storage_3/Annotations/wall_1.txt"]}, {"id": 12, "parent": -1, "children": [], "label": "clutter", "path": ["/data/S3DIS/Stanford3dDataset_v1.2_Aligned_Version/Area_4/storage_3/Annotations/clutter_3.txt"]}, {"id": 13, "parent": 19, "children": [7, 11], "label": "wall group", "path": ["/data/S3DIS/Stanford3dDataset_v1.2_Aligned_Version/Area_4/storage_3/Annotations/wall_2.txt", "/data/S3DIS/Stanford3dDataset_v1.2_Aligned_Version/Area_4/storage_3/Annotations/wall_1.txt"]}, {"id": 14, "parent": 19, "children": [4], "label": "ceiling group", "path": ["/data/S3DIS/Stanford3dDataset_v1.2_Aligned_Version/Area_4/storage_3/Annotations/ceiling_1.txt"]}, {"id": 15, "parent": 21, "children": [2, 10], "label": "bookcase group", "path": ["/data/S3DIS/Stanford3dDataset_v1.2_Aligned_Version/Area_4/storage_3/Annotations/bookcase_2.txt", "/data/S3DIS/Stanford3dDataset_v1.2_Aligned_Version/Area_4/storage_3/Annotations/bookcase_1.txt"]}, {"id": 16, "parent": 20, "children": [5], "label": "door group", "path": ["/data/S3DIS/Stanford3dDataset_v1.2_Aligned_Version/Area_4/storage_3/Annotations/door_2.txt"]}, {"id": 17, "parent": 20, "children": [1], "label": "door group", "path": ["/data/S3DIS/Stanford3dDataset_v1.2_Aligned_Version/Area_4/storage_3/Annotations/door_1.txt"]}, {"id": 18, "parent": 19, "children": [0], "label": "floor group", "path": ["/data/S3DIS/Stanford3dDataset_v1.2_Aligned_Version/Area_4/storage_3/Annotations/floor_1.txt"]}, {"id": 19, "parent": -1, "children": [13, 14, 18], "label": "building area", "path": ["/data/S3DIS/Stanford3dDataset_v1.2_Aligned_Version/Area_4/storage_3/Annotations/wall_2.txt", "/data/S3DIS/Stanford3dDataset_v1.2_Aligned_Version/Area_4/storage_3/Annotations/wall_1.txt", "/data/S3DIS/Stanford3dDataset_v1.2_Aligned_Version/Area_4/storage_3/Annotations/ceiling_1.txt", "/data/S3DIS/Stanford3dDataset_v1.2_Aligned_Version/Area_4/storage_3/Annotations/floor_1.txt"]}, {"id": 20, "parent": -1, "children": [16, 17], "label": "entrance area", "path": ["/data/S3DIS/Stanford3dDataset_v1.2_Aligned_Version/Area_4/storage_3/Annotations/door_2.txt", "/data/S3DIS/Stanford3dDataset_v1.2_Aligned_Version/Area_4/storage_3/Annotations/door_1.txt"]}, {"id": 21, "parent": -1, "children": [15], "label": "case area", "path": ["/data/S3DIS/Stanford3dDataset_v1.2_Aligned_Version/Area_4/storage_3/Annotations/bookcase_2.txt", "/data/S3DIS/Stanford3dDataset_v1.2_Aligned_Version/Area_4/storage_3/Annotations/bookcase_1.txt"]}]