[{"id": 0, "parent": -1, "children": [], "label": "chair", "path": ["/data/S3DIS/Stanford3dDataset_v1.2_Aligned_Version/Area_2/auditorium_2/Annotations/chair_149.txt"]}, {"id": 1, "parent": -1, "children": [], "label": "chair", "path": ["/data/S3DIS/Stanford3dDataset_v1.2_Aligned_Version/Area_2/auditorium_2/Annotations/chair_8.txt"]}, {"id": 2, "parent": -1, "children": [], "label": "chair", "path": ["/data/S3DIS/Stanford3dDataset_v1.2_Aligned_Version/Area_2/auditorium_2/Annotations/chair_74.txt"]}, {"id": 3, "parent": -1, "children": [], "label": "chair", "path": ["/data/S3DIS/Stanford3dDataset_v1.2_Aligned_Version/Area_2/auditorium_2/Annotations/chair_225.txt"]}, {"id": 4, "parent": -1, "children": [], "label": "chair", "path": ["/data/S3DIS/Stanford3dDataset_v1.2_Aligned_Version/Area_2/auditorium_2/Annotations/chair_86.txt"]}, {"id": 5, "parent": -1, "children": [], "label": "chair", "path": ["/data/S3DIS/Stanford3dDataset_v1.2_Aligned_Version/Area_2/auditorium_2/Annotations/chair_248.txt"]}, {"id": 6, "parent": -1, "children": [], "label": "chair", "path": ["/data/S3DIS/Stanford3dDataset_v1.2_Aligned_Version/Area_2/auditorium_2/Annotations/chair_56.txt"]}, {"id": 7, "parent": -1, "children": [], "label": "chair", "path": ["/data/S3DIS/Stanford3dDataset_v1.2_Aligned_Version/Area_2/auditorium_2/Annotations/chair_177.txt"]}, {"id": 8, "parent": -1, "children": [], "label": "chair", "path": ["/data/S3DIS/Stanford3dDataset_v1.2_Aligned_Version/Area_2/auditorium_2/Annotations/chair_190.txt"]}, {"id": 9, "parent": -1, "children": [], "label": "ceiling", "path": ["/data/S3DIS/Stanford3dDataset_v1.2_Aligned_Version/Area_2/auditorium_2/Annotations/ceiling_2.txt"]}, {"id": 10, "parent": -1, "children": [], "label": "chair", "path": ["/data/S3DIS/Stanford3dDataset_v1.2_Aligned_Version/Area_2/auditorium_2/Annotations/chair_51.txt"]}, {"id": 11, "parent": -1, "children": [], "label": "chair", "path": ["/data/S3DIS/Stanford3dDataset_v1.2_Aligned_Version/Area_2/auditorium_2/Annotations/chair_186.txt"]}, {"id": 12, "parent": -1, "children": [], "label": "chair", "path": ["/data/S3DIS/Stanford3dDataset_v1.2_Aligned_Version/Area_2/auditorium_2/Annotations/chair_266.txt"]}, {"id": 13, "parent": -1, "children": [], "label": "chair", "path": ["/data/S3DIS/Stanford3dDataset_v1.2_Aligned_Version/Area_2/auditorium_2/Annotations/chair_21.txt"]}, {"id": 14, "parent": -1, "children": [], "label": "chair", "path": ["/data/S3DIS/Stanford3dDataset_v1.2_Aligned_Version/Area_2/auditorium_2/Annotations/chair_254.txt"]}, {"id": 15, "parent": -1, "children": [], "label": "floor", "path": ["/data/S3DIS/Stanford3dDataset_v1.2_Aligned_Version/Area_2/auditorium_2/Annotations/floor_1.txt"]}, {"id": 16, "parent": -1, "children": [], "label": "clutter", "path": ["/data/S3DIS/Stanford3dDataset_v1.2_Aligned_Version/Area_2/auditorium_2/Annotations/clutter_13.txt"]}, {"id": 17, "parent": -1, "children": [], "label": "chair", "path": ["/data/S3DIS/Stanford3dDataset_v1.2_Aligned_Version/Area_2/auditorium_2/Annotations/chair_26.txt"]}, {"id": 18, "parent": -1, "children": [], "label": "chair", "path": ["/data/S3DIS/Stanford3dDataset_v1.2_Aligned_Version/Area_2/auditorium_2/Annotations/chair_121.txt"]}, {"id": 19, "parent": -1, "children": [], "label": "chair", "path": ["/data/S3DIS/Stanford3dDataset_v1.2_Aligned_Version/Area_2/auditorium_2/Annotations/chair_223.txt"]}, {"id": 20, "parent": -1, "children": [], "label": "chair", "path": ["/data/S3DIS/Stanford3dDataset_v1.2_Aligned_Version/Area_2/auditorium_2/Annotations/chair_88.txt"]}, {"id": 21, "parent": -1, "children": [], "label": "chair", "path": ["/data/S3DIS/Stanford3dDataset_v1.2_Aligned_Version/Area_2/auditorium_2/Annotations/chair_60.txt"]}, {"id": 22, "parent": -1, "children": [], "label": "chair", "path": ["/data/S3DIS/Stanford3dDataset_v1.2_Aligned_Version/Area_2/auditorium_2/Annotations/chair_61.txt"]}, {"id": 23, "parent": -1, "children": [], "label": "chair", "path": ["/data/S3DIS/Stanford3dDataset_v1.2_Aligned_Version/Area_2/auditorium_2/Annotations/chair_37.txt"]}, {"id": 24, "parent": -1, "children": [], "label": "chair", "path": ["/data/S3DIS/Stanford3dDataset_v1.2_Aligned_Version/Area_2/auditorium_2/Annotations/chair_280.txt"]}, {"id": 25, "parent": -1, "children": [], "label": "chair", "path": ["/data/S3DIS/Stanford3dDataset_v1.2_Aligned_Version/Area_2/auditorium_2/Annotations/chair_285.txt"]}, {"id": 26, "parent": -1, "children": [], "label": "chair", "path": ["/data/S3DIS/Stanford3dDataset_v1.2_Aligned_Version/Area_2/auditorium_2/Annotations/chair_224.txt"]}, {"id": 27, "parent": -1, "children": [], "label": "chair", "path": ["/data/S3DIS/Stanford3dDataset_v1.2_Aligned_Version/Area_2/auditorium_2/Annotations/chair_275.txt"]}, {"id": 28, "parent": -1, "children": [], "label": "chair", "path": ["/data/S3DIS/Stanford3dDataset_v1.2_Aligned_Version/Area_2/auditorium_2/Annotations/chair_236.txt"]}, {"id": 29, "parent": -1, "children": [], "label": "door", "path": ["/data/S3DIS/Stanford3dDataset_v1.2_Aligned_Version/Area_2/auditorium_2/Annotations/door_1.txt"]}, {"id": 30, "parent": -1, "children": [], "label": "chair", "path": ["/data/S3DIS/Stanford3dDataset_v1.2_Aligned_Version/Area_2/auditorium_2/Annotations/chair_125.txt"]}, {"id": 31, "parent": -1, "children": [], "label": "chair", "path": ["/data/S3DIS/Stanford3dDataset_v1.2_Aligned_Version/Area_2/auditorium_2/Annotations/chair_118.txt"]}, {"id": 32, "parent": -1, "children": [], "label": "chair", "path": ["/data/S3DIS/Stanford3dDataset_v1.2_Aligned_Version/Area_2/auditorium_2/Annotations/chair_95.txt"]}, {"id": 33, "parent": -1, "children": [], "label": "chair", "path": ["/data/S3DIS/Stanford3dDataset_v1.2_Aligned_Version/Area_2/auditorium_2/Annotations/chair_111.txt"]}, {"id": 34, "parent": -1, "children": [], "label": "chair", "path": ["/data/S3DIS/Stanford3dDataset_v1.2_Aligned_Version/Area_2/auditorium_2/Annotations/chair_132.txt"]}, {"id": 35, "parent": -1, "children": [], "label": "chair", "path": ["/data/S3DIS/Stanford3dDataset_v1.2_Aligned_Version/Area_2/auditorium_2/Annotations/chair_136.txt"]}, {"id": 36, "parent": -1, "children": [], "label": "chair", "path": ["/data/S3DIS/Stanford3dDataset_v1.2_Aligned_Version/Area_2/auditorium_2/Annotations/chair_215.txt"]}, {"id": 37, "parent": -1, "children": [], "label": "chair", "path": ["/data/S3DIS/Stanford3dDataset_v1.2_Aligned_Version/Area_2/auditorium_2/Annotations/chair_247.txt"]}, {"id": 38, "parent": -1, "children": [], "label": "chair", "path": ["/data/S3DIS/Stanford3dDataset_v1.2_Aligned_Version/Area_2/auditorium_2/Annotations/chair_66.txt"]}, {"id": 39, "parent": -1, "children": [], "label": "wall", "path": ["/data/S3DIS/Stanford3dDataset_v1.2_Aligned_Version/Area_2/auditorium_2/Annotations/wall_6.txt"]}, {"id": 40, "parent": -1, "children": [], "label": "floor", "path": ["/data/S3DIS/Stanford3dDataset_v1.2_Aligned_Version/Area_2/auditorium_2/Annotations/floor_2.txt"]}, {"id": 41, "parent": -1, "children": [], "label": "chair", "path": ["/data/S3DIS/Stanford3dDataset_v1.2_Aligned_Version/Area_2/auditorium_2/Annotations/chair_245.txt"]}, {"id": 42, "parent": -1, "children": [], "label": "chair", "path": ["/data/S3DIS/Stanford3dDataset_v1.2_Aligned_Version/Area_2/auditorium_2/Annotations/chair_153.txt"]}, {"id": 43, "parent": -1, "children": [], "label": "bookcase", "path": ["/data/S3DIS/Stanford3dDataset_v1.2_Aligned_Version/Area_2/auditorium_2/Annotations/bookcase_2.txt"]}, {"id": 44, "parent": -1, "children": [], "label": "chair", "path": ["/data/S3DIS/Stanford3dDataset_v1.2_Aligned_Version/Area_2/auditorium_2/Annotations/chair_38.txt"]}, {"id": 45, "parent": -1, "children": [], "label": "chair", "path": ["/data/S3DIS/Stanford3dDataset_v1.2_Aligned_Version/Area_2/auditorium_2/Annotations/chair_123.txt"]}, {"id": 46, "parent": -1, "children": [], "label": "chair", "path": ["/data/S3DIS/Stanford3dDataset_v1.2_Aligned_Version/Area_2/auditorium_2/Annotations/chair_187.txt"]}, {"id": 47, "parent": -1, "children": [], "label": "chair", "path": ["/data/S3DIS/Stanford3dDataset_v1.2_Aligned_Version/Area_2/auditorium_2/Annotations/chair_164.txt"]}, {"id": 48, "parent": -1, "children": [], "label": "clutter", "path": ["/data/S3DIS/Stanford3dDataset_v1.2_Aligned_Version/Area_2/auditorium_2/Annotations/clutter_25.txt"]}, {"id": 49, "parent": -1, "children": [], "label": "clutter", "path": ["/data/S3DIS/Stanford3dDataset_v1.2_Aligned_Version/Area_2/auditorium_2/Annotations/clutter_5.txt"]}, {"id": 50, "parent": -1, "children": [], "label": "chair", "path": ["/data/S3DIS/Stanford3dDataset_v1.2_Aligned_Version/Area_2/auditorium_2/Annotations/chair_79.txt"]}, {"id": 51, "parent": -1, "children": [], "label": "chair", "path": ["/data/S3DIS/Stanford3dDataset_v1.2_Aligned_Version/Area_2/auditorium_2/Annotations/chair_117.txt"]}, {"id": 52, "parent": -1, "children": [], "label": "chair", "path": ["/data/S3DIS/Stanford3dDataset_v1.2_Aligned_Version/Area_2/auditorium_2/Annotations/chair_217.txt"]}, {"id": 53, "parent": -1, "children": [], "label": "chair", "path": ["/data/S3DIS/Stanford3dDataset_v1.2_Aligned_Version/Area_2/auditorium_2/Annotations/chair_269.txt"]}, {"id": 54, "parent": -1, "children": [], "label": "door", "path": ["/data/S3DIS/Stanford3dDataset_v1.2_Aligned_Version/Area_2/auditorium_2/Annotations/door_3.txt"]}, {"id": 55, "parent": -1, "children": [], "label": "chair", "path": ["/data/S3DIS/Stanford3dDataset_v1.2_Aligned_Version/Area_2/auditorium_2/Annotations/chair_41.txt"]}, {"id": 56, "parent": -1, "children": [], "label": "wall", "path": ["/data/S3DIS/Stanford3dDataset_v1.2_Aligned_Version/Area_2/auditorium_2/Annotations/wall_16.txt"]}, {"id": 57, "parent": -1, "children": [], "label": "chair", "path": ["/data/S3DIS/Stanford3dDataset_v1.2_Aligned_Version/Area_2/auditorium_2/Annotations/chair_289.txt"]}, {"id": 58, "parent": -1, "children": [], "label": "chair", "path": ["/data/S3DIS/Stanford3dDataset_v1.2_Aligned_Version/Area_2/auditorium_2/Annotations/chair_69.txt"]}, {"id": 59, "parent": -1, "children": [], "label": "chair", "path": ["/data/S3DIS/Stanford3dDataset_v1.2_Aligned_Version/Area_2/auditorium_2/Annotations/chair_76.txt"]}, {"id": 60, "parent": -1, "children": [], "label": "chair", "path": ["/data/S3DIS/Stanford3dDataset_v1.2_Aligned_Version/Area_2/auditorium_2/Annotations/chair_44.txt"]}, {"id": 61, "parent": -1, "children": [], "label": "clutter", "path": ["/data/S3DIS/Stanford3dDataset_v1.2_Aligned_Version/Area_2/auditorium_2/Annotations/clutter_16.txt"]}, {"id": 62, "parent": -1, "children": [], "label": "chair", "path": ["/data/S3DIS/Stanford3dDataset_v1.2_Aligned_Version/Area_2/auditorium_2/Annotations/chair_78.txt"]}, {"id": 63, "parent": -1, "children": [], "label": "clutter", "path": ["/data/S3DIS/Stanford3dDataset_v1.2_Aligned_Version/Area_2/auditorium_2/Annotations/clutter_33.txt"]}, {"id": 64, "parent": -1, "children": [], "label": "chair", "path": ["/data/S3DIS/Stanford3dDataset_v1.2_Aligned_Version/Area_2/auditorium_2/Annotations/chair_124.txt"]}, {"id": 65, "parent": -1, "children": [], "label": "chair", "path": ["/data/S3DIS/Stanford3dDataset_v1.2_Aligned_Version/Area_2/auditorium_2/Annotations/chair_283.txt"]}, {"id": 66, "parent": -1, "children": [], "label": "door", "path": ["/data/S3DIS/Stanford3dDataset_v1.2_Aligned_Version/Area_2/auditorium_2/Annotations/door_5.txt"]}, {"id": 67, "parent": -1, "children": [], "label": "chair", "path": ["/data/S3DIS/Stanford3dDataset_v1.2_Aligned_Version/Area_2/auditorium_2/Annotations/chair_258.txt"]}, {"id": 68, "parent": -1, "children": [], "label": "chair", "path": ["/data/S3DIS/Stanford3dDataset_v1.2_Aligned_Version/Area_2/auditorium_2/Annotations/chair_257.txt"]}, {"id": 69, "parent": -1, "children": [], "label": "chair", "path": ["/data/S3DIS/Stanford3dDataset_v1.2_Aligned_Version/Area_2/auditorium_2/Annotations/chair_273.txt"]}, {"id": 70, "parent": -1, "children": [], "label": "chair", "path": ["/data/S3DIS/Stanford3dDataset_v1.2_Aligned_Version/Area_2/auditorium_2/Annotations/chair_272.txt"]}, {"id": 71, "parent": -1, "children": [], "label": "chair", "path": ["/data/S3DIS/Stanford3dDataset_v1.2_Aligned_Version/Area_2/auditorium_2/Annotations/chair_167.txt"]}, {"id": 72, "parent": -1, "children": [], "label": "chair", "path": ["/data/S3DIS/Stanford3dDataset_v1.2_Aligned_Version/Area_2/auditorium_2/Annotations/chair_150.txt"]}, {"id": 73, "parent": -1, "children": [], "label": "chair", "path": ["/data/S3DIS/Stanford3dDataset_v1.2_Aligned_Version/Area_2/auditorium_2/Annotations/chair_284.txt"]}, {"id": 74, "parent": -1, "children": [], "label": "chair", "path": ["/data/S3DIS/Stanford3dDataset_v1.2_Aligned_Version/Area_2/auditorium_2/Annotations/chair_242.txt"]}, {"id": 75, "parent": -1, "children": [], "label": "clutter", "path": ["/data/S3DIS/Stanford3dDataset_v1.2_Aligned_Version/Area_2/auditorium_2/Annotations/clutter_27.txt"]}, {"id": 76, "parent": -1, "children": [], "label": "chair", "path": ["/data/S3DIS/Stanford3dDataset_v1.2_Aligned_Version/Area_2/auditorium_2/Annotations/chair_114.txt"]}, {"id": 77, "parent": -1, "children": [], "label": "chair", "path": ["/data/S3DIS/Stanford3dDataset_v1.2_Aligned_Version/Area_2/auditorium_2/Annotations/chair_259.txt"]}, {"id": 78, "parent": -1, "children": [], "label": "chair", "path": ["/data/S3DIS/Stanford3dDataset_v1.2_Aligned_Version/Area_2/auditorium_2/Annotations/chair_40.txt"]}, {"id": 79, "parent": -1, "children": [], "label": "chair", "path": ["/data/S3DIS/Stanford3dDataset_v1.2_Aligned_Version/Area_2/auditorium_2/Annotations/chair_129.txt"]}, {"id": 80, "parent": -1, "children": [], "label": "ceiling", "path": ["/data/S3DIS/Stanford3dDataset_v1.2_Aligned_Version/Area_2/auditorium_2/Annotations/ceiling_1.txt"]}, {"id": 81, "parent": -1, "children": [], "label": "chair", "path": ["/data/S3DIS/Stanford3dDataset_v1.2_Aligned_Version/Area_2/auditorium_2/Annotations/chair_161.txt"]}, {"id": 82, "parent": -1, "children": [], "label": "chair", "path": ["/data/S3DIS/Stanford3dDataset_v1.2_Aligned_Version/Area_2/auditorium_2/Annotations/chair_64.txt"]}, {"id": 83, "parent": -1, "children": [], "label": "chair", "path": ["/data/S3DIS/Stanford3dDataset_v1.2_Aligned_Version/Area_2/auditorium_2/Annotations/chair_200.txt"]}, {"id": 84, "parent": -1, "children": [], "label": "chair", "path": ["/data/S3DIS/Stanford3dDataset_v1.2_Aligned_Version/Area_2/auditorium_2/Annotations/chair_65.txt"]}, {"id": 85, "parent": -1, "children": [], "label": "chair", "path": ["/data/S3DIS/Stanford3dDataset_v1.2_Aligned_Version/Area_2/auditorium_2/Annotations/chair_63.txt"]}, {"id": 86, "parent": -1, "children": [], "label": "chair", "path": ["/data/S3DIS/Stanford3dDataset_v1.2_Aligned_Version/Area_2/auditorium_2/Annotations/chair_185.txt"]}, {"id": 87, "parent": -1, "children": [], "label": "clutter", "path": ["/data/S3DIS/Stanford3dDataset_v1.2_Aligned_Version/Area_2/auditorium_2/Annotations/clutter_26.txt"]}, {"id": 88, "parent": -1, "children": [], "label": "chair", "path": ["/data/S3DIS/Stanford3dDataset_v1.2_Aligned_Version/Area_2/auditorium_2/Annotations/chair_175.txt"]}, {"id": 89, "parent": -1, "children": [], "label": "chair", "path": ["/data/S3DIS/Stanford3dDataset_v1.2_Aligned_Version/Area_2/auditorium_2/Annotations/chair_252.txt"]}, {"id": 90, "parent": -1, "children": [], "label": "chair", "path": ["/data/S3DIS/Stanford3dDataset_v1.2_Aligned_Version/Area_2/auditorium_2/Annotations/chair_99.txt"]}, {"id": 91, "parent": -1, "children": [], "label": "chair", "path": ["/data/S3DIS/Stanford3dDataset_v1.2_Aligned_Version/Area_2/auditorium_2/Annotations/chair_193.txt"]}, {"id": 92, "parent": -1, "children": [], "label": "chair", "path": ["/data/S3DIS/Stanford3dDataset_v1.2_Aligned_Version/Area_2/auditorium_2/Annotations/chair_28.txt"]}, {"id": 93, "parent": -1, "children": [], "label": "chair", "path": ["/data/S3DIS/Stanford3dDataset_v1.2_Aligned_Version/Area_2/auditorium_2/Annotations/chair_152.txt"]}, {"id": 94, "parent": -1, "children": [], "label": "chair", "path": ["/data/S3DIS/Stanford3dDataset_v1.2_Aligned_Version/Area_2/auditorium_2/Annotations/chair_42.txt"]}, {"id": 95, "parent": -1, "children": [], "label": "chair", "path": ["/data/S3DIS/Stanford3dDataset_v1.2_Aligned_Version/Area_2/auditorium_2/Annotations/chair_279.txt"]}, {"id": 96, "parent": -1, "children": [], "label": "chair", "path": ["/data/S3DIS/Stanford3dDataset_v1.2_Aligned_Version/Area_2/auditorium_2/Annotations/chair_244.txt"]}, {"id": 97, "parent": -1, "children": [], "label": "chair", "path": ["/data/S3DIS/Stanford3dDataset_v1.2_Aligned_Version/Area_2/auditorium_2/Annotations/chair_77.txt"]}, {"id": 98, "parent": -1, "children": [], "label": "door", "path": ["/data/S3DIS/Stanford3dDataset_v1.2_Aligned_Version/Area_2/auditorium_2/Annotations/door_2.txt"]}, {"id": 99, "parent": -1, "children": [], "label": "chair", "path": ["/data/S3DIS/Stanford3dDataset_v1.2_Aligned_Version/Area_2/auditorium_2/Annotations/chair_130.txt"]}, {"id": 100, "parent": -1, "children": [], "label": "chair", "path": ["/data/S3DIS/Stanford3dDataset_v1.2_Aligned_Version/Area_2/auditorium_2/Annotations/chair_231.txt"]}, {"id": 101, "parent": -1, "children": [], "label": "chair", "path": ["/data/S3DIS/Stanford3dDataset_v1.2_Aligned_Version/Area_2/auditorium_2/Annotations/chair_241.txt"]}, {"id": 102, "parent": -1, "children": [], "label": "chair", "path": ["/data/S3DIS/Stanford3dDataset_v1.2_Aligned_Version/Area_2/auditorium_2/Annotations/chair_234.txt"]}, {"id": 103, "parent": -1, "children": [], "label": "wall", "path": ["/data/S3DIS/Stanford3dDataset_v1.2_Aligned_Version/Area_2/auditorium_2/Annotations/wall_10.txt"]}, {"id": 104, "parent": -1, "children": [], "label": "clutter", "path": ["/data/S3DIS/Stanford3dDataset_v1.2_Aligned_Version/Area_2/auditorium_2/Annotations/clutter_9.txt"]}, {"id": 105, "parent": -1, "children": [], "label": "chair", "path": ["/data/S3DIS/Stanford3dDataset_v1.2_Aligned_Version/Area_2/auditorium_2/Annotations/chair_84.txt"]}, {"id": 106, "parent": -1, "children": [], "label": "chair", "path": ["/data/S3DIS/Stanford3dDataset_v1.2_Aligned_Version/Area_2/auditorium_2/Annotations/chair_116.txt"]}, {"id": 107, "parent": -1, "children": [], "label": "chair", "path": ["/data/S3DIS/Stanford3dDataset_v1.2_Aligned_Version/Area_2/auditorium_2/Annotations/chair_160.txt"]}, {"id": 108, "parent": -1, "children": [], "label": "chair", "path": ["/data/S3DIS/Stanford3dDataset_v1.2_Aligned_Version/Area_2/auditorium_2/Annotations/chair_10.txt"]}, {"id": 109, "parent": -1, "children": [], "label": "chair", "path": ["/data/S3DIS/Stanford3dDataset_v1.2_Aligned_Version/Area_2/auditorium_2/Annotations/chair_276.txt"]}, {"id": 110, "parent": -1, "children": [], "label": "chair", "path": ["/data/S3DIS/Stanford3dDataset_v1.2_Aligned_Version/Area_2/auditorium_2/Annotations/chair_162.txt"]}, {"id": 111, "parent": -1, "children": [], "label": "chair", "path": ["/data/S3DIS/Stanford3dDataset_v1.2_Aligned_Version/Area_2/auditorium_2/Annotations/chair_151.txt"]}, {"id": 112, "parent": -1, "children": [], "label": "chair", "path": ["/data/S3DIS/Stanford3dDataset_v1.2_Aligned_Version/Area_2/auditorium_2/Annotations/chair_222.txt"]}, {"id": 113, "parent": -1, "children": [], "label": "chair", "path": ["/data/S3DIS/Stanford3dDataset_v1.2_Aligned_Version/Area_2/auditorium_2/Annotations/chair_218.txt"]}, {"id": 114, "parent": -1, "children": [], "label": "chair", "path": ["/data/S3DIS/Stanford3dDataset_v1.2_Aligned_Version/Area_2/auditorium_2/Annotations/chair_268.txt"]}, {"id": 115, "parent": -1, "children": [], "label": "chair", "path": ["/data/S3DIS/Stanford3dDataset_v1.2_Aligned_Version/Area_2/auditorium_2/Annotations/chair_113.txt"]}, {"id": 116, "parent": -1, "children": [], "label": "chair", "path": ["/data/S3DIS/Stanford3dDataset_v1.2_Aligned_Version/Area_2/auditorium_2/Annotations/chair_277.txt"]}, {"id": 117, "parent": -1, "children": [], "label": "chair", "path": ["/data/S3DIS/Stanford3dDataset_v1.2_Aligned_Version/Area_2/auditorium_2/Annotations/chair_94.txt"]}, {"id": 118, "parent": -1, "children": [], "label": "clutter", "path": ["/data/S3DIS/Stanford3dDataset_v1.2_Aligned_Version/Area_2/auditorium_2/Annotations/clutter_2.txt"]}, {"id": 119, "parent": -1, "children": [], "label": "wall", "path": ["/data/S3DIS/Stanford3dDataset_v1.2_Aligned_Version/Area_2/auditorium_2/Annotations/wall_2.txt"]}, {"id": 120, "parent": -1, "children": [], "label": "chair", "path": ["/data/S3DIS/Stanford3dDataset_v1.2_Aligned_Version/Area_2/auditorium_2/Annotations/chair_202.txt"]}, {"id": 121, "parent": -1, "children": [], "label": "chair", "path": ["/data/S3DIS/Stanford3dDataset_v1.2_Aligned_Version/Area_2/auditorium_2/Annotations/chair_120.txt"]}, {"id": 122, "parent": -1, "children": [], "label": "clutter", "path": ["/data/S3DIS/Stanford3dDataset_v1.2_Aligned_Version/Area_2/auditorium_2/Annotations/clutter_20.txt"]}, {"id": 123, "parent": -1, "children": [], "label": "chair", "path": ["/data/S3DIS/Stanford3dDataset_v1.2_Aligned_Version/Area_2/auditorium_2/Annotations/chair_270.txt"]}, {"id": 124, "parent": -1, "children": [], "label": "chair", "path": ["/data/S3DIS/Stanford3dDataset_v1.2_Aligned_Version/Area_2/auditorium_2/Annotations/chair_16.txt"]}, {"id": 125, "parent": -1, "children": [], "label": "chair", "path": ["/data/S3DIS/Stanford3dDataset_v1.2_Aligned_Version/Area_2/auditorium_2/Annotations/chair_184.txt"]}, {"id": 126, "parent": -1, "children": [], "label": "chair", "path": ["/data/S3DIS/Stanford3dDataset_v1.2_Aligned_Version/Area_2/auditorium_2/Annotations/chair_197.txt"]}, {"id": 127, "parent": -1, "children": [], "label": "chair", "path": ["/data/S3DIS/Stanford3dDataset_v1.2_Aligned_Version/Area_2/auditorium_2/Annotations/chair_36.txt"]}, {"id": 128, "parent": -1, "children": [], "label": "wall", "path": ["/data/S3DIS/Stanford3dDataset_v1.2_Aligned_Version/Area_2/auditorium_2/Annotations/wall_13.txt"]}, {"id": 129, "parent": -1, "children": [], "label": "chair", "path": ["/data/S3DIS/Stanford3dDataset_v1.2_Aligned_Version/Area_2/auditorium_2/Annotations/chair_105.txt"]}, {"id": 130, "parent": -1, "children": [], "label": "wall", "path": ["/data/S3DIS/Stanford3dDataset_v1.2_Aligned_Version/Area_2/auditorium_2/Annotations/wall_18.txt"]}, {"id": 131, "parent": -1, "children": [], "label": "chair", "path": ["/data/S3DIS/Stanford3dDataset_v1.2_Aligned_Version/Area_2/auditorium_2/Annotations/chair_155.txt"]}, {"id": 132, "parent": -1, "children": [], "label": "chair", "path": ["/data/S3DIS/Stanford3dDataset_v1.2_Aligned_Version/Area_2/auditorium_2/Annotations/chair_256.txt"]}, {"id": 133, "parent": -1, "children": [], "label": "chair", "path": ["/data/S3DIS/Stanford3dDataset_v1.2_Aligned_Version/Area_2/auditorium_2/Annotations/chair_138.txt"]}, {"id": 134, "parent": -1, "children": [], "label": "chair", "path": ["/data/S3DIS/Stanford3dDataset_v1.2_Aligned_Version/Area_2/auditorium_2/Annotations/chair_181.txt"]}, {"id": 135, "parent": -1, "children": [], "label": "chair", "path": ["/data/S3DIS/Stanford3dDataset_v1.2_Aligned_Version/Area_2/auditorium_2/Annotations/chair_188.txt"]}, {"id": 136, "parent": -1, "children": [], "label": "clutter", "path": ["/data/S3DIS/Stanford3dDataset_v1.2_Aligned_Version/Area_2/auditorium_2/Annotations/clutter_1.txt"]}, {"id": 137, "parent": -1, "children": [], "label": "ceiling", "path": ["/data/S3DIS/Stanford3dDataset_v1.2_Aligned_Version/Area_2/auditorium_2/Annotations/ceiling_3.txt"]}, {"id": 138, "parent": -1, "children": [], "label": "chair", "path": ["/data/S3DIS/Stanford3dDataset_v1.2_Aligned_Version/Area_2/auditorium_2/Annotations/chair_39.txt"]}, {"id": 139, "parent": -1, "children": [], "label": "board", "path": ["/data/S3DIS/Stanford3dDataset_v1.2_Aligned_Version/Area_2/auditorium_2/Annotations/board_2.txt"]}, {"id": 140, "parent": -1, "children": [], "label": "chair", "path": ["/data/S3DIS/Stanford3dDataset_v1.2_Aligned_Version/Area_2/auditorium_2/Annotations/chair_49.txt"]}, {"id": 141, "parent": -1, "children": [], "label": "clutter", "path": ["/data/S3DIS/Stanford3dDataset_v1.2_Aligned_Version/Area_2/auditorium_2/Annotations/clutter_12.txt"]}, {"id": 142, "parent": -1, "children": [], "label": "chair", "path": ["/data/S3DIS/Stanford3dDataset_v1.2_Aligned_Version/Area_2/auditorium_2/Annotations/chair_267.txt"]}, {"id": 143, "parent": -1, "children": [], "label": "chair", "path": ["/data/S3DIS/Stanford3dDataset_v1.2_Aligned_Version/Area_2/auditorium_2/Annotations/chair_195.txt"]}, {"id": 144, "parent": -1, "children": [], "label": "chair", "path": ["/data/S3DIS/Stanford3dDataset_v1.2_Aligned_Version/Area_2/auditorium_2/Annotations/chair_85.txt"]}, {"id": 145, "parent": -1, "children": [], "label": "chair", "path": ["/data/S3DIS/Stanford3dDataset_v1.2_Aligned_Version/Area_2/auditorium_2/Annotations/chair_260.txt"]}, {"id": 146, "parent": -1, "children": [], "label": "chair", "path": ["/data/S3DIS/Stanford3dDataset_v1.2_Aligned_Version/Area_2/auditorium_2/Annotations/chair_201.txt"]}, {"id": 147, "parent": -1, "children": [], "label": "chair", "path": ["/data/S3DIS/Stanford3dDataset_v1.2_Aligned_Version/Area_2/auditorium_2/Annotations/chair_288.txt"]}, {"id": 148, "parent": -1, "children": [], "label": "chair", "path": ["/data/S3DIS/Stanford3dDataset_v1.2_Aligned_Version/Area_2/auditorium_2/Annotations/chair_255.txt"]}, {"id": 149, "parent": -1, "children": [], "label": "chair", "path": ["/data/S3DIS/Stanford3dDataset_v1.2_Aligned_Version/Area_2/auditorium_2/Annotations/chair_281.txt"]}, {"id": 150, "parent": -1, "children": [], "label": "wall", "path": ["/data/S3DIS/Stanford3dDataset_v1.2_Aligned_Version/Area_2/auditorium_2/Annotations/wall_12.txt"]}, {"id": 151, "parent": -1, "children": [], "label": "chair", "path": ["/data/S3DIS/Stanford3dDataset_v1.2_Aligned_Version/Area_2/auditorium_2/Annotations/chair_278.txt"]}, {"id": 152, "parent": -1, "children": [], "label": "chair", "path": ["/data/S3DIS/Stanford3dDataset_v1.2_Aligned_Version/Area_2/auditorium_2/Annotations/chair_83.txt"]}, {"id": 153, "parent": -1, "children": [], "label": "chair", "path": ["/data/S3DIS/Stanford3dDataset_v1.2_Aligned_Version/Area_2/auditorium_2/Annotations/chair_55.txt"]}, {"id": 154, "parent": -1, "children": [], "label": "chair", "path": ["/data/S3DIS/Stanford3dDataset_v1.2_Aligned_Version/Area_2/auditorium_2/Annotations/chair_196.txt"]}, {"id": 155, "parent": -1, "children": [], "label": "chair", "path": ["/data/S3DIS/Stanford3dDataset_v1.2_Aligned_Version/Area_2/auditorium_2/Annotations/chair_232.txt"]}, {"id": 156, "parent": -1, "children": [], "label": "chair", "path": ["/data/S3DIS/Stanford3dDataset_v1.2_Aligned_Version/Area_2/auditorium_2/Annotations/chair_212.txt"]}, {"id": 157, "parent": -1, "children": [], "label": "chair", "path": ["/data/S3DIS/Stanford3dDataset_v1.2_Aligned_Version/Area_2/auditorium_2/Annotations/chair_101.txt"]}, {"id": 158, "parent": -1, "children": [], "label": "wall", "path": ["/data/S3DIS/Stanford3dDataset_v1.2_Aligned_Version/Area_2/auditorium_2/Annotations/wall_11.txt"]}, {"id": 159, "parent": -1, "children": [], "label": "clutter", "path": ["/data/S3DIS/Stanford3dDataset_v1.2_Aligned_Version/Area_2/auditorium_2/Annotations/clutter_7.txt"]}, {"id": 160, "parent": -1, "children": [], "label": "chair", "path": ["/data/S3DIS/Stanford3dDataset_v1.2_Aligned_Version/Area_2/auditorium_2/Annotations/chair_221.txt"]}, {"id": 161, "parent": -1, "children": [], "label": "chair", "path": ["/data/S3DIS/Stanford3dDataset_v1.2_Aligned_Version/Area_2/auditorium_2/Annotations/chair_1.txt"]}, {"id": 162, "parent": -1, "children": [], "label": "chair", "path": ["/data/S3DIS/Stanford3dDataset_v1.2_Aligned_Version/Area_2/auditorium_2/Annotations/chair_58.txt"]}, {"id": 163, "parent": -1, "children": [], "label": "chair", "path": ["/data/S3DIS/Stanford3dDataset_v1.2_Aligned_Version/Area_2/auditorium_2/Annotations/chair_282.txt"]}, {"id": 164, "parent": -1, "children": [], "label": "chair", "path": ["/data/S3DIS/Stanford3dDataset_v1.2_Aligned_Version/Area_2/auditorium_2/Annotations/chair_98.txt"]}, {"id": 165, "parent": -1, "children": [], "label": "chair", "path": ["/data/S3DIS/Stanford3dDataset_v1.2_Aligned_Version/Area_2/auditorium_2/Annotations/chair_126.txt"]}, {"id": 166, "parent": -1, "children": [], "label": "wall", "path": ["/data/S3DIS/Stanford3dDataset_v1.2_Aligned_Version/Area_2/auditorium_2/Annotations/wall_17.txt"]}, {"id": 167, "parent": -1, "children": [], "label": "chair", "path": ["/data/S3DIS/Stanford3dDataset_v1.2_Aligned_Version/Area_2/auditorium_2/Annotations/chair_173.txt"]}, {"id": 168, "parent": -1, "children": [], "label": "chair", "path": ["/data/S3DIS/Stanford3dDataset_v1.2_Aligned_Version/Area_2/auditorium_2/Annotations/chair_72.txt"]}, {"id": 169, "parent": -1, "children": [], "label": "clutter", "path": ["/data/S3DIS/Stanford3dDataset_v1.2_Aligned_Version/Area_2/auditorium_2/Annotations/clutter_8.txt"]}, {"id": 170, "parent": -1, "children": [], "label": "chair", "path": ["/data/S3DIS/Stanford3dDataset_v1.2_Aligned_Version/Area_2/auditorium_2/Annotations/chair_53.txt"]}, {"id": 171, "parent": -1, "children": [], "label": "chair", "path": ["/data/S3DIS/Stanford3dDataset_v1.2_Aligned_Version/Area_2/auditorium_2/Annotations/chair_206.txt"]}, {"id": 172, "parent": -1, "children": [], "label": "chair", "path": ["/data/S3DIS/Stanford3dDataset_v1.2_Aligned_Version/Area_2/auditorium_2/Annotations/chair_144.txt"]}, {"id": 173, "parent": -1, "children": [], "label": "chair", "path": ["/data/S3DIS/Stanford3dDataset_v1.2_Aligned_Version/Area_2/auditorium_2/Annotations/chair_115.txt"]}, {"id": 174, "parent": -1, "children": [], "label": "wall", "path": ["/data/S3DIS/Stanford3dDataset_v1.2_Aligned_Version/Area_2/auditorium_2/Annotations/wall_7.txt"]}, {"id": 175, "parent": -1, "children": [], "label": "chair", "path": ["/data/S3DIS/Stanford3dDataset_v1.2_Aligned_Version/Area_2/auditorium_2/Annotations/chair_178.txt"]}, {"id": 176, "parent": -1, "children": [], "label": "chair", "path": ["/data/S3DIS/Stanford3dDataset_v1.2_Aligned_Version/Area_2/auditorium_2/Annotations/chair_211.txt"]}, {"id": 177, "parent": -1, "children": [], "label": "chair", "path": ["/data/S3DIS/Stanford3dDataset_v1.2_Aligned_Version/Area_2/auditorium_2/Annotations/chair_20.txt"]}, {"id": 178, "parent": -1, "children": [], "label": "chair", "path": ["/data/S3DIS/Stanford3dDataset_v1.2_Aligned_Version/Area_2/auditorium_2/Annotations/chair_292.txt"]}, {"id": 179, "parent": -1, "children": [], "label": "chair", "path": ["/data/S3DIS/Stanford3dDataset_v1.2_Aligned_Version/Area_2/auditorium_2/Annotations/chair_226.txt"]}, {"id": 180, "parent": -1, "children": [], "label": "chair", "path": ["/data/S3DIS/Stanford3dDataset_v1.2_Aligned_Version/Area_2/auditorium_2/Annotations/chair_293.txt"]}, {"id": 181, "parent": -1, "children": [], "label": "chair", "path": ["/data/S3DIS/Stanford3dDataset_v1.2_Aligned_Version/Area_2/auditorium_2/Annotations/chair_265.txt"]}, {"id": 182, "parent": -1, "children": [], "label": "chair", "path": ["/data/S3DIS/Stanford3dDataset_v1.2_Aligned_Version/Area_2/auditorium_2/Annotations/chair_182.txt"]}, {"id": 183, "parent": -1, "children": [], "label": "chair", "path": ["/data/S3DIS/Stanford3dDataset_v1.2_Aligned_Version/Area_2/auditorium_2/Annotations/chair_172.txt"]}, {"id": 184, "parent": -1, "children": [], "label": "chair", "path": ["/data/S3DIS/Stanford3dDataset_v1.2_Aligned_Version/Area_2/auditorium_2/Annotations/chair_170.txt"]}, {"id": 185, "parent": -1, "children": [], "label": "chair", "path": ["/data/S3DIS/Stanford3dDataset_v1.2_Aligned_Version/Area_2/auditorium_2/Annotations/chair_249.txt"]}, {"id": 186, "parent": -1, "children": [], "label": "chair", "path": ["/data/S3DIS/Stanford3dDataset_v1.2_Aligned_Version/Area_2/auditorium_2/Annotations/chair_208.txt"]}, {"id": 187, "parent": -1, "children": [], "label": "chair", "path": ["/data/S3DIS/Stanford3dDataset_v1.2_Aligned_Version/Area_2/auditorium_2/Annotations/chair_134.txt"]}, {"id": 188, "parent": -1, "children": [], "label": "chair", "path": ["/data/S3DIS/Stanford3dDataset_v1.2_Aligned_Version/Area_2/auditorium_2/Annotations/chair_145.txt"]}, {"id": 189, "parent": -1, "children": [], "label": "chair", "path": ["/data/S3DIS/Stanford3dDataset_v1.2_Aligned_Version/Area_2/auditorium_2/Annotations/chair_92.txt"]}, {"id": 190, "parent": -1, "children": [], "label": "chair", "path": ["/data/S3DIS/Stanford3dDataset_v1.2_Aligned_Version/Area_2/auditorium_2/Annotations/chair_204.txt"]}, {"id": 191, "parent": -1, "children": [], "label": "chair", "path": ["/data/S3DIS/Stanford3dDataset_v1.2_Aligned_Version/Area_2/auditorium_2/Annotations/chair_213.txt"]}, {"id": 192, "parent": -1, "children": [], "label": "chair", "path": ["/data/S3DIS/Stanford3dDataset_v1.2_Aligned_Version/Area_2/auditorium_2/Annotations/chair_46.txt"]}, {"id": 193, "parent": -1, "children": [], "label": "chair", "path": ["/data/S3DIS/Stanford3dDataset_v1.2_Aligned_Version/Area_2/auditorium_2/Annotations/chair_9.txt"]}, {"id": 194, "parent": -1, "children": [], "label": "chair", "path": ["/data/S3DIS/Stanford3dDataset_v1.2_Aligned_Version/Area_2/auditorium_2/Annotations/chair_238.txt"]}, {"id": 195, "parent": -1, "children": [], "label": "clutter", "path": ["/data/S3DIS/Stanford3dDataset_v1.2_Aligned_Version/Area_2/auditorium_2/Annotations/clutter_30.txt"]}, {"id": 196, "parent": -1, "children": [], "label": "wall", "path": ["/data/S3DIS/Stanford3dDataset_v1.2_Aligned_Version/Area_2/auditorium_2/Annotations/wall_5.txt"]}, {"id": 197, "parent": -1, "children": [], "label": "wall", "path": ["/data/S3DIS/Stanford3dDataset_v1.2_Aligned_Version/Area_2/auditorium_2/Annotations/wall_20.txt"]}, {"id": 198, "parent": -1, "children": [], "label": "chair", "path": ["/data/S3DIS/Stanford3dDataset_v1.2_Aligned_Version/Area_2/auditorium_2/Annotations/chair_68.txt"]}, {"id": 199, "parent": -1, "children": [], "label": "chair", "path": ["/data/S3DIS/Stanford3dDataset_v1.2_Aligned_Version/Area_2/auditorium_2/Annotations/chair_109.txt"]}, {"id": 200, "parent": -1, "children": [], "label": "chair", "path": ["/data/S3DIS/Stanford3dDataset_v1.2_Aligned_Version/Area_2/auditorium_2/Annotations/chair_18.txt"]}, {"id": 201, "parent": -1, "children": [], "label": "clutter", "path": ["/data/S3DIS/Stanford3dDataset_v1.2_Aligned_Version/Area_2/auditorium_2/Annotations/clutter_6.txt"]}, {"id": 202, "parent": -1, "children": [], "label": "chair", "path": ["/data/S3DIS/Stanford3dDataset_v1.2_Aligned_Version/Area_2/auditorium_2/Annotations/chair_229.txt"]}, {"id": 203, "parent": -1, "children": [], "label": "chair", "path": ["/data/S3DIS/Stanford3dDataset_v1.2_Aligned_Version/Area_2/auditorium_2/Annotations/chair_233.txt"]}, {"id": 204, "parent": -1, "children": [], "label": "chair", "path": ["/data/S3DIS/Stanford3dDataset_v1.2_Aligned_Version/Area_2/auditorium_2/Annotations/chair_45.txt"]}, {"id": 205, "parent": -1, "children": [], "label": "chair", "path": ["/data/S3DIS/Stanford3dDataset_v1.2_Aligned_Version/Area_2/auditorium_2/Annotations/chair_253.txt"]}, {"id": 206, "parent": -1, "children": [], "label": "chair", "path": ["/data/S3DIS/Stanford3dDataset_v1.2_Aligned_Version/Area_2/auditorium_2/Annotations/chair_274.txt"]}, {"id": 207, "parent": -1, "children": [], "label": "clutter", "path": ["/data/S3DIS/Stanford3dDataset_v1.2_Aligned_Version/Area_2/auditorium_2/Annotations/clutter_19.txt"]}, {"id": 208, "parent": -1, "children": [], "label": "chair", "path": ["/data/S3DIS/Stanford3dDataset_v1.2_Aligned_Version/Area_2/auditorium_2/Annotations/chair_106.txt"]}, {"id": 209, "parent": -1, "children": [], "label": "wall", "path": ["/data/S3DIS/Stanford3dDataset_v1.2_Aligned_Version/Area_2/auditorium_2/Annotations/wall_15.txt"]}, {"id": 210, "parent": -1, "children": [], "label": "chair", "path": ["/data/S3DIS/Stanford3dDataset_v1.2_Aligned_Version/Area_2/auditorium_2/Annotations/chair_194.txt"]}, {"id": 211, "parent": -1, "children": [], "label": "chair", "path": ["/data/S3DIS/Stanford3dDataset_v1.2_Aligned_Version/Area_2/auditorium_2/Annotations/chair_179.txt"]}, {"id": 212, "parent": -1, "children": [], "label": "chair", "path": ["/data/S3DIS/Stanford3dDataset_v1.2_Aligned_Version/Area_2/auditorium_2/Annotations/chair_6.txt"]}, {"id": 213, "parent": -1, "children": [], "label": "chair", "path": ["/data/S3DIS/Stanford3dDataset_v1.2_Aligned_Version/Area_2/auditorium_2/Annotations/chair_67.txt"]}, {"id": 214, "parent": -1, "children": [], "label": "chair", "path": ["/data/S3DIS/Stanford3dDataset_v1.2_Aligned_Version/Area_2/auditorium_2/Annotations/chair_15.txt"]}, {"id": 215, "parent": -1, "children": [], "label": "chair", "path": ["/data/S3DIS/Stanford3dDataset_v1.2_Aligned_Version/Area_2/auditorium_2/Annotations/chair_29.txt"]}, {"id": 216, "parent": -1, "children": [], "label": "chair", "path": ["/data/S3DIS/Stanford3dDataset_v1.2_Aligned_Version/Area_2/auditorium_2/Annotations/chair_286.txt"]}, {"id": 217, "parent": -1, "children": [], "label": "clutter", "path": ["/data/S3DIS/Stanford3dDataset_v1.2_Aligned_Version/Area_2/auditorium_2/Annotations/clutter_10.txt"]}, {"id": 218, "parent": -1, "children": [], "label": "wall", "path": ["/data/S3DIS/Stanford3dDataset_v1.2_Aligned_Version/Area_2/auditorium_2/Annotations/wall_22.txt"]}, {"id": 219, "parent": -1, "children": [], "label": "chair", "path": ["/data/S3DIS/Stanford3dDataset_v1.2_Aligned_Version/Area_2/auditorium_2/Annotations/chair_97.txt"]}, {"id": 220, "parent": -1, "children": [], "label": "chair", "path": ["/data/S3DIS/Stanford3dDataset_v1.2_Aligned_Version/Area_2/auditorium_2/Annotations/chair_107.txt"]}, {"id": 221, "parent": -1, "children": [], "label": "chair", "path": ["/data/S3DIS/Stanford3dDataset_v1.2_Aligned_Version/Area_2/auditorium_2/Annotations/chair_140.txt"]}, {"id": 222, "parent": -1, "children": [], "label": "chair", "path": ["/data/S3DIS/Stanford3dDataset_v1.2_Aligned_Version/Area_2/auditorium_2/Annotations/chair_137.txt"]}, {"id": 223, "parent": -1, "children": [], "label": "board", "path": ["/data/S3DIS/Stanford3dDataset_v1.2_Aligned_Version/Area_2/auditorium_2/Annotations/board_1.txt"]}, {"id": 224, "parent": -1, "children": [], "label": "chair", "path": ["/data/S3DIS/Stanford3dDataset_v1.2_Aligned_Version/Area_2/auditorium_2/Annotations/chair_87.txt"]}, {"id": 225, "parent": -1, "children": [], "label": "chair", "path": ["/data/S3DIS/Stanford3dDataset_v1.2_Aligned_Version/Area_2/auditorium_2/Annotations/chair_24.txt"]}, {"id": 226, "parent": -1, "children": [], "label": "clutter", "path": ["/data/S3DIS/Stanford3dDataset_v1.2_Aligned_Version/Area_2/auditorium_2/Annotations/clutter_18.txt"]}, {"id": 227, "parent": -1, "children": [], "label": "chair", "path": ["/data/S3DIS/Stanford3dDataset_v1.2_Aligned_Version/Area_2/auditorium_2/Annotations/chair_71.txt"]}, {"id": 228, "parent": -1, "children": [], "label": "chair", "path": ["/data/S3DIS/Stanford3dDataset_v1.2_Aligned_Version/Area_2/auditorium_2/Annotations/chair_32.txt"]}, {"id": 229, "parent": -1, "children": [], "label": "chair", "path": ["/data/S3DIS/Stanford3dDataset_v1.2_Aligned_Version/Area_2/auditorium_2/Annotations/chair_163.txt"]}, {"id": 230, "parent": -1, "children": [], "label": "chair", "path": ["/data/S3DIS/Stanford3dDataset_v1.2_Aligned_Version/Area_2/auditorium_2/Annotations/chair_128.txt"]}, {"id": 231, "parent": -1, "children": [], "label": "chair", "path": ["/data/S3DIS/Stanford3dDataset_v1.2_Aligned_Version/Area_2/auditorium_2/Annotations/chair_75.txt"]}, {"id": 232, "parent": -1, "children": [], "label": "chair", "path": ["/data/S3DIS/Stanford3dDataset_v1.2_Aligned_Version/Area_2/auditorium_2/Annotations/chair_48.txt"]}, {"id": 233, "parent": -1, "children": [], "label": "clutter", "path": ["/data/S3DIS/Stanford3dDataset_v1.2_Aligned_Version/Area_2/auditorium_2/Annotations/clutter_4.txt"]}, {"id": 234, "parent": -1, "children": [], "label": "chair", "path": ["/data/S3DIS/Stanford3dDataset_v1.2_Aligned_Version/Area_2/auditorium_2/Annotations/chair_139.txt"]}, {"id": 235, "parent": -1, "children": [], "label": "chair", "path": ["/data/S3DIS/Stanford3dDataset_v1.2_Aligned_Version/Area_2/auditorium_2/Annotations/chair_5.txt"]}, {"id": 236, "parent": -1, "children": [], "label": "clutter", "path": ["/data/S3DIS/Stanford3dDataset_v1.2_Aligned_Version/Area_2/auditorium_2/Annotations/clutter_11.txt"]}, {"id": 237, "parent": -1, "children": [], "label": "chair", "path": ["/data/S3DIS/Stanford3dDataset_v1.2_Aligned_Version/Area_2/auditorium_2/Annotations/chair_50.txt"]}, {"id": 238, "parent": -1, "children": [], "label": "chair", "path": ["/data/S3DIS/Stanford3dDataset_v1.2_Aligned_Version/Area_2/auditorium_2/Annotations/chair_214.txt"]}, {"id": 239, "parent": -1, "children": [], "label": "clutter", "path": ["/data/S3DIS/Stanford3dDataset_v1.2_Aligned_Version/Area_2/auditorium_2/Annotations/clutter_32.txt"]}, {"id": 240, "parent": -1, "children": [], "label": "chair", "path": ["/data/S3DIS/Stanford3dDataset_v1.2_Aligned_Version/Area_2/auditorium_2/Annotations/chair_165.txt"]}, {"id": 241, "parent": -1, "children": [], "label": "wall", "path": ["/data/S3DIS/Stanford3dDataset_v1.2_Aligned_Version/Area_2/auditorium_2/Annotations/wall_9.txt"]}, {"id": 242, "parent": -1, "children": [], "label": "chair", "path": ["/data/S3DIS/Stanford3dDataset_v1.2_Aligned_Version/Area_2/auditorium_2/Annotations/chair_103.txt"]}, {"id": 243, "parent": -1, "children": [], "label": "clutter", "path": ["/data/S3DIS/Stanford3dDataset_v1.2_Aligned_Version/Area_2/auditorium_2/Annotations/clutter_31.txt"]}, {"id": 244, "parent": -1, "children": [], "label": "chair", "path": ["/data/S3DIS/Stanford3dDataset_v1.2_Aligned_Version/Area_2/auditorium_2/Annotations/chair_250.txt"]}, {"id": 245, "parent": -1, "children": [], "label": "chair", "path": ["/data/S3DIS/Stanford3dDataset_v1.2_Aligned_Version/Area_2/auditorium_2/Annotations/chair_141.txt"]}, {"id": 246, "parent": -1, "children": [], "label": "chair", "path": ["/data/S3DIS/Stanford3dDataset_v1.2_Aligned_Version/Area_2/auditorium_2/Annotations/chair_80.txt"]}, {"id": 247, "parent": -1, "children": [], "label": "chair", "path": ["/data/S3DIS/Stanford3dDataset_v1.2_Aligned_Version/Area_2/auditorium_2/Annotations/chair_192.txt"]}, {"id": 248, "parent": -1, "children": [], "label": "chair", "path": ["/data/S3DIS/Stanford3dDataset_v1.2_Aligned_Version/Area_2/auditorium_2/Annotations/chair_176.txt"]}, {"id": 249, "parent": -1, "children": [], "label": "chair", "path": ["/data/S3DIS/Stanford3dDataset_v1.2_Aligned_Version/Area_2/auditorium_2/Annotations/chair_235.txt"]}, {"id": 250, "parent": -1, "children": [], "label": "chair", "path": ["/data/S3DIS/Stanford3dDataset_v1.2_Aligned_Version/Area_2/auditorium_2/Annotations/chair_189.txt"]}, {"id": 251, "parent": -1, "children": [], "label": "chair", "path": ["/data/S3DIS/Stanford3dDataset_v1.2_Aligned_Version/Area_2/auditorium_2/Annotations/chair_131.txt"]}, {"id": 252, "parent": -1, "children": [], "label": "chair", "path": ["/data/S3DIS/Stanford3dDataset_v1.2_Aligned_Version/Area_2/auditorium_2/Annotations/chair_104.txt"]}, {"id": 253, "parent": -1, "children": [], "label": "clutter", "path": ["/data/S3DIS/Stanford3dDataset_v1.2_Aligned_Version/Area_2/auditorium_2/Annotations/clutter_29.txt"]}, {"id": 254, "parent": -1, "children": [], "label": "chair", "path": ["/data/S3DIS/Stanford3dDataset_v1.2_Aligned_Version/Area_2/auditorium_2/Annotations/chair_82.txt"]}, {"id": 255, "parent": -1, "children": [], "label": "chair", "path": ["/data/S3DIS/Stanford3dDataset_v1.2_Aligned_Version/Area_2/auditorium_2/Annotations/chair_154.txt"]}, {"id": 256, "parent": -1, "children": [], "label": "chair", "path": ["/data/S3DIS/Stanford3dDataset_v1.2_Aligned_Version/Area_2/auditorium_2/Annotations/chair_271.txt"]}, {"id": 257, "parent": -1, "children": [], "label": "chair", "path": ["/data/S3DIS/Stanford3dDataset_v1.2_Aligned_Version/Area_2/auditorium_2/Annotations/chair_135.txt"]}, {"id": 258, "parent": -1, "children": [], "label": "chair", "path": ["/data/S3DIS/Stanford3dDataset_v1.2_Aligned_Version/Area_2/auditorium_2/Annotations/chair_4.txt"]}, {"id": 259, "parent": -1, "children": [], "label": "chair", "path": ["/data/S3DIS/Stanford3dDataset_v1.2_Aligned_Version/Area_2/auditorium_2/Annotations/chair_81.txt"]}, {"id": 260, "parent": -1, "children": [], "label": "chair", "path": ["/data/S3DIS/Stanford3dDataset_v1.2_Aligned_Version/Area_2/auditorium_2/Annotations/chair_158.txt"]}, {"id": 261, "parent": -1, "children": [], "label": "bookcase", "path": ["/data/S3DIS/Stanford3dDataset_v1.2_Aligned_Version/Area_2/auditorium_2/Annotations/bookcase_1.txt"]}, {"id": 262, "parent": -1, "children": [], "label": "clutter", "path": ["/data/S3DIS/Stanford3dDataset_v1.2_Aligned_Version/Area_2/auditorium_2/Annotations/clutter_21.txt"]}, {"id": 263, "parent": -1, "children": [], "label": "wall", "path": ["/data/S3DIS/Stanford3dDataset_v1.2_Aligned_Version/Area_2/auditorium_2/Annotations/wall_1.txt"]}, {"id": 264, "parent": -1, "children": [], "label": "chair", "path": ["/data/S3DIS/Stanford3dDataset_v1.2_Aligned_Version/Area_2/auditorium_2/Annotations/chair_7.txt"]}, {"id": 265, "parent": -1, "children": [], "label": "chair", "path": ["/data/S3DIS/Stanford3dDataset_v1.2_Aligned_Version/Area_2/auditorium_2/Annotations/chair_119.txt"]}, {"id": 266, "parent": -1, "children": [], "label": "chair", "path": ["/data/S3DIS/Stanford3dDataset_v1.2_Aligned_Version/Area_2/auditorium_2/Annotations/chair_112.txt"]}, {"id": 267, "parent": -1, "children": [], "label": "chair", "path": ["/data/S3DIS/Stanford3dDataset_v1.2_Aligned_Version/Area_2/auditorium_2/Annotations/chair_209.txt"]}, {"id": 268, "parent": -1, "children": [], "label": "wall", "path": ["/data/S3DIS/Stanford3dDataset_v1.2_Aligned_Version/Area_2/auditorium_2/Annotations/wall_14.txt"]}, {"id": 269, "parent": -1, "children": [], "label": "chair", "path": ["/data/S3DIS/Stanford3dDataset_v1.2_Aligned_Version/Area_2/auditorium_2/Annotations/chair_142.txt"]}, {"id": 270, "parent": -1, "children": [], "label": "chair", "path": ["/data/S3DIS/Stanford3dDataset_v1.2_Aligned_Version/Area_2/auditorium_2/Annotations/chair_52.txt"]}, {"id": 271, "parent": -1, "children": [], "label": "chair", "path": ["/data/S3DIS/Stanford3dDataset_v1.2_Aligned_Version/Area_2/auditorium_2/Annotations/chair_133.txt"]}, {"id": 272, "parent": -1, "children": [], "label": "chair", "path": ["/data/S3DIS/Stanford3dDataset_v1.2_Aligned_Version/Area_2/auditorium_2/Annotations/chair_102.txt"]}, {"id": 273, "parent": -1, "children": [], "label": "chair", "path": ["/data/S3DIS/Stanford3dDataset_v1.2_Aligned_Version/Area_2/auditorium_2/Annotations/chair_122.txt"]}, {"id": 274, "parent": -1, "children": [], "label": "chair", "path": ["/data/S3DIS/Stanford3dDataset_v1.2_Aligned_Version/Area_2/auditorium_2/Annotations/chair_93.txt"]}, {"id": 275, "parent": -1, "children": [], "label": "chair", "path": ["/data/S3DIS/Stanford3dDataset_v1.2_Aligned_Version/Area_2/auditorium_2/Annotations/chair_108.txt"]}, {"id": 276, "parent": -1, "children": [], "label": "chair", "path": ["/data/S3DIS/Stanford3dDataset_v1.2_Aligned_Version/Area_2/auditorium_2/Annotations/chair_96.txt"]}, {"id": 277, "parent": -1, "children": [], "label": "chair", "path": ["/data/S3DIS/Stanford3dDataset_v1.2_Aligned_Version/Area_2/auditorium_2/Annotations/chair_35.txt"]}, {"id": 278, "parent": -1, "children": [], "label": "chair", "path": ["/data/S3DIS/Stanford3dDataset_v1.2_Aligned_Version/Area_2/auditorium_2/Annotations/chair_159.txt"]}, {"id": 279, "parent": -1, "children": [], "label": "chair", "path": ["/data/S3DIS/Stanford3dDataset_v1.2_Aligned_Version/Area_2/auditorium_2/Annotations/chair_17.txt"]}, {"id": 280, "parent": -1, "children": [], "label": "chair", "path": ["/data/S3DIS/Stanford3dDataset_v1.2_Aligned_Version/Area_2/auditorium_2/Annotations/chair_89.txt"]}, {"id": 281, "parent": -1, "children": [], "label": "chair", "path": ["/data/S3DIS/Stanford3dDataset_v1.2_Aligned_Version/Area_2/auditorium_2/Annotations/chair_156.txt"]}, {"id": 282, "parent": -1, "children": [], "label": "chair", "path": ["/data/S3DIS/Stanford3dDataset_v1.2_Aligned_Version/Area_2/auditorium_2/Annotations/chair_291.txt"]}, {"id": 283, "parent": -1, "children": [], "label": "chair", "path": ["/data/S3DIS/Stanford3dDataset_v1.2_Aligned_Version/Area_2/auditorium_2/Annotations/chair_12.txt"]}, {"id": 284, "parent": -1, "children": [], "label": "clutter", "path": ["/data/S3DIS/Stanford3dDataset_v1.2_Aligned_Version/Area_2/auditorium_2/Annotations/clutter_28.txt"]}, {"id": 285, "parent": -1, "children": [], "label": "chair", "path": ["/data/S3DIS/Stanford3dDataset_v1.2_Aligned_Version/Area_2/auditorium_2/Annotations/chair_219.txt"]}, {"id": 286, "parent": -1, "children": [], "label": "chair", "path": ["/data/S3DIS/Stanford3dDataset_v1.2_Aligned_Version/Area_2/auditorium_2/Annotations/chair_57.txt"]}, {"id": 287, "parent": -1, "children": [], "label": "chair", "path": ["/data/S3DIS/Stanford3dDataset_v1.2_Aligned_Version/Area_2/auditorium_2/Annotations/chair_199.txt"]}, {"id": 288, "parent": -1, "children": [], "label": "chair", "path": ["/data/S3DIS/Stanford3dDataset_v1.2_Aligned_Version/Area_2/auditorium_2/Annotations/chair_183.txt"]}, {"id": 289, "parent": -1, "children": [], "label": "chair", "path": ["/data/S3DIS/Stanford3dDataset_v1.2_Aligned_Version/Area_2/auditorium_2/Annotations/chair_3.txt"]}, {"id": 290, "parent": -1, "children": [], "label": "chair", "path": ["/data/S3DIS/Stanford3dDataset_v1.2_Aligned_Version/Area_2/auditorium_2/Annotations/chair_203.txt"]}, {"id": 291, "parent": -1, "children": [], "label": "chair", "path": ["/data/S3DIS/Stanford3dDataset_v1.2_Aligned_Version/Area_2/auditorium_2/Annotations/chair_23.txt"]}, {"id": 292, "parent": -1, "children": [], "label": "ceiling", "path": ["/data/S3DIS/Stanford3dDataset_v1.2_Aligned_Version/Area_2/auditorium_2/Annotations/ceiling_4.txt"]}, {"id": 293, "parent": -1, "children": [], "label": "chair", "path": ["/data/S3DIS/Stanford3dDataset_v1.2_Aligned_Version/Area_2/auditorium_2/Annotations/chair_143.txt"]}, {"id": 294, "parent": -1, "children": [], "label": "chair", "path": ["/data/S3DIS/Stanford3dDataset_v1.2_Aligned_Version/Area_2/auditorium_2/Annotations/chair_216.txt"]}, {"id": 295, "parent": -1, "children": [], "label": "chair", "path": ["/data/S3DIS/Stanford3dDataset_v1.2_Aligned_Version/Area_2/auditorium_2/Annotations/chair_91.txt"]}, {"id": 296, "parent": -1, "children": [], "label": "chair", "path": ["/data/S3DIS/Stanford3dDataset_v1.2_Aligned_Version/Area_2/auditorium_2/Annotations/chair_243.txt"]}, {"id": 297, "parent": -1, "children": [], "label": "chair", "path": ["/data/S3DIS/Stanford3dDataset_v1.2_Aligned_Version/Area_2/auditorium_2/Annotations/chair_263.txt"]}, {"id": 298, "parent": -1, "children": [], "label": "chair", "path": ["/data/S3DIS/Stanford3dDataset_v1.2_Aligned_Version/Area_2/auditorium_2/Annotations/chair_237.txt"]}, {"id": 299, "parent": -1, "children": [], "label": "chair", "path": ["/data/S3DIS/Stanford3dDataset_v1.2_Aligned_Version/Area_2/auditorium_2/Annotations/chair_290.txt"]}, {"id": 300, "parent": -1, "children": [], "label": "chair", "path": ["/data/S3DIS/Stanford3dDataset_v1.2_Aligned_Version/Area_2/auditorium_2/Annotations/chair_198.txt"]}, {"id": 301, "parent": -1, "children": [], "label": "chair", "path": ["/data/S3DIS/Stanford3dDataset_v1.2_Aligned_Version/Area_2/auditorium_2/Annotations/chair_11.txt"]}, {"id": 302, "parent": -1, "children": [], "label": "clutter", "path": ["/data/S3DIS/Stanford3dDataset_v1.2_Aligned_Version/Area_2/auditorium_2/Annotations/clutter_23.txt"]}, {"id": 303, "parent": -1, "children": [], "label": "chair", "path": ["/data/S3DIS/Stanford3dDataset_v1.2_Aligned_Version/Area_2/auditorium_2/Annotations/chair_34.txt"]}, {"id": 304, "parent": -1, "children": [], "label": "chair", "path": ["/data/S3DIS/Stanford3dDataset_v1.2_Aligned_Version/Area_2/auditorium_2/Annotations/chair_220.txt"]}, {"id": 305, "parent": -1, "children": [], "label": "chair", "path": ["/data/S3DIS/Stanford3dDataset_v1.2_Aligned_Version/Area_2/auditorium_2/Annotations/chair_13.txt"]}, {"id": 306, "parent": -1, "children": [], "label": "chair", "path": ["/data/S3DIS/Stanford3dDataset_v1.2_Aligned_Version/Area_2/auditorium_2/Annotations/chair_43.txt"]}, {"id": 307, "parent": -1, "children": [], "label": "chair", "path": ["/data/S3DIS/Stanford3dDataset_v1.2_Aligned_Version/Area_2/auditorium_2/Annotations/chair_180.txt"]}, {"id": 308, "parent": -1, "children": [], "label": "clutter", "path": ["/data/S3DIS/Stanford3dDataset_v1.2_Aligned_Version/Area_2/auditorium_2/Annotations/clutter_14.txt"]}, {"id": 309, "parent": -1, "children": [], "label": "chair", "path": ["/data/S3DIS/Stanford3dDataset_v1.2_Aligned_Version/Area_2/auditorium_2/Annotations/chair_73.txt"]}, {"id": 310, "parent": -1, "children": [], "label": "chair", "path": ["/data/S3DIS/Stanford3dDataset_v1.2_Aligned_Version/Area_2/auditorium_2/Annotations/chair_264.txt"]}, {"id": 311, "parent": -1, "children": [], "label": "chair", "path": ["/data/S3DIS/Stanford3dDataset_v1.2_Aligned_Version/Area_2/auditorium_2/Annotations/chair_47.txt"]}, {"id": 312, "parent": -1, "children": [], "label": "clutter", "path": ["/data/S3DIS/Stanford3dDataset_v1.2_Aligned_Version/Area_2/auditorium_2/Annotations/clutter_22.txt"]}, {"id": 313, "parent": -1, "children": [], "label": "chair", "path": ["/data/S3DIS/Stanford3dDataset_v1.2_Aligned_Version/Area_2/auditorium_2/Annotations/chair_261.txt"]}, {"id": 314, "parent": -1, "children": [], "label": "chair", "path": ["/data/S3DIS/Stanford3dDataset_v1.2_Aligned_Version/Area_2/auditorium_2/Annotations/chair_33.txt"]}, {"id": 315, "parent": -1, "children": [], "label": "chair", "path": ["/data/S3DIS/Stanford3dDataset_v1.2_Aligned_Version/Area_2/auditorium_2/Annotations/chair_210.txt"]}, {"id": 316, "parent": -1, "children": [], "label": "chair", "path": ["/data/S3DIS/Stanford3dDataset_v1.2_Aligned_Version/Area_2/auditorium_2/Annotations/chair_240.txt"]}, {"id": 317, "parent": -1, "children": [], "label": "chair", "path": ["/data/S3DIS/Stanford3dDataset_v1.2_Aligned_Version/Area_2/auditorium_2/Annotations/chair_14.txt"]}, {"id": 318, "parent": -1, "children": [], "label": "chair", "path": ["/data/S3DIS/Stanford3dDataset_v1.2_Aligned_Version/Area_2/auditorium_2/Annotations/chair_228.txt"]}, {"id": 319, "parent": -1, "children": [], "label": "door", "path": ["/data/S3DIS/Stanford3dDataset_v1.2_Aligned_Version/Area_2/auditorium_2/Annotations/door_4.txt"]}, {"id": 320, "parent": -1, "children": [], "label": "chair", "path": ["/data/S3DIS/Stanford3dDataset_v1.2_Aligned_Version/Area_2/auditorium_2/Annotations/chair_54.txt"]}, {"id": 321, "parent": -1, "children": [], "label": "chair", "path": ["/data/S3DIS/Stanford3dDataset_v1.2_Aligned_Version/Area_2/auditorium_2/Annotations/chair_62.txt"]}, {"id": 322, "parent": -1, "children": [], "label": "chair", "path": ["/data/S3DIS/Stanford3dDataset_v1.2_Aligned_Version/Area_2/auditorium_2/Annotations/chair_166.txt"]}, {"id": 323, "parent": -1, "children": [], "label": "chair", "path": ["/data/S3DIS/Stanford3dDataset_v1.2_Aligned_Version/Area_2/auditorium_2/Annotations/chair_168.txt"]}, {"id": 324, "parent": -1, "children": [], "label": "chair", "path": ["/data/S3DIS/Stanford3dDataset_v1.2_Aligned_Version/Area_2/auditorium_2/Annotations/chair_70.txt"]}, {"id": 325, "parent": -1, "children": [], "label": "chair", "path": ["/data/S3DIS/Stanford3dDataset_v1.2_Aligned_Version/Area_2/auditorium_2/Annotations/chair_207.txt"]}, {"id": 326, "parent": -1, "children": [], "label": "chair", "path": ["/data/S3DIS/Stanford3dDataset_v1.2_Aligned_Version/Area_2/auditorium_2/Annotations/chair_30.txt"]}, {"id": 328, "parent": -1, "children": [], "label": "chair", "path": ["/data/S3DIS/Stanford3dDataset_v1.2_Aligned_Version/Area_2/auditorium_2/Annotations/chair_146.txt"]}, {"id": 329, "parent": -1, "children": [], "label": "wall", "path": ["/data/S3DIS/Stanford3dDataset_v1.2_Aligned_Version/Area_2/auditorium_2/Annotations/wall_4.txt"]}, {"id": 330, "parent": -1, "children": [], "label": "chair", "path": ["/data/S3DIS/Stanford3dDataset_v1.2_Aligned_Version/Area_2/auditorium_2/Annotations/chair_191.txt"]}, {"id": 331, "parent": -1, "children": [], "label": "wall", "path": ["/data/S3DIS/Stanford3dDataset_v1.2_Aligned_Version/Area_2/auditorium_2/Annotations/wall_19.txt"]}, {"id": 332, "parent": -1, "children": [], "label": "clutter", "path": ["/data/S3DIS/Stanford3dDataset_v1.2_Aligned_Version/Area_2/auditorium_2/Annotations/clutter_15.txt"]}, {"id": 333, "parent": -1, "children": [], "label": "wall", "path": ["/data/S3DIS/Stanford3dDataset_v1.2_Aligned_Version/Area_2/auditorium_2/Annotations/wall_8.txt"]}, {"id": 334, "parent": -1, "children": [], "label": "chair", "path": ["/data/S3DIS/Stanford3dDataset_v1.2_Aligned_Version/Area_2/auditorium_2/Annotations/chair_22.txt"]}, {"id": 335, "parent": -1, "children": [], "label": "chair", "path": ["/data/S3DIS/Stanford3dDataset_v1.2_Aligned_Version/Area_2/auditorium_2/Annotations/chair_239.txt"]}, {"id": 336, "parent": -1, "children": [], "label": "chair", "path": ["/data/S3DIS/Stanford3dDataset_v1.2_Aligned_Version/Area_2/auditorium_2/Annotations/chair_262.txt"]}, {"id": 337, "parent": -1, "children": [], "label": "chair", "path": ["/data/S3DIS/Stanford3dDataset_v1.2_Aligned_Version/Area_2/auditorium_2/Annotations/chair_59.txt"]}, {"id": 338, "parent": -1, "children": [], "label": "chair", "path": ["/data/S3DIS/Stanford3dDataset_v1.2_Aligned_Version/Area_2/auditorium_2/Annotations/chair_19.txt"]}, {"id": 339, "parent": -1, "children": [], "label": "chair", "path": ["/data/S3DIS/Stanford3dDataset_v1.2_Aligned_Version/Area_2/auditorium_2/Annotations/chair_157.txt"]}, {"id": 340, "parent": -1, "children": [], "label": "clutter", "path": ["/data/S3DIS/Stanford3dDataset_v1.2_Aligned_Version/Area_2/auditorium_2/Annotations/clutter_3.txt"]}, {"id": 341, "parent": -1, "children": [], "label": "chair", "path": ["/data/S3DIS/Stanford3dDataset_v1.2_Aligned_Version/Area_2/auditorium_2/Annotations/chair_90.txt"]}, {"id": 342, "parent": -1, "children": [], "label": "chair", "path": ["/data/S3DIS/Stanford3dDataset_v1.2_Aligned_Version/Area_2/auditorium_2/Annotations/chair_171.txt"]}, {"id": 343, "parent": -1, "children": [], "label": "chair", "path": ["/data/S3DIS/Stanford3dDataset_v1.2_Aligned_Version/Area_2/auditorium_2/Annotations/chair_174.txt"]}, {"id": 344, "parent": -1, "children": [], "label": "chair", "path": ["/data/S3DIS/Stanford3dDataset_v1.2_Aligned_Version/Area_2/auditorium_2/Annotations/chair_110.txt"]}, {"id": 345, "parent": -1, "children": [], "label": "chair", "path": ["/data/S3DIS/Stanford3dDataset_v1.2_Aligned_Version/Area_2/auditorium_2/Annotations/chair_227.txt"]}, {"id": 346, "parent": -1, "children": [], "label": "chair", "path": ["/data/S3DIS/Stanford3dDataset_v1.2_Aligned_Version/Area_2/auditorium_2/Annotations/chair_31.txt"]}, {"id": 347, "parent": -1, "children": [], "label": "chair", "path": ["/data/S3DIS/Stanford3dDataset_v1.2_Aligned_Version/Area_2/auditorium_2/Annotations/chair_169.txt"]}, {"id": 348, "parent": -1, "children": [], "label": "chair", "path": ["/data/S3DIS/Stanford3dDataset_v1.2_Aligned_Version/Area_2/auditorium_2/Annotations/chair_100.txt"]}, {"id": 349, "parent": -1, "children": [], "label": "clutter", "path": ["/data/S3DIS/Stanford3dDataset_v1.2_Aligned_Version/Area_2/auditorium_2/Annotations/clutter_24.txt"]}, {"id": 350, "parent": -1, "children": [], "label": "chair", "path": ["/data/S3DIS/Stanford3dDataset_v1.2_Aligned_Version/Area_2/auditorium_2/Annotations/chair_230.txt"]}, {"id": 351, "parent": -1, "children": [], "label": "chair", "path": ["/data/S3DIS/Stanford3dDataset_v1.2_Aligned_Version/Area_2/auditorium_2/Annotations/chair_27.txt"]}, {"id": 352, "parent": -1, "children": [], "label": "chair", "path": ["/data/S3DIS/Stanford3dDataset_v1.2_Aligned_Version/Area_2/auditorium_2/Annotations/chair_251.txt"]}, {"id": 353, "parent": -1, "children": [], "label": "chair", "path": ["/data/S3DIS/Stanford3dDataset_v1.2_Aligned_Version/Area_2/auditorium_2/Annotations/chair_205.txt"]}, {"id": 354, "parent": -1, "children": [], "label": "clutter", "path": ["/data/S3DIS/Stanford3dDataset_v1.2_Aligned_Version/Area_2/auditorium_2/Annotations/clutter_17.txt"]}, {"id": 355, "parent": -1, "children": [], "label": "ceiling", "path": ["/data/S3DIS/Stanford3dDataset_v1.2_Aligned_Version/Area_2/auditorium_2/Annotations/ceiling_5.txt"]}, {"id": 356, "parent": -1, "children": [], "label": "chair", "path": ["/data/S3DIS/Stanford3dDataset_v1.2_Aligned_Version/Area_2/auditorium_2/Annotations/chair_148.txt"]}, {"id": 357, "parent": -1, "children": [], "label": "chair", "path": ["/data/S3DIS/Stanford3dDataset_v1.2_Aligned_Version/Area_2/auditorium_2/Annotations/chair_2.txt"]}, {"id": 358, "parent": -1, "children": [], "label": "wall", "path": ["/data/S3DIS/Stanford3dDataset_v1.2_Aligned_Version/Area_2/auditorium_2/Annotations/wall_21.txt"]}, {"id": 359, "parent": -1, "children": [], "label": "chair", "path": ["/data/S3DIS/Stanford3dDataset_v1.2_Aligned_Version/Area_2/auditorium_2/Annotations/chair_147.txt"]}, {"id": 360, "parent": -1, "children": [], "label": "chair", "path": ["/data/S3DIS/Stanford3dDataset_v1.2_Aligned_Version/Area_2/auditorium_2/Annotations/chair_246.txt"]}, {"id": 361, "parent": -1, "children": [], "label": "chair", "path": ["/data/S3DIS/Stanford3dDataset_v1.2_Aligned_Version/Area_2/auditorium_2/Annotations/chair_127.txt"]}, {"id": 362, "parent": -1, "children": [], "label": "chair", "path": ["/data/S3DIS/Stanford3dDataset_v1.2_Aligned_Version/Area_2/auditorium_2/Annotations/chair_25.txt"]}, {"id": 363, "parent": -1, "children": [], "label": "chair", "path": ["/data/S3DIS/Stanford3dDataset_v1.2_Aligned_Version/Area_2/auditorium_2/Annotations/chair_287.txt"]}, {"id": 364, "parent": -1, "children": [], "label": "board", "path": ["/data/S3DIS/Stanford3dDataset_v1.2_Aligned_Version/Area_2/auditorium_2/Annotations/board_3.txt"]}, {"id": 365, "parent": -1, "children": [], "label": "wall", "path": ["/data/S3DIS/Stanford3dDataset_v1.2_Aligned_Version/Area_2/auditorium_2/Annotations/wall_3.txt"]}]