[{"id": 0, "parent": 258, "children": [], "label": "chair", "path": ["/data/S3DIS/Stanford3dDataset_v1.2_Aligned_Version/Area_2/auditorium_1/Annotations/chair_149.txt"]}, {"id": 1, "parent": 259, "children": [], "label": "chair", "path": ["/data/S3DIS/Stanford3dDataset_v1.2_Aligned_Version/Area_2/auditorium_1/Annotations/chair_8.txt"]}, {"id": 2, "parent": 260, "children": [], "label": "chair", "path": ["/data/S3DIS/Stanford3dDataset_v1.2_Aligned_Version/Area_2/auditorium_1/Annotations/chair_74.txt"]}, {"id": 3, "parent": 258, "children": [], "label": "chair", "path": ["/data/S3DIS/Stanford3dDataset_v1.2_Aligned_Version/Area_2/auditorium_1/Annotations/chair_86.txt"]}, {"id": 4, "parent": 260, "children": [], "label": "chair", "path": ["/data/S3DIS/Stanford3dDataset_v1.2_Aligned_Version/Area_2/auditorium_1/Annotations/chair_56.txt"]}, {"id": 5, "parent": 258, "children": [], "label": "chair", "path": ["/data/S3DIS/Stanford3dDataset_v1.2_Aligned_Version/Area_2/auditorium_1/Annotations/chair_177.txt"]}, {"id": 6, "parent": 247, "children": [], "label": "ceiling", "path": ["/data/S3DIS/Stanford3dDataset_v1.2_Aligned_Version/Area_2/auditorium_1/Annotations/ceiling_2.txt"]}, {"id": 7, "parent": 260, "children": [], "label": "chair", "path": ["/data/S3DIS/Stanford3dDataset_v1.2_Aligned_Version/Area_2/auditorium_1/Annotations/chair_51.txt"]}, {"id": 8, "parent": 259, "children": [], "label": "chair", "path": ["/data/S3DIS/Stanford3dDataset_v1.2_Aligned_Version/Area_2/auditorium_1/Annotations/chair_21.txt"]}, {"id": 9, "parent": 249, "children": [], "label": "floor", "path": ["/data/S3DIS/Stanford3dDataset_v1.2_Aligned_Version/Area_2/auditorium_1/Annotations/floor_1.txt"]}, {"id": 10, "parent": -1, "children": [], "label": "clutter", "path": ["/data/S3DIS/Stanford3dDataset_v1.2_Aligned_Version/Area_2/auditorium_1/Annotations/clutter_13.txt"]}, {"id": 11, "parent": 259, "children": [], "label": "chair", "path": ["/data/S3DIS/Stanford3dDataset_v1.2_Aligned_Version/Area_2/auditorium_1/Annotations/chair_26.txt"]}, {"id": 12, "parent": 258, "children": [], "label": "chair", "path": ["/data/S3DIS/Stanford3dDataset_v1.2_Aligned_Version/Area_2/auditorium_1/Annotations/chair_121.txt"]}, {"id": 13, "parent": 258, "children": [], "label": "chair", "path": ["/data/S3DIS/Stanford3dDataset_v1.2_Aligned_Version/Area_2/auditorium_1/Annotations/chair_88.txt"]}, {"id": 14, "parent": 260, "children": [], "label": "chair", "path": ["/data/S3DIS/Stanford3dDataset_v1.2_Aligned_Version/Area_2/auditorium_1/Annotations/chair_60.txt"]}, {"id": 15, "parent": 260, "children": [], "label": "chair", "path": ["/data/S3DIS/Stanford3dDataset_v1.2_Aligned_Version/Area_2/auditorium_1/Annotations/chair_61.txt"]}, {"id": 16, "parent": 259, "children": [], "label": "chair", "path": ["/data/S3DIS/Stanford3dDataset_v1.2_Aligned_Version/Area_2/auditorium_1/Annotations/chair_37.txt"]}, {"id": 17, "parent": 254, "children": [], "label": "door", "path": ["/data/S3DIS/Stanford3dDataset_v1.2_Aligned_Version/Area_2/auditorium_1/Annotations/door_1.txt"]}, {"id": 18, "parent": 258, "children": [], "label": "chair", "path": ["/data/S3DIS/Stanford3dDataset_v1.2_Aligned_Version/Area_2/auditorium_1/Annotations/chair_125.txt"]}, {"id": 19, "parent": 258, "children": [], "label": "chair", "path": ["/data/S3DIS/Stanford3dDataset_v1.2_Aligned_Version/Area_2/auditorium_1/Annotations/chair_118.txt"]}, {"id": 20, "parent": 258, "children": [], "label": "chair", "path": ["/data/S3DIS/Stanford3dDataset_v1.2_Aligned_Version/Area_2/auditorium_1/Annotations/chair_95.txt"]}, {"id": 21, "parent": 258, "children": [], "label": "chair", "path": ["/data/S3DIS/Stanford3dDataset_v1.2_Aligned_Version/Area_2/auditorium_1/Annotations/chair_111.txt"]}, {"id": 22, "parent": 258, "children": [], "label": "chair", "path": ["/data/S3DIS/Stanford3dDataset_v1.2_Aligned_Version/Area_2/auditorium_1/Annotations/chair_132.txt"]}, {"id": 23, "parent": 258, "children": [], "label": "chair", "path": ["/data/S3DIS/Stanford3dDataset_v1.2_Aligned_Version/Area_2/auditorium_1/Annotations/chair_136.txt"]}, {"id": 24, "parent": 260, "children": [], "label": "chair", "path": ["/data/S3DIS/Stanford3dDataset_v1.2_Aligned_Version/Area_2/auditorium_1/Annotations/chair_66.txt"]}, {"id": 25, "parent": 248, "children": [], "label": "wall", "path": ["/data/S3DIS/Stanford3dDataset_v1.2_Aligned_Version/Area_2/auditorium_1/Annotations/wall_6.txt"]}, {"id": 26, "parent": 249, "children": [], "label": "floor", "path": ["/data/S3DIS/Stanford3dDataset_v1.2_Aligned_Version/Area_2/auditorium_1/Annotations/floor_2.txt"]}, {"id": 27, "parent": 258, "children": [], "label": "chair", "path": ["/data/S3DIS/Stanford3dDataset_v1.2_Aligned_Version/Area_2/auditorium_1/Annotations/chair_153.txt"]}, {"id": 28, "parent": 253, "children": [], "label": "bookcase", "path": ["/data/S3DIS/Stanford3dDataset_v1.2_Aligned_Version/Area_2/auditorium_1/Annotations/bookcase_2.txt"]}, {"id": 29, "parent": 259, "children": [], "label": "chair", "path": ["/data/S3DIS/Stanford3dDataset_v1.2_Aligned_Version/Area_2/auditorium_1/Annotations/chair_38.txt"]}, {"id": 30, "parent": 258, "children": [], "label": "chair", "path": ["/data/S3DIS/Stanford3dDataset_v1.2_Aligned_Version/Area_2/auditorium_1/Annotations/chair_123.txt"]}, {"id": 31, "parent": 258, "children": [], "label": "chair", "path": ["/data/S3DIS/Stanford3dDataset_v1.2_Aligned_Version/Area_2/auditorium_1/Annotations/chair_164.txt"]}, {"id": 32, "parent": -1, "children": [], "label": "clutter", "path": ["/data/S3DIS/Stanford3dDataset_v1.2_Aligned_Version/Area_2/auditorium_1/Annotations/clutter_25.txt"]}, {"id": 33, "parent": -1, "children": [], "label": "clutter", "path": ["/data/S3DIS/Stanford3dDataset_v1.2_Aligned_Version/Area_2/auditorium_1/Annotations/clutter_5.txt"]}, {"id": 34, "parent": 260, "children": [], "label": "chair", "path": ["/data/S3DIS/Stanford3dDataset_v1.2_Aligned_Version/Area_2/auditorium_1/Annotations/chair_79.txt"]}, {"id": 35, "parent": 258, "children": [], "label": "chair", "path": ["/data/S3DIS/Stanford3dDataset_v1.2_Aligned_Version/Area_2/auditorium_1/Annotations/chair_117.txt"]}, {"id": 36, "parent": 255, "children": [], "label": "door", "path": ["/data/S3DIS/Stanford3dDataset_v1.2_Aligned_Version/Area_2/auditorium_1/Annotations/door_3.txt"]}, {"id": 37, "parent": 259, "children": [], "label": "chair", "path": ["/data/S3DIS/Stanford3dDataset_v1.2_Aligned_Version/Area_2/auditorium_1/Annotations/chair_41.txt"]}, {"id": 38, "parent": 260, "children": [], "label": "chair", "path": ["/data/S3DIS/Stanford3dDataset_v1.2_Aligned_Version/Area_2/auditorium_1/Annotations/chair_69.txt"]}, {"id": 39, "parent": 260, "children": [], "label": "chair", "path": ["/data/S3DIS/Stanford3dDataset_v1.2_Aligned_Version/Area_2/auditorium_1/Annotations/chair_76.txt"]}, {"id": 40, "parent": 259, "children": [], "label": "chair", "path": ["/data/S3DIS/Stanford3dDataset_v1.2_Aligned_Version/Area_2/auditorium_1/Annotations/chair_44.txt"]}, {"id": 41, "parent": -1, "children": [], "label": "clutter", "path": ["/data/S3DIS/Stanford3dDataset_v1.2_Aligned_Version/Area_2/auditorium_1/Annotations/clutter_16.txt"]}, {"id": 42, "parent": 260, "children": [], "label": "chair", "path": ["/data/S3DIS/Stanford3dDataset_v1.2_Aligned_Version/Area_2/auditorium_1/Annotations/chair_78.txt"]}, {"id": 43, "parent": -1, "children": [], "label": "clutter", "path": ["/data/S3DIS/Stanford3dDataset_v1.2_Aligned_Version/Area_2/auditorium_1/Annotations/clutter_33.txt"]}, {"id": 44, "parent": 258, "children": [], "label": "chair", "path": ["/data/S3DIS/Stanford3dDataset_v1.2_Aligned_Version/Area_2/auditorium_1/Annotations/chair_124.txt"]}, {"id": 45, "parent": 258, "children": [], "label": "chair", "path": ["/data/S3DIS/Stanford3dDataset_v1.2_Aligned_Version/Area_2/auditorium_1/Annotations/chair_167.txt"]}, {"id": 46, "parent": 258, "children": [], "label": "chair", "path": ["/data/S3DIS/Stanford3dDataset_v1.2_Aligned_Version/Area_2/auditorium_1/Annotations/chair_150.txt"]}, {"id": 47, "parent": -1, "children": [], "label": "clutter", "path": ["/data/S3DIS/Stanford3dDataset_v1.2_Aligned_Version/Area_2/auditorium_1/Annotations/clutter_27.txt"]}, {"id": 48, "parent": 258, "children": [], "label": "chair", "path": ["/data/S3DIS/Stanford3dDataset_v1.2_Aligned_Version/Area_2/auditorium_1/Annotations/chair_114.txt"]}, {"id": 49, "parent": 259, "children": [], "label": "chair", "path": ["/data/S3DIS/Stanford3dDataset_v1.2_Aligned_Version/Area_2/auditorium_1/Annotations/chair_40.txt"]}, {"id": 50, "parent": 258, "children": [], "label": "chair", "path": ["/data/S3DIS/Stanford3dDataset_v1.2_Aligned_Version/Area_2/auditorium_1/Annotations/chair_129.txt"]}, {"id": 51, "parent": 247, "children": [], "label": "ceiling", "path": ["/data/S3DIS/Stanford3dDataset_v1.2_Aligned_Version/Area_2/auditorium_1/Annotations/ceiling_1.txt"]}, {"id": 52, "parent": 258, "children": [], "label": "chair", "path": ["/data/S3DIS/Stanford3dDataset_v1.2_Aligned_Version/Area_2/auditorium_1/Annotations/chair_161.txt"]}, {"id": 53, "parent": 260, "children": [], "label": "chair", "path": ["/data/S3DIS/Stanford3dDataset_v1.2_Aligned_Version/Area_2/auditorium_1/Annotations/chair_64.txt"]}, {"id": 54, "parent": 260, "children": [], "label": "chair", "path": ["/data/S3DIS/Stanford3dDataset_v1.2_Aligned_Version/Area_2/auditorium_1/Annotations/chair_65.txt"]}, {"id": 55, "parent": 260, "children": [], "label": "chair", "path": ["/data/S3DIS/Stanford3dDataset_v1.2_Aligned_Version/Area_2/auditorium_1/Annotations/chair_63.txt"]}, {"id": 56, "parent": 258, "children": [], "label": "chair", "path": ["/data/S3DIS/Stanford3dDataset_v1.2_Aligned_Version/Area_2/auditorium_1/Annotations/chair_185.txt"]}, {"id": 57, "parent": -1, "children": [], "label": "clutter", "path": ["/data/S3DIS/Stanford3dDataset_v1.2_Aligned_Version/Area_2/auditorium_1/Annotations/clutter_26.txt"]}, {"id": 58, "parent": 258, "children": [], "label": "chair", "path": ["/data/S3DIS/Stanford3dDataset_v1.2_Aligned_Version/Area_2/auditorium_1/Annotations/chair_175.txt"]}, {"id": 59, "parent": 258, "children": [], "label": "chair", "path": ["/data/S3DIS/Stanford3dDataset_v1.2_Aligned_Version/Area_2/auditorium_1/Annotations/chair_99.txt"]}, {"id": 60, "parent": 259, "children": [], "label": "chair", "path": ["/data/S3DIS/Stanford3dDataset_v1.2_Aligned_Version/Area_2/auditorium_1/Annotations/chair_28.txt"]}, {"id": 61, "parent": 258, "children": [], "label": "chair", "path": ["/data/S3DIS/Stanford3dDataset_v1.2_Aligned_Version/Area_2/auditorium_1/Annotations/chair_152.txt"]}, {"id": 62, "parent": 259, "children": [], "label": "chair", "path": ["/data/S3DIS/Stanford3dDataset_v1.2_Aligned_Version/Area_2/auditorium_1/Annotations/chair_42.txt"]}, {"id": 63, "parent": 260, "children": [], "label": "chair", "path": ["/data/S3DIS/Stanford3dDataset_v1.2_Aligned_Version/Area_2/auditorium_1/Annotations/chair_77.txt"]}, {"id": 64, "parent": 256, "children": [], "label": "door", "path": ["/data/S3DIS/Stanford3dDataset_v1.2_Aligned_Version/Area_2/auditorium_1/Annotations/door_2.txt"]}, {"id": 65, "parent": 258, "children": [], "label": "chair", "path": ["/data/S3DIS/Stanford3dDataset_v1.2_Aligned_Version/Area_2/auditorium_1/Annotations/chair_130.txt"]}, {"id": 66, "parent": -1, "children": [], "label": "clutter", "path": ["/data/S3DIS/Stanford3dDataset_v1.2_Aligned_Version/Area_2/auditorium_1/Annotations/clutter_9.txt"]}, {"id": 67, "parent": 258, "children": [], "label": "chair", "path": ["/data/S3DIS/Stanford3dDataset_v1.2_Aligned_Version/Area_2/auditorium_1/Annotations/chair_84.txt"]}, {"id": 68, "parent": 258, "children": [], "label": "chair", "path": ["/data/S3DIS/Stanford3dDataset_v1.2_Aligned_Version/Area_2/auditorium_1/Annotations/chair_116.txt"]}, {"id": 69, "parent": 258, "children": [], "label": "chair", "path": ["/data/S3DIS/Stanford3dDataset_v1.2_Aligned_Version/Area_2/auditorium_1/Annotations/chair_160.txt"]}, {"id": 70, "parent": 259, "children": [], "label": "chair", "path": ["/data/S3DIS/Stanford3dDataset_v1.2_Aligned_Version/Area_2/auditorium_1/Annotations/chair_10.txt"]}, {"id": 71, "parent": 258, "children": [], "label": "chair", "path": ["/data/S3DIS/Stanford3dDataset_v1.2_Aligned_Version/Area_2/auditorium_1/Annotations/chair_162.txt"]}, {"id": 72, "parent": 258, "children": [], "label": "chair", "path": ["/data/S3DIS/Stanford3dDataset_v1.2_Aligned_Version/Area_2/auditorium_1/Annotations/chair_151.txt"]}, {"id": 73, "parent": 258, "children": [], "label": "chair", "path": ["/data/S3DIS/Stanford3dDataset_v1.2_Aligned_Version/Area_2/auditorium_1/Annotations/chair_113.txt"]}, {"id": 74, "parent": 258, "children": [], "label": "chair", "path": ["/data/S3DIS/Stanford3dDataset_v1.2_Aligned_Version/Area_2/auditorium_1/Annotations/chair_94.txt"]}, {"id": 75, "parent": -1, "children": [], "label": "clutter", "path": ["/data/S3DIS/Stanford3dDataset_v1.2_Aligned_Version/Area_2/auditorium_1/Annotations/clutter_2.txt"]}, {"id": 76, "parent": 248, "children": [], "label": "wall", "path": ["/data/S3DIS/Stanford3dDataset_v1.2_Aligned_Version/Area_2/auditorium_1/Annotations/wall_2.txt"]}, {"id": 77, "parent": 258, "children": [], "label": "chair", "path": ["/data/S3DIS/Stanford3dDataset_v1.2_Aligned_Version/Area_2/auditorium_1/Annotations/chair_120.txt"]}, {"id": 78, "parent": -1, "children": [], "label": "clutter", "path": ["/data/S3DIS/Stanford3dDataset_v1.2_Aligned_Version/Area_2/auditorium_1/Annotations/clutter_20.txt"]}, {"id": 79, "parent": 259, "children": [], "label": "chair", "path": ["/data/S3DIS/Stanford3dDataset_v1.2_Aligned_Version/Area_2/auditorium_1/Annotations/chair_16.txt"]}, {"id": 80, "parent": 258, "children": [], "label": "chair", "path": ["/data/S3DIS/Stanford3dDataset_v1.2_Aligned_Version/Area_2/auditorium_1/Annotations/chair_184.txt"]}, {"id": 81, "parent": 259, "children": [], "label": "chair", "path": ["/data/S3DIS/Stanford3dDataset_v1.2_Aligned_Version/Area_2/auditorium_1/Annotations/chair_36.txt"]}, {"id": 82, "parent": 258, "children": [], "label": "chair", "path": ["/data/S3DIS/Stanford3dDataset_v1.2_Aligned_Version/Area_2/auditorium_1/Annotations/chair_105.txt"]}, {"id": 83, "parent": 258, "children": [], "label": "chair", "path": ["/data/S3DIS/Stanford3dDataset_v1.2_Aligned_Version/Area_2/auditorium_1/Annotations/chair_155.txt"]}, {"id": 84, "parent": 258, "children": [], "label": "chair", "path": ["/data/S3DIS/Stanford3dDataset_v1.2_Aligned_Version/Area_2/auditorium_1/Annotations/chair_138.txt"]}, {"id": 85, "parent": 258, "children": [], "label": "chair", "path": ["/data/S3DIS/Stanford3dDataset_v1.2_Aligned_Version/Area_2/auditorium_1/Annotations/chair_181.txt"]}, {"id": 86, "parent": -1, "children": [], "label": "clutter", "path": ["/data/S3DIS/Stanford3dDataset_v1.2_Aligned_Version/Area_2/auditorium_1/Annotations/clutter_1.txt"]}, {"id": 87, "parent": 247, "children": [], "label": "ceiling", "path": ["/data/S3DIS/Stanford3dDataset_v1.2_Aligned_Version/Area_2/auditorium_1/Annotations/ceiling_3.txt"]}, {"id": 88, "parent": 259, "children": [], "label": "chair", "path": ["/data/S3DIS/Stanford3dDataset_v1.2_Aligned_Version/Area_2/auditorium_1/Annotations/chair_39.txt"]}, {"id": 89, "parent": 251, "children": [], "label": "board", "path": ["/data/S3DIS/Stanford3dDataset_v1.2_Aligned_Version/Area_2/auditorium_1/Annotations/board_2.txt"]}, {"id": 90, "parent": 260, "children": [], "label": "chair", "path": ["/data/S3DIS/Stanford3dDataset_v1.2_Aligned_Version/Area_2/auditorium_1/Annotations/chair_49.txt"]}, {"id": 91, "parent": -1, "children": [], "label": "clutter", "path": ["/data/S3DIS/Stanford3dDataset_v1.2_Aligned_Version/Area_2/auditorium_1/Annotations/clutter_12.txt"]}, {"id": 92, "parent": 258, "children": [], "label": "chair", "path": ["/data/S3DIS/Stanford3dDataset_v1.2_Aligned_Version/Area_2/auditorium_1/Annotations/chair_85.txt"]}, {"id": 93, "parent": 260, "children": [], "label": "chair", "path": ["/data/S3DIS/Stanford3dDataset_v1.2_Aligned_Version/Area_2/auditorium_1/Annotations/chair_83.txt"]}, {"id": 94, "parent": 260, "children": [], "label": "chair", "path": ["/data/S3DIS/Stanford3dDataset_v1.2_Aligned_Version/Area_2/auditorium_1/Annotations/chair_55.txt"]}, {"id": 95, "parent": 258, "children": [], "label": "chair", "path": ["/data/S3DIS/Stanford3dDataset_v1.2_Aligned_Version/Area_2/auditorium_1/Annotations/chair_101.txt"]}, {"id": 96, "parent": -1, "children": [], "label": "clutter", "path": ["/data/S3DIS/Stanford3dDataset_v1.2_Aligned_Version/Area_2/auditorium_1/Annotations/clutter_7.txt"]}, {"id": 97, "parent": 259, "children": [], "label": "chair", "path": ["/data/S3DIS/Stanford3dDataset_v1.2_Aligned_Version/Area_2/auditorium_1/Annotations/chair_1.txt"]}, {"id": 98, "parent": 260, "children": [], "label": "chair", "path": ["/data/S3DIS/Stanford3dDataset_v1.2_Aligned_Version/Area_2/auditorium_1/Annotations/chair_58.txt"]}, {"id": 99, "parent": 258, "children": [], "label": "chair", "path": ["/data/S3DIS/Stanford3dDataset_v1.2_Aligned_Version/Area_2/auditorium_1/Annotations/chair_98.txt"]}, {"id": 100, "parent": 258, "children": [], "label": "chair", "path": ["/data/S3DIS/Stanford3dDataset_v1.2_Aligned_Version/Area_2/auditorium_1/Annotations/chair_126.txt"]}, {"id": 101, "parent": 258, "children": [], "label": "chair", "path": ["/data/S3DIS/Stanford3dDataset_v1.2_Aligned_Version/Area_2/auditorium_1/Annotations/chair_173.txt"]}, {"id": 102, "parent": 260, "children": [], "label": "chair", "path": ["/data/S3DIS/Stanford3dDataset_v1.2_Aligned_Version/Area_2/auditorium_1/Annotations/chair_72.txt"]}, {"id": 103, "parent": -1, "children": [], "label": "clutter", "path": ["/data/S3DIS/Stanford3dDataset_v1.2_Aligned_Version/Area_2/auditorium_1/Annotations/clutter_8.txt"]}, {"id": 104, "parent": 260, "children": [], "label": "chair", "path": ["/data/S3DIS/Stanford3dDataset_v1.2_Aligned_Version/Area_2/auditorium_1/Annotations/chair_53.txt"]}, {"id": 105, "parent": 258, "children": [], "label": "chair", "path": ["/data/S3DIS/Stanford3dDataset_v1.2_Aligned_Version/Area_2/auditorium_1/Annotations/chair_144.txt"]}, {"id": 106, "parent": 258, "children": [], "label": "chair", "path": ["/data/S3DIS/Stanford3dDataset_v1.2_Aligned_Version/Area_2/auditorium_1/Annotations/chair_115.txt"]}, {"id": 107, "parent": 248, "children": [], "label": "wall", "path": ["/data/S3DIS/Stanford3dDataset_v1.2_Aligned_Version/Area_2/auditorium_1/Annotations/wall_7.txt"]}, {"id": 108, "parent": 258, "children": [], "label": "chair", "path": ["/data/S3DIS/Stanford3dDataset_v1.2_Aligned_Version/Area_2/auditorium_1/Annotations/chair_178.txt"]}, {"id": 109, "parent": 259, "children": [], "label": "chair", "path": ["/data/S3DIS/Stanford3dDataset_v1.2_Aligned_Version/Area_2/auditorium_1/Annotations/chair_20.txt"]}, {"id": 110, "parent": 258, "children": [], "label": "chair", "path": ["/data/S3DIS/Stanford3dDataset_v1.2_Aligned_Version/Area_2/auditorium_1/Annotations/chair_182.txt"]}, {"id": 111, "parent": 258, "children": [], "label": "chair", "path": ["/data/S3DIS/Stanford3dDataset_v1.2_Aligned_Version/Area_2/auditorium_1/Annotations/chair_172.txt"]}, {"id": 112, "parent": 258, "children": [], "label": "chair", "path": ["/data/S3DIS/Stanford3dDataset_v1.2_Aligned_Version/Area_2/auditorium_1/Annotations/chair_170.txt"]}, {"id": 113, "parent": 258, "children": [], "label": "chair", "path": ["/data/S3DIS/Stanford3dDataset_v1.2_Aligned_Version/Area_2/auditorium_1/Annotations/chair_134.txt"]}, {"id": 114, "parent": -1, "children": [], "label": "clutter", "path": ["/data/S3DIS/Stanford3dDataset_v1.2_Aligned_Version/Area_2/auditorium_1/Annotations/clutter_34.txt"]}, {"id": 115, "parent": 258, "children": [], "label": "chair", "path": ["/data/S3DIS/Stanford3dDataset_v1.2_Aligned_Version/Area_2/auditorium_1/Annotations/chair_145.txt"]}, {"id": 116, "parent": 258, "children": [], "label": "chair", "path": ["/data/S3DIS/Stanford3dDataset_v1.2_Aligned_Version/Area_2/auditorium_1/Annotations/chair_92.txt"]}, {"id": 117, "parent": 260, "children": [], "label": "chair", "path": ["/data/S3DIS/Stanford3dDataset_v1.2_Aligned_Version/Area_2/auditorium_1/Annotations/chair_46.txt"]}, {"id": 118, "parent": 259, "children": [], "label": "chair", "path": ["/data/S3DIS/Stanford3dDataset_v1.2_Aligned_Version/Area_2/auditorium_1/Annotations/chair_9.txt"]}, {"id": 119, "parent": -1, "children": [], "label": "clutter", "path": ["/data/S3DIS/Stanford3dDataset_v1.2_Aligned_Version/Area_2/auditorium_1/Annotations/clutter_30.txt"]}, {"id": 120, "parent": 248, "children": [], "label": "wall", "path": ["/data/S3DIS/Stanford3dDataset_v1.2_Aligned_Version/Area_2/auditorium_1/Annotations/wall_5.txt"]}, {"id": 121, "parent": 260, "children": [], "label": "chair", "path": ["/data/S3DIS/Stanford3dDataset_v1.2_Aligned_Version/Area_2/auditorium_1/Annotations/chair_68.txt"]}, {"id": 122, "parent": 258, "children": [], "label": "chair", "path": ["/data/S3DIS/Stanford3dDataset_v1.2_Aligned_Version/Area_2/auditorium_1/Annotations/chair_109.txt"]}, {"id": 123, "parent": 259, "children": [], "label": "chair", "path": ["/data/S3DIS/Stanford3dDataset_v1.2_Aligned_Version/Area_2/auditorium_1/Annotations/chair_18.txt"]}, {"id": 124, "parent": -1, "children": [], "label": "clutter", "path": ["/data/S3DIS/Stanford3dDataset_v1.2_Aligned_Version/Area_2/auditorium_1/Annotations/clutter_6.txt"]}, {"id": 125, "parent": 259, "children": [], "label": "chair", "path": ["/data/S3DIS/Stanford3dDataset_v1.2_Aligned_Version/Area_2/auditorium_1/Annotations/chair_45.txt"]}, {"id": 126, "parent": -1, "children": [], "label": "clutter", "path": ["/data/S3DIS/Stanford3dDataset_v1.2_Aligned_Version/Area_2/auditorium_1/Annotations/clutter_19.txt"]}, {"id": 127, "parent": 258, "children": [], "label": "chair", "path": ["/data/S3DIS/Stanford3dDataset_v1.2_Aligned_Version/Area_2/auditorium_1/Annotations/chair_106.txt"]}, {"id": 128, "parent": 258, "children": [], "label": "chair", "path": ["/data/S3DIS/Stanford3dDataset_v1.2_Aligned_Version/Area_2/auditorium_1/Annotations/chair_179.txt"]}, {"id": 129, "parent": 259, "children": [], "label": "chair", "path": ["/data/S3DIS/Stanford3dDataset_v1.2_Aligned_Version/Area_2/auditorium_1/Annotations/chair_6.txt"]}, {"id": 130, "parent": 260, "children": [], "label": "chair", "path": ["/data/S3DIS/Stanford3dDataset_v1.2_Aligned_Version/Area_2/auditorium_1/Annotations/chair_67.txt"]}, {"id": 131, "parent": 259, "children": [], "label": "chair", "path": ["/data/S3DIS/Stanford3dDataset_v1.2_Aligned_Version/Area_2/auditorium_1/Annotations/chair_15.txt"]}, {"id": 132, "parent": 259, "children": [], "label": "chair", "path": ["/data/S3DIS/Stanford3dDataset_v1.2_Aligned_Version/Area_2/auditorium_1/Annotations/chair_29.txt"]}, {"id": 133, "parent": -1, "children": [], "label": "clutter", "path": ["/data/S3DIS/Stanford3dDataset_v1.2_Aligned_Version/Area_2/auditorium_1/Annotations/clutter_10.txt"]}, {"id": 134, "parent": 258, "children": [], "label": "chair", "path": ["/data/S3DIS/Stanford3dDataset_v1.2_Aligned_Version/Area_2/auditorium_1/Annotations/chair_97.txt"]}, {"id": 135, "parent": 258, "children": [], "label": "chair", "path": ["/data/S3DIS/Stanford3dDataset_v1.2_Aligned_Version/Area_2/auditorium_1/Annotations/chair_107.txt"]}, {"id": 136, "parent": 249, "children": [], "label": "floor", "path": ["/data/S3DIS/Stanford3dDataset_v1.2_Aligned_Version/Area_2/auditorium_1/Annotations/floor_3.txt"]}, {"id": 137, "parent": 258, "children": [], "label": "chair", "path": ["/data/S3DIS/Stanford3dDataset_v1.2_Aligned_Version/Area_2/auditorium_1/Annotations/chair_140.txt"]}, {"id": 138, "parent": 258, "children": [], "label": "chair", "path": ["/data/S3DIS/Stanford3dDataset_v1.2_Aligned_Version/Area_2/auditorium_1/Annotations/chair_137.txt"]}, {"id": 139, "parent": 251, "children": [], "label": "board", "path": ["/data/S3DIS/Stanford3dDataset_v1.2_Aligned_Version/Area_2/auditorium_1/Annotations/board_1.txt"]}, {"id": 140, "parent": 258, "children": [], "label": "chair", "path": ["/data/S3DIS/Stanford3dDataset_v1.2_Aligned_Version/Area_2/auditorium_1/Annotations/chair_87.txt"]}, {"id": 141, "parent": 259, "children": [], "label": "chair", "path": ["/data/S3DIS/Stanford3dDataset_v1.2_Aligned_Version/Area_2/auditorium_1/Annotations/chair_24.txt"]}, {"id": 142, "parent": -1, "children": [], "label": "clutter", "path": ["/data/S3DIS/Stanford3dDataset_v1.2_Aligned_Version/Area_2/auditorium_1/Annotations/clutter_18.txt"]}, {"id": 143, "parent": 260, "children": [], "label": "chair", "path": ["/data/S3DIS/Stanford3dDataset_v1.2_Aligned_Version/Area_2/auditorium_1/Annotations/chair_71.txt"]}, {"id": 144, "parent": 259, "children": [], "label": "chair", "path": ["/data/S3DIS/Stanford3dDataset_v1.2_Aligned_Version/Area_2/auditorium_1/Annotations/chair_32.txt"]}, {"id": 145, "parent": 258, "children": [], "label": "chair", "path": ["/data/S3DIS/Stanford3dDataset_v1.2_Aligned_Version/Area_2/auditorium_1/Annotations/chair_163.txt"]}, {"id": 146, "parent": 258, "children": [], "label": "chair", "path": ["/data/S3DIS/Stanford3dDataset_v1.2_Aligned_Version/Area_2/auditorium_1/Annotations/chair_128.txt"]}, {"id": 147, "parent": 260, "children": [], "label": "chair", "path": ["/data/S3DIS/Stanford3dDataset_v1.2_Aligned_Version/Area_2/auditorium_1/Annotations/chair_75.txt"]}, {"id": 148, "parent": 260, "children": [], "label": "chair", "path": ["/data/S3DIS/Stanford3dDataset_v1.2_Aligned_Version/Area_2/auditorium_1/Annotations/chair_48.txt"]}, {"id": 149, "parent": -1, "children": [], "label": "clutter", "path": ["/data/S3DIS/Stanford3dDataset_v1.2_Aligned_Version/Area_2/auditorium_1/Annotations/clutter_4.txt"]}, {"id": 150, "parent": 258, "children": [], "label": "chair", "path": ["/data/S3DIS/Stanford3dDataset_v1.2_Aligned_Version/Area_2/auditorium_1/Annotations/chair_139.txt"]}, {"id": 151, "parent": 259, "children": [], "label": "chair", "path": ["/data/S3DIS/Stanford3dDataset_v1.2_Aligned_Version/Area_2/auditorium_1/Annotations/chair_5.txt"]}, {"id": 152, "parent": -1, "children": [], "label": "clutter", "path": ["/data/S3DIS/Stanford3dDataset_v1.2_Aligned_Version/Area_2/auditorium_1/Annotations/clutter_11.txt"]}, {"id": 153, "parent": 260, "children": [], "label": "chair", "path": ["/data/S3DIS/Stanford3dDataset_v1.2_Aligned_Version/Area_2/auditorium_1/Annotations/chair_50.txt"]}, {"id": 154, "parent": -1, "children": [], "label": "clutter", "path": ["/data/S3DIS/Stanford3dDataset_v1.2_Aligned_Version/Area_2/auditorium_1/Annotations/clutter_32.txt"]}, {"id": 155, "parent": 258, "children": [], "label": "chair", "path": ["/data/S3DIS/Stanford3dDataset_v1.2_Aligned_Version/Area_2/auditorium_1/Annotations/chair_165.txt"]}, {"id": 156, "parent": 248, "children": [], "label": "wall", "path": ["/data/S3DIS/Stanford3dDataset_v1.2_Aligned_Version/Area_2/auditorium_1/Annotations/wall_9.txt"]}, {"id": 157, "parent": 258, "children": [], "label": "chair", "path": ["/data/S3DIS/Stanford3dDataset_v1.2_Aligned_Version/Area_2/auditorium_1/Annotations/chair_103.txt"]}, {"id": 158, "parent": -1, "children": [], "label": "clutter", "path": ["/data/S3DIS/Stanford3dDataset_v1.2_Aligned_Version/Area_2/auditorium_1/Annotations/clutter_31.txt"]}, {"id": 159, "parent": 258, "children": [], "label": "chair", "path": ["/data/S3DIS/Stanford3dDataset_v1.2_Aligned_Version/Area_2/auditorium_1/Annotations/chair_141.txt"]}, {"id": 160, "parent": 260, "children": [], "label": "chair", "path": ["/data/S3DIS/Stanford3dDataset_v1.2_Aligned_Version/Area_2/auditorium_1/Annotations/chair_80.txt"]}, {"id": 161, "parent": 258, "children": [], "label": "chair", "path": ["/data/S3DIS/Stanford3dDataset_v1.2_Aligned_Version/Area_2/auditorium_1/Annotations/chair_176.txt"]}, {"id": 162, "parent": 258, "children": [], "label": "chair", "path": ["/data/S3DIS/Stanford3dDataset_v1.2_Aligned_Version/Area_2/auditorium_1/Annotations/chair_131.txt"]}, {"id": 163, "parent": 258, "children": [], "label": "chair", "path": ["/data/S3DIS/Stanford3dDataset_v1.2_Aligned_Version/Area_2/auditorium_1/Annotations/chair_104.txt"]}, {"id": 164, "parent": -1, "children": [], "label": "clutter", "path": ["/data/S3DIS/Stanford3dDataset_v1.2_Aligned_Version/Area_2/auditorium_1/Annotations/clutter_29.txt"]}, {"id": 165, "parent": 260, "children": [], "label": "chair", "path": ["/data/S3DIS/Stanford3dDataset_v1.2_Aligned_Version/Area_2/auditorium_1/Annotations/chair_82.txt"]}, {"id": 166, "parent": 258, "children": [], "label": "chair", "path": ["/data/S3DIS/Stanford3dDataset_v1.2_Aligned_Version/Area_2/auditorium_1/Annotations/chair_154.txt"]}, {"id": 167, "parent": 258, "children": [], "label": "chair", "path": ["/data/S3DIS/Stanford3dDataset_v1.2_Aligned_Version/Area_2/auditorium_1/Annotations/chair_135.txt"]}, {"id": 168, "parent": 259, "children": [], "label": "chair", "path": ["/data/S3DIS/Stanford3dDataset_v1.2_Aligned_Version/Area_2/auditorium_1/Annotations/chair_4.txt"]}, {"id": 169, "parent": 260, "children": [], "label": "chair", "path": ["/data/S3DIS/Stanford3dDataset_v1.2_Aligned_Version/Area_2/auditorium_1/Annotations/chair_81.txt"]}, {"id": 170, "parent": 258, "children": [], "label": "chair", "path": ["/data/S3DIS/Stanford3dDataset_v1.2_Aligned_Version/Area_2/auditorium_1/Annotations/chair_158.txt"]}, {"id": 171, "parent": 252, "children": [], "label": "bookcase", "path": ["/data/S3DIS/Stanford3dDataset_v1.2_Aligned_Version/Area_2/auditorium_1/Annotations/bookcase_1.txt"]}, {"id": 172, "parent": -1, "children": [], "label": "clutter", "path": ["/data/S3DIS/Stanford3dDataset_v1.2_Aligned_Version/Area_2/auditorium_1/Annotations/clutter_21.txt"]}, {"id": 173, "parent": 248, "children": [], "label": "wall", "path": ["/data/S3DIS/Stanford3dDataset_v1.2_Aligned_Version/Area_2/auditorium_1/Annotations/wall_1.txt"]}, {"id": 174, "parent": 247, "children": [], "label": "ceiling", "path": ["/data/S3DIS/Stanford3dDataset_v1.2_Aligned_Version/Area_2/auditorium_1/Annotations/ceiling_6.txt"]}, {"id": 175, "parent": 259, "children": [], "label": "chair", "path": ["/data/S3DIS/Stanford3dDataset_v1.2_Aligned_Version/Area_2/auditorium_1/Annotations/chair_7.txt"]}, {"id": 176, "parent": 258, "children": [], "label": "chair", "path": ["/data/S3DIS/Stanford3dDataset_v1.2_Aligned_Version/Area_2/auditorium_1/Annotations/chair_119.txt"]}, {"id": 177, "parent": 258, "children": [], "label": "chair", "path": ["/data/S3DIS/Stanford3dDataset_v1.2_Aligned_Version/Area_2/auditorium_1/Annotations/chair_112.txt"]}, {"id": 178, "parent": 258, "children": [], "label": "chair", "path": ["/data/S3DIS/Stanford3dDataset_v1.2_Aligned_Version/Area_2/auditorium_1/Annotations/chair_142.txt"]}, {"id": 179, "parent": 260, "children": [], "label": "chair", "path": ["/data/S3DIS/Stanford3dDataset_v1.2_Aligned_Version/Area_2/auditorium_1/Annotations/chair_52.txt"]}, {"id": 180, "parent": 258, "children": [], "label": "chair", "path": ["/data/S3DIS/Stanford3dDataset_v1.2_Aligned_Version/Area_2/auditorium_1/Annotations/chair_133.txt"]}, {"id": 181, "parent": 258, "children": [], "label": "chair", "path": ["/data/S3DIS/Stanford3dDataset_v1.2_Aligned_Version/Area_2/auditorium_1/Annotations/chair_102.txt"]}, {"id": 182, "parent": 250, "children": [], "label": "column", "path": ["/data/S3DIS/Stanford3dDataset_v1.2_Aligned_Version/Area_2/auditorium_1/Annotations/column_1.txt"]}, {"id": 183, "parent": 258, "children": [], "label": "chair", "path": ["/data/S3DIS/Stanford3dDataset_v1.2_Aligned_Version/Area_2/auditorium_1/Annotations/chair_122.txt"]}, {"id": 184, "parent": 258, "children": [], "label": "chair", "path": ["/data/S3DIS/Stanford3dDataset_v1.2_Aligned_Version/Area_2/auditorium_1/Annotations/chair_93.txt"]}, {"id": 185, "parent": 258, "children": [], "label": "chair", "path": ["/data/S3DIS/Stanford3dDataset_v1.2_Aligned_Version/Area_2/auditorium_1/Annotations/chair_108.txt"]}, {"id": 186, "parent": 258, "children": [], "label": "chair", "path": ["/data/S3DIS/Stanford3dDataset_v1.2_Aligned_Version/Area_2/auditorium_1/Annotations/chair_96.txt"]}, {"id": 187, "parent": 259, "children": [], "label": "chair", "path": ["/data/S3DIS/Stanford3dDataset_v1.2_Aligned_Version/Area_2/auditorium_1/Annotations/chair_35.txt"]}, {"id": 188, "parent": 258, "children": [], "label": "chair", "path": ["/data/S3DIS/Stanford3dDataset_v1.2_Aligned_Version/Area_2/auditorium_1/Annotations/chair_159.txt"]}, {"id": 189, "parent": 259, "children": [], "label": "chair", "path": ["/data/S3DIS/Stanford3dDataset_v1.2_Aligned_Version/Area_2/auditorium_1/Annotations/chair_17.txt"]}, {"id": 190, "parent": 258, "children": [], "label": "chair", "path": ["/data/S3DIS/Stanford3dDataset_v1.2_Aligned_Version/Area_2/auditorium_1/Annotations/chair_89.txt"]}, {"id": 191, "parent": 258, "children": [], "label": "chair", "path": ["/data/S3DIS/Stanford3dDataset_v1.2_Aligned_Version/Area_2/auditorium_1/Annotations/chair_156.txt"]}, {"id": 192, "parent": 259, "children": [], "label": "chair", "path": ["/data/S3DIS/Stanford3dDataset_v1.2_Aligned_Version/Area_2/auditorium_1/Annotations/chair_12.txt"]}, {"id": 193, "parent": -1, "children": [], "label": "clutter", "path": ["/data/S3DIS/Stanford3dDataset_v1.2_Aligned_Version/Area_2/auditorium_1/Annotations/clutter_28.txt"]}, {"id": 194, "parent": 260, "children": [], "label": "chair", "path": ["/data/S3DIS/Stanford3dDataset_v1.2_Aligned_Version/Area_2/auditorium_1/Annotations/chair_57.txt"]}, {"id": 195, "parent": 258, "children": [], "label": "chair", "path": ["/data/S3DIS/Stanford3dDataset_v1.2_Aligned_Version/Area_2/auditorium_1/Annotations/chair_183.txt"]}, {"id": 196, "parent": 259, "children": [], "label": "chair", "path": ["/data/S3DIS/Stanford3dDataset_v1.2_Aligned_Version/Area_2/auditorium_1/Annotations/chair_3.txt"]}, {"id": 197, "parent": 259, "children": [], "label": "chair", "path": ["/data/S3DIS/Stanford3dDataset_v1.2_Aligned_Version/Area_2/auditorium_1/Annotations/chair_23.txt"]}, {"id": 198, "parent": 247, "children": [], "label": "ceiling", "path": ["/data/S3DIS/Stanford3dDataset_v1.2_Aligned_Version/Area_2/auditorium_1/Annotations/ceiling_4.txt"]}, {"id": 199, "parent": 258, "children": [], "label": "chair", "path": ["/data/S3DIS/Stanford3dDataset_v1.2_Aligned_Version/Area_2/auditorium_1/Annotations/chair_143.txt"]}, {"id": 200, "parent": 258, "children": [], "label": "chair", "path": ["/data/S3DIS/Stanford3dDataset_v1.2_Aligned_Version/Area_2/auditorium_1/Annotations/chair_91.txt"]}, {"id": 201, "parent": 259, "children": [], "label": "chair", "path": ["/data/S3DIS/Stanford3dDataset_v1.2_Aligned_Version/Area_2/auditorium_1/Annotations/chair_11.txt"]}, {"id": 202, "parent": -1, "children": [], "label": "clutter", "path": ["/data/S3DIS/Stanford3dDataset_v1.2_Aligned_Version/Area_2/auditorium_1/Annotations/clutter_23.txt"]}, {"id": 203, "parent": 259, "children": [], "label": "chair", "path": ["/data/S3DIS/Stanford3dDataset_v1.2_Aligned_Version/Area_2/auditorium_1/Annotations/chair_34.txt"]}, {"id": 204, "parent": 259, "children": [], "label": "chair", "path": ["/data/S3DIS/Stanford3dDataset_v1.2_Aligned_Version/Area_2/auditorium_1/Annotations/chair_13.txt"]}, {"id": 205, "parent": 259, "children": [], "label": "chair", "path": ["/data/S3DIS/Stanford3dDataset_v1.2_Aligned_Version/Area_2/auditorium_1/Annotations/chair_43.txt"]}, {"id": 206, "parent": 258, "children": [], "label": "chair", "path": ["/data/S3DIS/Stanford3dDataset_v1.2_Aligned_Version/Area_2/auditorium_1/Annotations/chair_180.txt"]}, {"id": 207, "parent": -1, "children": [], "label": "clutter", "path": ["/data/S3DIS/Stanford3dDataset_v1.2_Aligned_Version/Area_2/auditorium_1/Annotations/clutter_14.txt"]}, {"id": 208, "parent": 260, "children": [], "label": "chair", "path": ["/data/S3DIS/Stanford3dDataset_v1.2_Aligned_Version/Area_2/auditorium_1/Annotations/chair_73.txt"]}, {"id": 209, "parent": 260, "children": [], "label": "chair", "path": ["/data/S3DIS/Stanford3dDataset_v1.2_Aligned_Version/Area_2/auditorium_1/Annotations/chair_47.txt"]}, {"id": 210, "parent": -1, "children": [], "label": "clutter", "path": ["/data/S3DIS/Stanford3dDataset_v1.2_Aligned_Version/Area_2/auditorium_1/Annotations/clutter_22.txt"]}, {"id": 211, "parent": 259, "children": [], "label": "chair", "path": ["/data/S3DIS/Stanford3dDataset_v1.2_Aligned_Version/Area_2/auditorium_1/Annotations/chair_33.txt"]}, {"id": 212, "parent": 259, "children": [], "label": "chair", "path": ["/data/S3DIS/Stanford3dDataset_v1.2_Aligned_Version/Area_2/auditorium_1/Annotations/chair_14.txt"]}, {"id": 213, "parent": 257, "children": [], "label": "door", "path": ["/data/S3DIS/Stanford3dDataset_v1.2_Aligned_Version/Area_2/auditorium_1/Annotations/door_4.txt"]}, {"id": 214, "parent": 260, "children": [], "label": "chair", "path": ["/data/S3DIS/Stanford3dDataset_v1.2_Aligned_Version/Area_2/auditorium_1/Annotations/chair_54.txt"]}, {"id": 215, "parent": 260, "children": [], "label": "chair", "path": ["/data/S3DIS/Stanford3dDataset_v1.2_Aligned_Version/Area_2/auditorium_1/Annotations/chair_62.txt"]}, {"id": 216, "parent": 258, "children": [], "label": "chair", "path": ["/data/S3DIS/Stanford3dDataset_v1.2_Aligned_Version/Area_2/auditorium_1/Annotations/chair_166.txt"]}, {"id": 217, "parent": 258, "children": [], "label": "chair", "path": ["/data/S3DIS/Stanford3dDataset_v1.2_Aligned_Version/Area_2/auditorium_1/Annotations/chair_168.txt"]}, {"id": 218, "parent": 260, "children": [], "label": "chair", "path": ["/data/S3DIS/Stanford3dDataset_v1.2_Aligned_Version/Area_2/auditorium_1/Annotations/chair_70.txt"]}, {"id": 219, "parent": 259, "children": [], "label": "chair", "path": ["/data/S3DIS/Stanford3dDataset_v1.2_Aligned_Version/Area_2/auditorium_1/Annotations/chair_30.txt"]}, {"id": 220, "parent": 258, "children": [], "label": "chair", "path": ["/data/S3DIS/Stanford3dDataset_v1.2_Aligned_Version/Area_2/auditorium_1/Annotations/chair_146.txt"]}, {"id": 221, "parent": 248, "children": [], "label": "wall", "path": ["/data/S3DIS/Stanford3dDataset_v1.2_Aligned_Version/Area_2/auditorium_1/Annotations/wall_4.txt"]}, {"id": 222, "parent": -1, "children": [], "label": "clutter", "path": ["/data/S3DIS/Stanford3dDataset_v1.2_Aligned_Version/Area_2/auditorium_1/Annotations/clutter_15.txt"]}, {"id": 223, "parent": 248, "children": [], "label": "wall", "path": ["/data/S3DIS/Stanford3dDataset_v1.2_Aligned_Version/Area_2/auditorium_1/Annotations/wall_8.txt"]}, {"id": 224, "parent": 259, "children": [], "label": "chair", "path": ["/data/S3DIS/Stanford3dDataset_v1.2_Aligned_Version/Area_2/auditorium_1/Annotations/chair_22.txt"]}, {"id": 225, "parent": 260, "children": [], "label": "chair", "path": ["/data/S3DIS/Stanford3dDataset_v1.2_Aligned_Version/Area_2/auditorium_1/Annotations/chair_59.txt"]}, {"id": 226, "parent": 259, "children": [], "label": "chair", "path": ["/data/S3DIS/Stanford3dDataset_v1.2_Aligned_Version/Area_2/auditorium_1/Annotations/chair_19.txt"]}, {"id": 227, "parent": 258, "children": [], "label": "chair", "path": ["/data/S3DIS/Stanford3dDataset_v1.2_Aligned_Version/Area_2/auditorium_1/Annotations/chair_157.txt"]}, {"id": 228, "parent": -1, "children": [], "label": "clutter", "path": ["/data/S3DIS/Stanford3dDataset_v1.2_Aligned_Version/Area_2/auditorium_1/Annotations/clutter_3.txt"]}, {"id": 229, "parent": 258, "children": [], "label": "chair", "path": ["/data/S3DIS/Stanford3dDataset_v1.2_Aligned_Version/Area_2/auditorium_1/Annotations/chair_90.txt"]}, {"id": 230, "parent": 258, "children": [], "label": "chair", "path": ["/data/S3DIS/Stanford3dDataset_v1.2_Aligned_Version/Area_2/auditorium_1/Annotations/chair_171.txt"]}, {"id": 231, "parent": 258, "children": [], "label": "chair", "path": ["/data/S3DIS/Stanford3dDataset_v1.2_Aligned_Version/Area_2/auditorium_1/Annotations/chair_174.txt"]}, {"id": 232, "parent": 258, "children": [], "label": "chair", "path": ["/data/S3DIS/Stanford3dDataset_v1.2_Aligned_Version/Area_2/auditorium_1/Annotations/chair_110.txt"]}, {"id": 233, "parent": 259, "children": [], "label": "chair", "path": ["/data/S3DIS/Stanford3dDataset_v1.2_Aligned_Version/Area_2/auditorium_1/Annotations/chair_31.txt"]}, {"id": 234, "parent": 258, "children": [], "label": "chair", "path": ["/data/S3DIS/Stanford3dDataset_v1.2_Aligned_Version/Area_2/auditorium_1/Annotations/chair_169.txt"]}, {"id": 235, "parent": 258, "children": [], "label": "chair", "path": ["/data/S3DIS/Stanford3dDataset_v1.2_Aligned_Version/Area_2/auditorium_1/Annotations/chair_100.txt"]}, {"id": 236, "parent": -1, "children": [], "label": "clutter", "path": ["/data/S3DIS/Stanford3dDataset_v1.2_Aligned_Version/Area_2/auditorium_1/Annotations/clutter_24.txt"]}, {"id": 237, "parent": 259, "children": [], "label": "chair", "path": ["/data/S3DIS/Stanford3dDataset_v1.2_Aligned_Version/Area_2/auditorium_1/Annotations/chair_27.txt"]}, {"id": 238, "parent": -1, "children": [], "label": "clutter", "path": ["/data/S3DIS/Stanford3dDataset_v1.2_Aligned_Version/Area_2/auditorium_1/Annotations/clutter_17.txt"]}, {"id": 239, "parent": 247, "children": [], "label": "ceiling", "path": ["/data/S3DIS/Stanford3dDataset_v1.2_Aligned_Version/Area_2/auditorium_1/Annotations/ceiling_5.txt"]}, {"id": 240, "parent": 258, "children": [], "label": "chair", "path": ["/data/S3DIS/Stanford3dDataset_v1.2_Aligned_Version/Area_2/auditorium_1/Annotations/chair_148.txt"]}, {"id": 241, "parent": 259, "children": [], "label": "chair", "path": ["/data/S3DIS/Stanford3dDataset_v1.2_Aligned_Version/Area_2/auditorium_1/Annotations/chair_2.txt"]}, {"id": 242, "parent": 258, "children": [], "label": "chair", "path": ["/data/S3DIS/Stanford3dDataset_v1.2_Aligned_Version/Area_2/auditorium_1/Annotations/chair_147.txt"]}, {"id": 243, "parent": 258, "children": [], "label": "chair", "path": ["/data/S3DIS/Stanford3dDataset_v1.2_Aligned_Version/Area_2/auditorium_1/Annotations/chair_127.txt"]}, {"id": 244, "parent": 259, "children": [], "label": "chair", "path": ["/data/S3DIS/Stanford3dDataset_v1.2_Aligned_Version/Area_2/auditorium_1/Annotations/chair_25.txt"]}, {"id": 245, "parent": 251, "children": [], "label": "board", "path": ["/data/S3DIS/Stanford3dDataset_v1.2_Aligned_Version/Area_2/auditorium_1/Annotations/board_3.txt"]}, {"id": 246, "parent": 248, "children": [], "label": "wall", "path": ["/data/S3DIS/Stanford3dDataset_v1.2_Aligned_Version/Area_2/auditorium_1/Annotations/wall_3.txt"]}, {"id": 247, "parent": 261, "children": [6, 51, 87, 174, 198, 239], "label": "ceiling group", "path": ["/data/S3DIS/Stanford3dDataset_v1.2_Aligned_Version/Area_2/auditorium_1/Annotations/ceiling_2.txt", "/data/S3DIS/Stanford3dDataset_v1.2_Aligned_Version/Area_2/auditorium_1/Annotations/ceiling_1.txt", "/data/S3DIS/Stanford3dDataset_v1.2_Aligned_Version/Area_2/auditorium_1/Annotations/ceiling_3.txt", "/data/S3DIS/Stanford3dDataset_v1.2_Aligned_Version/Area_2/auditorium_1/Annotations/ceiling_6.txt", "/data/S3DIS/Stanford3dDataset_v1.2_Aligned_Version/Area_2/auditorium_1/Annotations/ceiling_4.txt", "/data/S3DIS/Stanford3dDataset_v1.2_Aligned_Version/Area_2/auditorium_1/Annotations/ceiling_5.txt"]}, {"id": 248, "parent": 261, "children": [25, 76, 107, 120, 156, 173, 221, 223, 246], "label": "wall group", "path": ["/data/S3DIS/Stanford3dDataset_v1.2_Aligned_Version/Area_2/auditorium_1/Annotations/wall_6.txt", "/data/S3DIS/Stanford3dDataset_v1.2_Aligned_Version/Area_2/auditorium_1/Annotations/wall_2.txt", "/data/S3DIS/Stanford3dDataset_v1.2_Aligned_Version/Area_2/auditorium_1/Annotations/wall_7.txt", "/data/S3DIS/Stanford3dDataset_v1.2_Aligned_Version/Area_2/auditorium_1/Annotations/wall_5.txt", "/data/S3DIS/Stanford3dDataset_v1.2_Aligned_Version/Area_2/auditorium_1/Annotations/wall_9.txt", "/data/S3DIS/Stanford3dDataset_v1.2_Aligned_Version/Area_2/auditorium_1/Annotations/wall_1.txt", "/data/S3DIS/Stanford3dDataset_v1.2_Aligned_Version/Area_2/auditorium_1/Annotations/wall_4.txt", "/data/S3DIS/Stanford3dDataset_v1.2_Aligned_Version/Area_2/auditorium_1/Annotations/wall_8.txt", "/data/S3DIS/Stanford3dDataset_v1.2_Aligned_Version/Area_2/auditorium_1/Annotations/wall_3.txt"]}, {"id": 249, "parent": 261, "children": [9, 26, 136], "label": "floor group", "path": ["/data/S3DIS/Stanford3dDataset_v1.2_Aligned_Version/Area_2/auditorium_1/Annotations/floor_1.txt", "/data/S3DIS/Stanford3dDataset_v1.2_Aligned_Version/Area_2/auditorium_1/Annotations/floor_2.txt", "/data/S3DIS/Stanford3dDataset_v1.2_Aligned_Version/Area_2/auditorium_1/Annotations/floor_3.txt"]}, {"id": 250, "parent": 261, "children": [182], "label": "column group", "path": ["/data/S3DIS/Stanford3dDataset_v1.2_Aligned_Version/Area_2/auditorium_1/Annotations/column_1.txt"]}, {"id": 251, "parent": 261, "children": [89, 139, 245], "label": "board group", "path": ["/data/S3DIS/Stanford3dDataset_v1.2_Aligned_Version/Area_2/auditorium_1/Annotations/board_2.txt", "/data/S3DIS/Stanford3dDataset_v1.2_Aligned_Version/Area_2/auditorium_1/Annotations/board_1.txt", "/data/S3DIS/Stanford3dDataset_v1.2_Aligned_Version/Area_2/auditorium_1/Annotations/board_3.txt"]}, {"id": 252, "parent": 262, "children": [171], "label": "bookcase group", "path": ["/data/S3DIS/Stanford3dDataset_v1.2_Aligned_Version/Area_2/auditorium_1/Annotations/bookcase_1.txt"]}, {"id": 253, "parent": 263, "children": [28], "label": "bookcase group", "path": ["/data/S3DIS/Stanford3dDataset_v1.2_Aligned_Version/Area_2/auditorium_1/Annotations/bookcase_2.txt"]}, {"id": 254, "parent": 264, "children": [17], "label": "door group", "path": ["/data/S3DIS/Stanford3dDataset_v1.2_Aligned_Version/Area_2/auditorium_1/Annotations/door_1.txt"]}, {"id": 255, "parent": 265, "children": [36], "label": "door group", "path": ["/data/S3DIS/Stanford3dDataset_v1.2_Aligned_Version/Area_2/auditorium_1/Annotations/door_3.txt"]}, {"id": 256, "parent": 266, "children": [64], "label": "door group", "path": ["/data/S3DIS/Stanford3dDataset_v1.2_Aligned_Version/Area_2/auditorium_1/Annotations/door_2.txt"]}, {"id": 257, "parent": 267, "children": [213], "label": "door group", "path": ["/data/S3DIS/Stanford3dDataset_v1.2_Aligned_Version/Area_2/auditorium_1/Annotations/door_4.txt"]}, {"id": 258, "parent": 268, "children": [0, 3, 5, 12, 13, 18, 19, 20, 21, 22, 23, 27, 30, 31, 35, 44, 45, 46, 48, 50, 52, 56, 58, 59, 61, 65, 67, 68, 69, 71, 72, 73, 74, 77, 80, 82, 83, 84, 85, 92, 95, 99, 100, 101, 105, 106, 108, 110, 111, 112, 113, 115, 116, 122, 127, 128, 134, 135, 137, 138, 140, 145, 146, 150, 155, 157, 159, 161, 162, 163, 166, 167, 170, 176, 177, 178, 180, 181, 183, 184, 185, 186, 188, 190, 191, 195, 199, 200, 206, 216, 217, 220, 227, 229, 230, 231, 232, 234, 235, 240, 242, 243], "label": "chair group", "path": ["/data/S3DIS/Stanford3dDataset_v1.2_Aligned_Version/Area_2/auditorium_1/Annotations/chair_149.txt", "/data/S3DIS/Stanford3dDataset_v1.2_Aligned_Version/Area_2/auditorium_1/Annotations/chair_86.txt", "/data/S3DIS/Stanford3dDataset_v1.2_Aligned_Version/Area_2/auditorium_1/Annotations/chair_177.txt", "/data/S3DIS/Stanford3dDataset_v1.2_Aligned_Version/Area_2/auditorium_1/Annotations/chair_121.txt", "/data/S3DIS/Stanford3dDataset_v1.2_Aligned_Version/Area_2/auditorium_1/Annotations/chair_88.txt", "/data/S3DIS/Stanford3dDataset_v1.2_Aligned_Version/Area_2/auditorium_1/Annotations/chair_125.txt", "/data/S3DIS/Stanford3dDataset_v1.2_Aligned_Version/Area_2/auditorium_1/Annotations/chair_118.txt", "/data/S3DIS/Stanford3dDataset_v1.2_Aligned_Version/Area_2/auditorium_1/Annotations/chair_95.txt", "/data/S3DIS/Stanford3dDataset_v1.2_Aligned_Version/Area_2/auditorium_1/Annotations/chair_111.txt", "/data/S3DIS/Stanford3dDataset_v1.2_Aligned_Version/Area_2/auditorium_1/Annotations/chair_132.txt", "/data/S3DIS/Stanford3dDataset_v1.2_Aligned_Version/Area_2/auditorium_1/Annotations/chair_136.txt", "/data/S3DIS/Stanford3dDataset_v1.2_Aligned_Version/Area_2/auditorium_1/Annotations/chair_153.txt", "/data/S3DIS/Stanford3dDataset_v1.2_Aligned_Version/Area_2/auditorium_1/Annotations/chair_123.txt", "/data/S3DIS/Stanford3dDataset_v1.2_Aligned_Version/Area_2/auditorium_1/Annotations/chair_164.txt", "/data/S3DIS/Stanford3dDataset_v1.2_Aligned_Version/Area_2/auditorium_1/Annotations/chair_117.txt", "/data/S3DIS/Stanford3dDataset_v1.2_Aligned_Version/Area_2/auditorium_1/Annotations/chair_124.txt", "/data/S3DIS/Stanford3dDataset_v1.2_Aligned_Version/Area_2/auditorium_1/Annotations/chair_167.txt", "/data/S3DIS/Stanford3dDataset_v1.2_Aligned_Version/Area_2/auditorium_1/Annotations/chair_150.txt", "/data/S3DIS/Stanford3dDataset_v1.2_Aligned_Version/Area_2/auditorium_1/Annotations/chair_114.txt", "/data/S3DIS/Stanford3dDataset_v1.2_Aligned_Version/Area_2/auditorium_1/Annotations/chair_129.txt", "/data/S3DIS/Stanford3dDataset_v1.2_Aligned_Version/Area_2/auditorium_1/Annotations/chair_161.txt", "/data/S3DIS/Stanford3dDataset_v1.2_Aligned_Version/Area_2/auditorium_1/Annotations/chair_185.txt", "/data/S3DIS/Stanford3dDataset_v1.2_Aligned_Version/Area_2/auditorium_1/Annotations/chair_175.txt", "/data/S3DIS/Stanford3dDataset_v1.2_Aligned_Version/Area_2/auditorium_1/Annotations/chair_99.txt", "/data/S3DIS/Stanford3dDataset_v1.2_Aligned_Version/Area_2/auditorium_1/Annotations/chair_152.txt", "/data/S3DIS/Stanford3dDataset_v1.2_Aligned_Version/Area_2/auditorium_1/Annotations/chair_130.txt", "/data/S3DIS/Stanford3dDataset_v1.2_Aligned_Version/Area_2/auditorium_1/Annotations/chair_84.txt", "/data/S3DIS/Stanford3dDataset_v1.2_Aligned_Version/Area_2/auditorium_1/Annotations/chair_116.txt", "/data/S3DIS/Stanford3dDataset_v1.2_Aligned_Version/Area_2/auditorium_1/Annotations/chair_160.txt", "/data/S3DIS/Stanford3dDataset_v1.2_Aligned_Version/Area_2/auditorium_1/Annotations/chair_162.txt", "/data/S3DIS/Stanford3dDataset_v1.2_Aligned_Version/Area_2/auditorium_1/Annotations/chair_151.txt", "/data/S3DIS/Stanford3dDataset_v1.2_Aligned_Version/Area_2/auditorium_1/Annotations/chair_113.txt", "/data/S3DIS/Stanford3dDataset_v1.2_Aligned_Version/Area_2/auditorium_1/Annotations/chair_94.txt", "/data/S3DIS/Stanford3dDataset_v1.2_Aligned_Version/Area_2/auditorium_1/Annotations/chair_120.txt", "/data/S3DIS/Stanford3dDataset_v1.2_Aligned_Version/Area_2/auditorium_1/Annotations/chair_184.txt", "/data/S3DIS/Stanford3dDataset_v1.2_Aligned_Version/Area_2/auditorium_1/Annotations/chair_105.txt", "/data/S3DIS/Stanford3dDataset_v1.2_Aligned_Version/Area_2/auditorium_1/Annotations/chair_155.txt", "/data/S3DIS/Stanford3dDataset_v1.2_Aligned_Version/Area_2/auditorium_1/Annotations/chair_138.txt", "/data/S3DIS/Stanford3dDataset_v1.2_Aligned_Version/Area_2/auditorium_1/Annotations/chair_181.txt", "/data/S3DIS/Stanford3dDataset_v1.2_Aligned_Version/Area_2/auditorium_1/Annotations/chair_85.txt", "/data/S3DIS/Stanford3dDataset_v1.2_Aligned_Version/Area_2/auditorium_1/Annotations/chair_101.txt", "/data/S3DIS/Stanford3dDataset_v1.2_Aligned_Version/Area_2/auditorium_1/Annotations/chair_98.txt", "/data/S3DIS/Stanford3dDataset_v1.2_Aligned_Version/Area_2/auditorium_1/Annotations/chair_126.txt", "/data/S3DIS/Stanford3dDataset_v1.2_Aligned_Version/Area_2/auditorium_1/Annotations/chair_173.txt", "/data/S3DIS/Stanford3dDataset_v1.2_Aligned_Version/Area_2/auditorium_1/Annotations/chair_144.txt", "/data/S3DIS/Stanford3dDataset_v1.2_Aligned_Version/Area_2/auditorium_1/Annotations/chair_115.txt", "/data/S3DIS/Stanford3dDataset_v1.2_Aligned_Version/Area_2/auditorium_1/Annotations/chair_178.txt", "/data/S3DIS/Stanford3dDataset_v1.2_Aligned_Version/Area_2/auditorium_1/Annotations/chair_182.txt", "/data/S3DIS/Stanford3dDataset_v1.2_Aligned_Version/Area_2/auditorium_1/Annotations/chair_172.txt", "/data/S3DIS/Stanford3dDataset_v1.2_Aligned_Version/Area_2/auditorium_1/Annotations/chair_170.txt", "/data/S3DIS/Stanford3dDataset_v1.2_Aligned_Version/Area_2/auditorium_1/Annotations/chair_134.txt", "/data/S3DIS/Stanford3dDataset_v1.2_Aligned_Version/Area_2/auditorium_1/Annotations/chair_145.txt", "/data/S3DIS/Stanford3dDataset_v1.2_Aligned_Version/Area_2/auditorium_1/Annotations/chair_92.txt", "/data/S3DIS/Stanford3dDataset_v1.2_Aligned_Version/Area_2/auditorium_1/Annotations/chair_109.txt", "/data/S3DIS/Stanford3dDataset_v1.2_Aligned_Version/Area_2/auditorium_1/Annotations/chair_106.txt", "/data/S3DIS/Stanford3dDataset_v1.2_Aligned_Version/Area_2/auditorium_1/Annotations/chair_179.txt", "/data/S3DIS/Stanford3dDataset_v1.2_Aligned_Version/Area_2/auditorium_1/Annotations/chair_97.txt", "/data/S3DIS/Stanford3dDataset_v1.2_Aligned_Version/Area_2/auditorium_1/Annotations/chair_107.txt", "/data/S3DIS/Stanford3dDataset_v1.2_Aligned_Version/Area_2/auditorium_1/Annotations/chair_140.txt", "/data/S3DIS/Stanford3dDataset_v1.2_Aligned_Version/Area_2/auditorium_1/Annotations/chair_137.txt", "/data/S3DIS/Stanford3dDataset_v1.2_Aligned_Version/Area_2/auditorium_1/Annotations/chair_87.txt", "/data/S3DIS/Stanford3dDataset_v1.2_Aligned_Version/Area_2/auditorium_1/Annotations/chair_163.txt", "/data/S3DIS/Stanford3dDataset_v1.2_Aligned_Version/Area_2/auditorium_1/Annotations/chair_128.txt", "/data/S3DIS/Stanford3dDataset_v1.2_Aligned_Version/Area_2/auditorium_1/Annotations/chair_139.txt", "/data/S3DIS/Stanford3dDataset_v1.2_Aligned_Version/Area_2/auditorium_1/Annotations/chair_165.txt", "/data/S3DIS/Stanford3dDataset_v1.2_Aligned_Version/Area_2/auditorium_1/Annotations/chair_103.txt", "/data/S3DIS/Stanford3dDataset_v1.2_Aligned_Version/Area_2/auditorium_1/Annotations/chair_141.txt", "/data/S3DIS/Stanford3dDataset_v1.2_Aligned_Version/Area_2/auditorium_1/Annotations/chair_176.txt", "/data/S3DIS/Stanford3dDataset_v1.2_Aligned_Version/Area_2/auditorium_1/Annotations/chair_131.txt", "/data/S3DIS/Stanford3dDataset_v1.2_Aligned_Version/Area_2/auditorium_1/Annotations/chair_104.txt", "/data/S3DIS/Stanford3dDataset_v1.2_Aligned_Version/Area_2/auditorium_1/Annotations/chair_154.txt", "/data/S3DIS/Stanford3dDataset_v1.2_Aligned_Version/Area_2/auditorium_1/Annotations/chair_135.txt", "/data/S3DIS/Stanford3dDataset_v1.2_Aligned_Version/Area_2/auditorium_1/Annotations/chair_158.txt", "/data/S3DIS/Stanford3dDataset_v1.2_Aligned_Version/Area_2/auditorium_1/Annotations/chair_119.txt", "/data/S3DIS/Stanford3dDataset_v1.2_Aligned_Version/Area_2/auditorium_1/Annotations/chair_112.txt", "/data/S3DIS/Stanford3dDataset_v1.2_Aligned_Version/Area_2/auditorium_1/Annotations/chair_142.txt", "/data/S3DIS/Stanford3dDataset_v1.2_Aligned_Version/Area_2/auditorium_1/Annotations/chair_133.txt", "/data/S3DIS/Stanford3dDataset_v1.2_Aligned_Version/Area_2/auditorium_1/Annotations/chair_102.txt", "/data/S3DIS/Stanford3dDataset_v1.2_Aligned_Version/Area_2/auditorium_1/Annotations/chair_122.txt", "/data/S3DIS/Stanford3dDataset_v1.2_Aligned_Version/Area_2/auditorium_1/Annotations/chair_93.txt", "/data/S3DIS/Stanford3dDataset_v1.2_Aligned_Version/Area_2/auditorium_1/Annotations/chair_108.txt", "/data/S3DIS/Stanford3dDataset_v1.2_Aligned_Version/Area_2/auditorium_1/Annotations/chair_96.txt", "/data/S3DIS/Stanford3dDataset_v1.2_Aligned_Version/Area_2/auditorium_1/Annotations/chair_159.txt", "/data/S3DIS/Stanford3dDataset_v1.2_Aligned_Version/Area_2/auditorium_1/Annotations/chair_89.txt", "/data/S3DIS/Stanford3dDataset_v1.2_Aligned_Version/Area_2/auditorium_1/Annotations/chair_156.txt", "/data/S3DIS/Stanford3dDataset_v1.2_Aligned_Version/Area_2/auditorium_1/Annotations/chair_183.txt", "/data/S3DIS/Stanford3dDataset_v1.2_Aligned_Version/Area_2/auditorium_1/Annotations/chair_143.txt", "/data/S3DIS/Stanford3dDataset_v1.2_Aligned_Version/Area_2/auditorium_1/Annotations/chair_91.txt", "/data/S3DIS/Stanford3dDataset_v1.2_Aligned_Version/Area_2/auditorium_1/Annotations/chair_180.txt", "/data/S3DIS/Stanford3dDataset_v1.2_Aligned_Version/Area_2/auditorium_1/Annotations/chair_166.txt", "/data/S3DIS/Stanford3dDataset_v1.2_Aligned_Version/Area_2/auditorium_1/Annotations/chair_168.txt", "/data/S3DIS/Stanford3dDataset_v1.2_Aligned_Version/Area_2/auditorium_1/Annotations/chair_146.txt", "/data/S3DIS/Stanford3dDataset_v1.2_Aligned_Version/Area_2/auditorium_1/Annotations/chair_157.txt", "/data/S3DIS/Stanford3dDataset_v1.2_Aligned_Version/Area_2/auditorium_1/Annotations/chair_90.txt", "/data/S3DIS/Stanford3dDataset_v1.2_Aligned_Version/Area_2/auditorium_1/Annotations/chair_171.txt", "/data/S3DIS/Stanford3dDataset_v1.2_Aligned_Version/Area_2/auditorium_1/Annotations/chair_174.txt", "/data/S3DIS/Stanford3dDataset_v1.2_Aligned_Version/Area_2/auditorium_1/Annotations/chair_110.txt", "/data/S3DIS/Stanford3dDataset_v1.2_Aligned_Version/Area_2/auditorium_1/Annotations/chair_169.txt", "/data/S3DIS/Stanford3dDataset_v1.2_Aligned_Version/Area_2/auditorium_1/Annotations/chair_100.txt", "/data/S3DIS/Stanford3dDataset_v1.2_Aligned_Version/Area_2/auditorium_1/Annotations/chair_148.txt", "/data/S3DIS/Stanford3dDataset_v1.2_Aligned_Version/Area_2/auditorium_1/Annotations/chair_147.txt", "/data/S3DIS/Stanford3dDataset_v1.2_Aligned_Version/Area_2/auditorium_1/Annotations/chair_127.txt"]}, {"id": 259, "parent": 269, "children": [1, 8, 11, 16, 29, 37, 40, 49, 60, 62, 70, 79, 81, 88, 97, 109, 118, 123, 125, 129, 131, 132, 141, 144, 151, 168, 175, 187, 189, 192, 196, 197, 201, 203, 204, 205, 211, 212, 219, 224, 226, 233, 237, 241, 244], "label": "chair group", "path": ["/data/S3DIS/Stanford3dDataset_v1.2_Aligned_Version/Area_2/auditorium_1/Annotations/chair_8.txt", "/data/S3DIS/Stanford3dDataset_v1.2_Aligned_Version/Area_2/auditorium_1/Annotations/chair_21.txt", "/data/S3DIS/Stanford3dDataset_v1.2_Aligned_Version/Area_2/auditorium_1/Annotations/chair_26.txt", "/data/S3DIS/Stanford3dDataset_v1.2_Aligned_Version/Area_2/auditorium_1/Annotations/chair_37.txt", "/data/S3DIS/Stanford3dDataset_v1.2_Aligned_Version/Area_2/auditorium_1/Annotations/chair_38.txt", "/data/S3DIS/Stanford3dDataset_v1.2_Aligned_Version/Area_2/auditorium_1/Annotations/chair_41.txt", "/data/S3DIS/Stanford3dDataset_v1.2_Aligned_Version/Area_2/auditorium_1/Annotations/chair_44.txt", "/data/S3DIS/Stanford3dDataset_v1.2_Aligned_Version/Area_2/auditorium_1/Annotations/chair_40.txt", "/data/S3DIS/Stanford3dDataset_v1.2_Aligned_Version/Area_2/auditorium_1/Annotations/chair_28.txt", "/data/S3DIS/Stanford3dDataset_v1.2_Aligned_Version/Area_2/auditorium_1/Annotations/chair_42.txt", "/data/S3DIS/Stanford3dDataset_v1.2_Aligned_Version/Area_2/auditorium_1/Annotations/chair_10.txt", "/data/S3DIS/Stanford3dDataset_v1.2_Aligned_Version/Area_2/auditorium_1/Annotations/chair_16.txt", "/data/S3DIS/Stanford3dDataset_v1.2_Aligned_Version/Area_2/auditorium_1/Annotations/chair_36.txt", "/data/S3DIS/Stanford3dDataset_v1.2_Aligned_Version/Area_2/auditorium_1/Annotations/chair_39.txt", "/data/S3DIS/Stanford3dDataset_v1.2_Aligned_Version/Area_2/auditorium_1/Annotations/chair_1.txt", "/data/S3DIS/Stanford3dDataset_v1.2_Aligned_Version/Area_2/auditorium_1/Annotations/chair_20.txt", "/data/S3DIS/Stanford3dDataset_v1.2_Aligned_Version/Area_2/auditorium_1/Annotations/chair_9.txt", "/data/S3DIS/Stanford3dDataset_v1.2_Aligned_Version/Area_2/auditorium_1/Annotations/chair_18.txt", "/data/S3DIS/Stanford3dDataset_v1.2_Aligned_Version/Area_2/auditorium_1/Annotations/chair_45.txt", "/data/S3DIS/Stanford3dDataset_v1.2_Aligned_Version/Area_2/auditorium_1/Annotations/chair_6.txt", "/data/S3DIS/Stanford3dDataset_v1.2_Aligned_Version/Area_2/auditorium_1/Annotations/chair_15.txt", "/data/S3DIS/Stanford3dDataset_v1.2_Aligned_Version/Area_2/auditorium_1/Annotations/chair_29.txt", "/data/S3DIS/Stanford3dDataset_v1.2_Aligned_Version/Area_2/auditorium_1/Annotations/chair_24.txt", "/data/S3DIS/Stanford3dDataset_v1.2_Aligned_Version/Area_2/auditorium_1/Annotations/chair_32.txt", "/data/S3DIS/Stanford3dDataset_v1.2_Aligned_Version/Area_2/auditorium_1/Annotations/chair_5.txt", "/data/S3DIS/Stanford3dDataset_v1.2_Aligned_Version/Area_2/auditorium_1/Annotations/chair_4.txt", "/data/S3DIS/Stanford3dDataset_v1.2_Aligned_Version/Area_2/auditorium_1/Annotations/chair_7.txt", "/data/S3DIS/Stanford3dDataset_v1.2_Aligned_Version/Area_2/auditorium_1/Annotations/chair_35.txt", "/data/S3DIS/Stanford3dDataset_v1.2_Aligned_Version/Area_2/auditorium_1/Annotations/chair_17.txt", "/data/S3DIS/Stanford3dDataset_v1.2_Aligned_Version/Area_2/auditorium_1/Annotations/chair_12.txt", "/data/S3DIS/Stanford3dDataset_v1.2_Aligned_Version/Area_2/auditorium_1/Annotations/chair_3.txt", "/data/S3DIS/Stanford3dDataset_v1.2_Aligned_Version/Area_2/auditorium_1/Annotations/chair_23.txt", "/data/S3DIS/Stanford3dDataset_v1.2_Aligned_Version/Area_2/auditorium_1/Annotations/chair_11.txt", "/data/S3DIS/Stanford3dDataset_v1.2_Aligned_Version/Area_2/auditorium_1/Annotations/chair_34.txt", "/data/S3DIS/Stanford3dDataset_v1.2_Aligned_Version/Area_2/auditorium_1/Annotations/chair_13.txt", "/data/S3DIS/Stanford3dDataset_v1.2_Aligned_Version/Area_2/auditorium_1/Annotations/chair_43.txt", "/data/S3DIS/Stanford3dDataset_v1.2_Aligned_Version/Area_2/auditorium_1/Annotations/chair_33.txt", "/data/S3DIS/Stanford3dDataset_v1.2_Aligned_Version/Area_2/auditorium_1/Annotations/chair_14.txt", "/data/S3DIS/Stanford3dDataset_v1.2_Aligned_Version/Area_2/auditorium_1/Annotations/chair_30.txt", "/data/S3DIS/Stanford3dDataset_v1.2_Aligned_Version/Area_2/auditorium_1/Annotations/chair_22.txt", "/data/S3DIS/Stanford3dDataset_v1.2_Aligned_Version/Area_2/auditorium_1/Annotations/chair_19.txt", "/data/S3DIS/Stanford3dDataset_v1.2_Aligned_Version/Area_2/auditorium_1/Annotations/chair_31.txt", "/data/S3DIS/Stanford3dDataset_v1.2_Aligned_Version/Area_2/auditorium_1/Annotations/chair_27.txt", "/data/S3DIS/Stanford3dDataset_v1.2_Aligned_Version/Area_2/auditorium_1/Annotations/chair_2.txt", "/data/S3DIS/Stanford3dDataset_v1.2_Aligned_Version/Area_2/auditorium_1/Annotations/chair_25.txt"]}, {"id": 260, "parent": 270, "children": [2, 4, 7, 14, 15, 24, 34, 38, 39, 42, 53, 54, 55, 63, 90, 93, 94, 98, 102, 104, 117, 121, 130, 143, 147, 148, 153, 160, 165, 169, 179, 194, 208, 209, 214, 215, 218, 225], "label": "chair group", "path": ["/data/S3DIS/Stanford3dDataset_v1.2_Aligned_Version/Area_2/auditorium_1/Annotations/chair_74.txt", "/data/S3DIS/Stanford3dDataset_v1.2_Aligned_Version/Area_2/auditorium_1/Annotations/chair_56.txt", "/data/S3DIS/Stanford3dDataset_v1.2_Aligned_Version/Area_2/auditorium_1/Annotations/chair_51.txt", "/data/S3DIS/Stanford3dDataset_v1.2_Aligned_Version/Area_2/auditorium_1/Annotations/chair_60.txt", "/data/S3DIS/Stanford3dDataset_v1.2_Aligned_Version/Area_2/auditorium_1/Annotations/chair_61.txt", "/data/S3DIS/Stanford3dDataset_v1.2_Aligned_Version/Area_2/auditorium_1/Annotations/chair_66.txt", "/data/S3DIS/Stanford3dDataset_v1.2_Aligned_Version/Area_2/auditorium_1/Annotations/chair_79.txt", "/data/S3DIS/Stanford3dDataset_v1.2_Aligned_Version/Area_2/auditorium_1/Annotations/chair_69.txt", "/data/S3DIS/Stanford3dDataset_v1.2_Aligned_Version/Area_2/auditorium_1/Annotations/chair_76.txt", "/data/S3DIS/Stanford3dDataset_v1.2_Aligned_Version/Area_2/auditorium_1/Annotations/chair_78.txt", "/data/S3DIS/Stanford3dDataset_v1.2_Aligned_Version/Area_2/auditorium_1/Annotations/chair_64.txt", "/data/S3DIS/Stanford3dDataset_v1.2_Aligned_Version/Area_2/auditorium_1/Annotations/chair_65.txt", "/data/S3DIS/Stanford3dDataset_v1.2_Aligned_Version/Area_2/auditorium_1/Annotations/chair_63.txt", "/data/S3DIS/Stanford3dDataset_v1.2_Aligned_Version/Area_2/auditorium_1/Annotations/chair_77.txt", "/data/S3DIS/Stanford3dDataset_v1.2_Aligned_Version/Area_2/auditorium_1/Annotations/chair_49.txt", "/data/S3DIS/Stanford3dDataset_v1.2_Aligned_Version/Area_2/auditorium_1/Annotations/chair_83.txt", "/data/S3DIS/Stanford3dDataset_v1.2_Aligned_Version/Area_2/auditorium_1/Annotations/chair_55.txt", "/data/S3DIS/Stanford3dDataset_v1.2_Aligned_Version/Area_2/auditorium_1/Annotations/chair_58.txt", "/data/S3DIS/Stanford3dDataset_v1.2_Aligned_Version/Area_2/auditorium_1/Annotations/chair_72.txt", "/data/S3DIS/Stanford3dDataset_v1.2_Aligned_Version/Area_2/auditorium_1/Annotations/chair_53.txt", "/data/S3DIS/Stanford3dDataset_v1.2_Aligned_Version/Area_2/auditorium_1/Annotations/chair_46.txt", "/data/S3DIS/Stanford3dDataset_v1.2_Aligned_Version/Area_2/auditorium_1/Annotations/chair_68.txt", "/data/S3DIS/Stanford3dDataset_v1.2_Aligned_Version/Area_2/auditorium_1/Annotations/chair_67.txt", "/data/S3DIS/Stanford3dDataset_v1.2_Aligned_Version/Area_2/auditorium_1/Annotations/chair_71.txt", "/data/S3DIS/Stanford3dDataset_v1.2_Aligned_Version/Area_2/auditorium_1/Annotations/chair_75.txt", "/data/S3DIS/Stanford3dDataset_v1.2_Aligned_Version/Area_2/auditorium_1/Annotations/chair_48.txt", "/data/S3DIS/Stanford3dDataset_v1.2_Aligned_Version/Area_2/auditorium_1/Annotations/chair_50.txt", "/data/S3DIS/Stanford3dDataset_v1.2_Aligned_Version/Area_2/auditorium_1/Annotations/chair_80.txt", "/data/S3DIS/Stanford3dDataset_v1.2_Aligned_Version/Area_2/auditorium_1/Annotations/chair_82.txt", "/data/S3DIS/Stanford3dDataset_v1.2_Aligned_Version/Area_2/auditorium_1/Annotations/chair_81.txt", "/data/S3DIS/Stanford3dDataset_v1.2_Aligned_Version/Area_2/auditorium_1/Annotations/chair_52.txt", "/data/S3DIS/Stanford3dDataset_v1.2_Aligned_Version/Area_2/auditorium_1/Annotations/chair_57.txt", "/data/S3DIS/Stanford3dDataset_v1.2_Aligned_Version/Area_2/auditorium_1/Annotations/chair_73.txt", "/data/S3DIS/Stanford3dDataset_v1.2_Aligned_Version/Area_2/auditorium_1/Annotations/chair_47.txt", "/data/S3DIS/Stanford3dDataset_v1.2_Aligned_Version/Area_2/auditorium_1/Annotations/chair_54.txt", "/data/S3DIS/Stanford3dDataset_v1.2_Aligned_Version/Area_2/auditorium_1/Annotations/chair_62.txt", "/data/S3DIS/Stanford3dDataset_v1.2_Aligned_Version/Area_2/auditorium_1/Annotations/chair_70.txt", "/data/S3DIS/Stanford3dDataset_v1.2_Aligned_Version/Area_2/auditorium_1/Annotations/chair_59.txt"]}, {"id": 261, "parent": -1, "children": [247, 248, 249, 250, 251], "label": "building area", "path": ["/data/S3DIS/Stanford3dDataset_v1.2_Aligned_Version/Area_2/auditorium_1/Annotations/ceiling_2.txt", "/data/S3DIS/Stanford3dDataset_v1.2_Aligned_Version/Area_2/auditorium_1/Annotations/ceiling_1.txt", "/data/S3DIS/Stanford3dDataset_v1.2_Aligned_Version/Area_2/auditorium_1/Annotations/ceiling_3.txt", "/data/S3DIS/Stanford3dDataset_v1.2_Aligned_Version/Area_2/auditorium_1/Annotations/ceiling_6.txt", "/data/S3DIS/Stanford3dDataset_v1.2_Aligned_Version/Area_2/auditorium_1/Annotations/ceiling_4.txt", "/data/S3DIS/Stanford3dDataset_v1.2_Aligned_Version/Area_2/auditorium_1/Annotations/ceiling_5.txt", "/data/S3DIS/Stanford3dDataset_v1.2_Aligned_Version/Area_2/auditorium_1/Annotations/wall_6.txt", "/data/S3DIS/Stanford3dDataset_v1.2_Aligned_Version/Area_2/auditorium_1/Annotations/wall_2.txt", "/data/S3DIS/Stanford3dDataset_v1.2_Aligned_Version/Area_2/auditorium_1/Annotations/wall_7.txt", "/data/S3DIS/Stanford3dDataset_v1.2_Aligned_Version/Area_2/auditorium_1/Annotations/wall_5.txt", "/data/S3DIS/Stanford3dDataset_v1.2_Aligned_Version/Area_2/auditorium_1/Annotations/wall_9.txt", "/data/S3DIS/Stanford3dDataset_v1.2_Aligned_Version/Area_2/auditorium_1/Annotations/wall_1.txt", "/data/S3DIS/Stanford3dDataset_v1.2_Aligned_Version/Area_2/auditorium_1/Annotations/wall_4.txt", "/data/S3DIS/Stanford3dDataset_v1.2_Aligned_Version/Area_2/auditorium_1/Annotations/wall_8.txt", "/data/S3DIS/Stanford3dDataset_v1.2_Aligned_Version/Area_2/auditorium_1/Annotations/wall_3.txt", "/data/S3DIS/Stanford3dDataset_v1.2_Aligned_Version/Area_2/auditorium_1/Annotations/floor_1.txt", "/data/S3DIS/Stanford3dDataset_v1.2_Aligned_Version/Area_2/auditorium_1/Annotations/floor_2.txt", "/data/S3DIS/Stanford3dDataset_v1.2_Aligned_Version/Area_2/auditorium_1/Annotations/floor_3.txt", "/data/S3DIS/Stanford3dDataset_v1.2_Aligned_Version/Area_2/auditorium_1/Annotations/column_1.txt", "/data/S3DIS/Stanford3dDataset_v1.2_Aligned_Version/Area_2/auditorium_1/Annotations/board_2.txt", "/data/S3DIS/Stanford3dDataset_v1.2_Aligned_Version/Area_2/auditorium_1/Annotations/board_1.txt", "/data/S3DIS/Stanford3dDataset_v1.2_Aligned_Version/Area_2/auditorium_1/Annotations/board_3.txt"]}, {"id": 262, "parent": -1, "children": [252], "label": "case area", "path": ["/data/S3DIS/Stanford3dDataset_v1.2_Aligned_Version/Area_2/auditorium_1/Annotations/bookcase_1.txt"]}, {"id": 263, "parent": -1, "children": [253], "label": "case area", "path": ["/data/S3DIS/Stanford3dDataset_v1.2_Aligned_Version/Area_2/auditorium_1/Annotations/bookcase_2.txt"]}, {"id": 264, "parent": -1, "children": [254], "label": "entrance area", "path": ["/data/S3DIS/Stanford3dDataset_v1.2_Aligned_Version/Area_2/auditorium_1/Annotations/door_1.txt"]}, {"id": 265, "parent": -1, "children": [255], "label": "entrance area", "path": ["/data/S3DIS/Stanford3dDataset_v1.2_Aligned_Version/Area_2/auditorium_1/Annotations/door_3.txt"]}, {"id": 266, "parent": -1, "children": [256], "label": "entrance area", "path": ["/data/S3DIS/Stanford3dDataset_v1.2_Aligned_Version/Area_2/auditorium_1/Annotations/door_2.txt"]}, {"id": 267, "parent": -1, "children": [257], "label": "entrance area", "path": ["/data/S3DIS/Stanford3dDataset_v1.2_Aligned_Version/Area_2/auditorium_1/Annotations/door_4.txt"]}, {"id": 268, "parent": -1, "children": [258], "label": "chair area", "path": ["/data/S3DIS/Stanford3dDataset_v1.2_Aligned_Version/Area_2/auditorium_1/Annotations/chair_149.txt", "/data/S3DIS/Stanford3dDataset_v1.2_Aligned_Version/Area_2/auditorium_1/Annotations/chair_86.txt", "/data/S3DIS/Stanford3dDataset_v1.2_Aligned_Version/Area_2/auditorium_1/Annotations/chair_177.txt", "/data/S3DIS/Stanford3dDataset_v1.2_Aligned_Version/Area_2/auditorium_1/Annotations/chair_121.txt", "/data/S3DIS/Stanford3dDataset_v1.2_Aligned_Version/Area_2/auditorium_1/Annotations/chair_88.txt", "/data/S3DIS/Stanford3dDataset_v1.2_Aligned_Version/Area_2/auditorium_1/Annotations/chair_125.txt", "/data/S3DIS/Stanford3dDataset_v1.2_Aligned_Version/Area_2/auditorium_1/Annotations/chair_118.txt", "/data/S3DIS/Stanford3dDataset_v1.2_Aligned_Version/Area_2/auditorium_1/Annotations/chair_95.txt", "/data/S3DIS/Stanford3dDataset_v1.2_Aligned_Version/Area_2/auditorium_1/Annotations/chair_111.txt", "/data/S3DIS/Stanford3dDataset_v1.2_Aligned_Version/Area_2/auditorium_1/Annotations/chair_132.txt", "/data/S3DIS/Stanford3dDataset_v1.2_Aligned_Version/Area_2/auditorium_1/Annotations/chair_136.txt", "/data/S3DIS/Stanford3dDataset_v1.2_Aligned_Version/Area_2/auditorium_1/Annotations/chair_153.txt", "/data/S3DIS/Stanford3dDataset_v1.2_Aligned_Version/Area_2/auditorium_1/Annotations/chair_123.txt", "/data/S3DIS/Stanford3dDataset_v1.2_Aligned_Version/Area_2/auditorium_1/Annotations/chair_164.txt", "/data/S3DIS/Stanford3dDataset_v1.2_Aligned_Version/Area_2/auditorium_1/Annotations/chair_117.txt", "/data/S3DIS/Stanford3dDataset_v1.2_Aligned_Version/Area_2/auditorium_1/Annotations/chair_124.txt", "/data/S3DIS/Stanford3dDataset_v1.2_Aligned_Version/Area_2/auditorium_1/Annotations/chair_167.txt", "/data/S3DIS/Stanford3dDataset_v1.2_Aligned_Version/Area_2/auditorium_1/Annotations/chair_150.txt", "/data/S3DIS/Stanford3dDataset_v1.2_Aligned_Version/Area_2/auditorium_1/Annotations/chair_114.txt", "/data/S3DIS/Stanford3dDataset_v1.2_Aligned_Version/Area_2/auditorium_1/Annotations/chair_129.txt", "/data/S3DIS/Stanford3dDataset_v1.2_Aligned_Version/Area_2/auditorium_1/Annotations/chair_161.txt", "/data/S3DIS/Stanford3dDataset_v1.2_Aligned_Version/Area_2/auditorium_1/Annotations/chair_185.txt", "/data/S3DIS/Stanford3dDataset_v1.2_Aligned_Version/Area_2/auditorium_1/Annotations/chair_175.txt", "/data/S3DIS/Stanford3dDataset_v1.2_Aligned_Version/Area_2/auditorium_1/Annotations/chair_99.txt", "/data/S3DIS/Stanford3dDataset_v1.2_Aligned_Version/Area_2/auditorium_1/Annotations/chair_152.txt", "/data/S3DIS/Stanford3dDataset_v1.2_Aligned_Version/Area_2/auditorium_1/Annotations/chair_130.txt", "/data/S3DIS/Stanford3dDataset_v1.2_Aligned_Version/Area_2/auditorium_1/Annotations/chair_84.txt", "/data/S3DIS/Stanford3dDataset_v1.2_Aligned_Version/Area_2/auditorium_1/Annotations/chair_116.txt", "/data/S3DIS/Stanford3dDataset_v1.2_Aligned_Version/Area_2/auditorium_1/Annotations/chair_160.txt", "/data/S3DIS/Stanford3dDataset_v1.2_Aligned_Version/Area_2/auditorium_1/Annotations/chair_162.txt", "/data/S3DIS/Stanford3dDataset_v1.2_Aligned_Version/Area_2/auditorium_1/Annotations/chair_151.txt", "/data/S3DIS/Stanford3dDataset_v1.2_Aligned_Version/Area_2/auditorium_1/Annotations/chair_113.txt", "/data/S3DIS/Stanford3dDataset_v1.2_Aligned_Version/Area_2/auditorium_1/Annotations/chair_94.txt", "/data/S3DIS/Stanford3dDataset_v1.2_Aligned_Version/Area_2/auditorium_1/Annotations/chair_120.txt", "/data/S3DIS/Stanford3dDataset_v1.2_Aligned_Version/Area_2/auditorium_1/Annotations/chair_184.txt", "/data/S3DIS/Stanford3dDataset_v1.2_Aligned_Version/Area_2/auditorium_1/Annotations/chair_105.txt", "/data/S3DIS/Stanford3dDataset_v1.2_Aligned_Version/Area_2/auditorium_1/Annotations/chair_155.txt", "/data/S3DIS/Stanford3dDataset_v1.2_Aligned_Version/Area_2/auditorium_1/Annotations/chair_138.txt", "/data/S3DIS/Stanford3dDataset_v1.2_Aligned_Version/Area_2/auditorium_1/Annotations/chair_181.txt", "/data/S3DIS/Stanford3dDataset_v1.2_Aligned_Version/Area_2/auditorium_1/Annotations/chair_85.txt", "/data/S3DIS/Stanford3dDataset_v1.2_Aligned_Version/Area_2/auditorium_1/Annotations/chair_101.txt", "/data/S3DIS/Stanford3dDataset_v1.2_Aligned_Version/Area_2/auditorium_1/Annotations/chair_98.txt", "/data/S3DIS/Stanford3dDataset_v1.2_Aligned_Version/Area_2/auditorium_1/Annotations/chair_126.txt", "/data/S3DIS/Stanford3dDataset_v1.2_Aligned_Version/Area_2/auditorium_1/Annotations/chair_173.txt", "/data/S3DIS/Stanford3dDataset_v1.2_Aligned_Version/Area_2/auditorium_1/Annotations/chair_144.txt", "/data/S3DIS/Stanford3dDataset_v1.2_Aligned_Version/Area_2/auditorium_1/Annotations/chair_115.txt", "/data/S3DIS/Stanford3dDataset_v1.2_Aligned_Version/Area_2/auditorium_1/Annotations/chair_178.txt", "/data/S3DIS/Stanford3dDataset_v1.2_Aligned_Version/Area_2/auditorium_1/Annotations/chair_182.txt", "/data/S3DIS/Stanford3dDataset_v1.2_Aligned_Version/Area_2/auditorium_1/Annotations/chair_172.txt", "/data/S3DIS/Stanford3dDataset_v1.2_Aligned_Version/Area_2/auditorium_1/Annotations/chair_170.txt", "/data/S3DIS/Stanford3dDataset_v1.2_Aligned_Version/Area_2/auditorium_1/Annotations/chair_134.txt", "/data/S3DIS/Stanford3dDataset_v1.2_Aligned_Version/Area_2/auditorium_1/Annotations/chair_145.txt", "/data/S3DIS/Stanford3dDataset_v1.2_Aligned_Version/Area_2/auditorium_1/Annotations/chair_92.txt", "/data/S3DIS/Stanford3dDataset_v1.2_Aligned_Version/Area_2/auditorium_1/Annotations/chair_109.txt", "/data/S3DIS/Stanford3dDataset_v1.2_Aligned_Version/Area_2/auditorium_1/Annotations/chair_106.txt", "/data/S3DIS/Stanford3dDataset_v1.2_Aligned_Version/Area_2/auditorium_1/Annotations/chair_179.txt", "/data/S3DIS/Stanford3dDataset_v1.2_Aligned_Version/Area_2/auditorium_1/Annotations/chair_97.txt", "/data/S3DIS/Stanford3dDataset_v1.2_Aligned_Version/Area_2/auditorium_1/Annotations/chair_107.txt", "/data/S3DIS/Stanford3dDataset_v1.2_Aligned_Version/Area_2/auditorium_1/Annotations/chair_140.txt", "/data/S3DIS/Stanford3dDataset_v1.2_Aligned_Version/Area_2/auditorium_1/Annotations/chair_137.txt", "/data/S3DIS/Stanford3dDataset_v1.2_Aligned_Version/Area_2/auditorium_1/Annotations/chair_87.txt", "/data/S3DIS/Stanford3dDataset_v1.2_Aligned_Version/Area_2/auditorium_1/Annotations/chair_163.txt", "/data/S3DIS/Stanford3dDataset_v1.2_Aligned_Version/Area_2/auditorium_1/Annotations/chair_128.txt", "/data/S3DIS/Stanford3dDataset_v1.2_Aligned_Version/Area_2/auditorium_1/Annotations/chair_139.txt", "/data/S3DIS/Stanford3dDataset_v1.2_Aligned_Version/Area_2/auditorium_1/Annotations/chair_165.txt", "/data/S3DIS/Stanford3dDataset_v1.2_Aligned_Version/Area_2/auditorium_1/Annotations/chair_103.txt", "/data/S3DIS/Stanford3dDataset_v1.2_Aligned_Version/Area_2/auditorium_1/Annotations/chair_141.txt", "/data/S3DIS/Stanford3dDataset_v1.2_Aligned_Version/Area_2/auditorium_1/Annotations/chair_176.txt", "/data/S3DIS/Stanford3dDataset_v1.2_Aligned_Version/Area_2/auditorium_1/Annotations/chair_131.txt", "/data/S3DIS/Stanford3dDataset_v1.2_Aligned_Version/Area_2/auditorium_1/Annotations/chair_104.txt", "/data/S3DIS/Stanford3dDataset_v1.2_Aligned_Version/Area_2/auditorium_1/Annotations/chair_154.txt", "/data/S3DIS/Stanford3dDataset_v1.2_Aligned_Version/Area_2/auditorium_1/Annotations/chair_135.txt", "/data/S3DIS/Stanford3dDataset_v1.2_Aligned_Version/Area_2/auditorium_1/Annotations/chair_158.txt", "/data/S3DIS/Stanford3dDataset_v1.2_Aligned_Version/Area_2/auditorium_1/Annotations/chair_119.txt", "/data/S3DIS/Stanford3dDataset_v1.2_Aligned_Version/Area_2/auditorium_1/Annotations/chair_112.txt", "/data/S3DIS/Stanford3dDataset_v1.2_Aligned_Version/Area_2/auditorium_1/Annotations/chair_142.txt", "/data/S3DIS/Stanford3dDataset_v1.2_Aligned_Version/Area_2/auditorium_1/Annotations/chair_133.txt", "/data/S3DIS/Stanford3dDataset_v1.2_Aligned_Version/Area_2/auditorium_1/Annotations/chair_102.txt", "/data/S3DIS/Stanford3dDataset_v1.2_Aligned_Version/Area_2/auditorium_1/Annotations/chair_122.txt", "/data/S3DIS/Stanford3dDataset_v1.2_Aligned_Version/Area_2/auditorium_1/Annotations/chair_93.txt", "/data/S3DIS/Stanford3dDataset_v1.2_Aligned_Version/Area_2/auditorium_1/Annotations/chair_108.txt", "/data/S3DIS/Stanford3dDataset_v1.2_Aligned_Version/Area_2/auditorium_1/Annotations/chair_96.txt", "/data/S3DIS/Stanford3dDataset_v1.2_Aligned_Version/Area_2/auditorium_1/Annotations/chair_159.txt", "/data/S3DIS/Stanford3dDataset_v1.2_Aligned_Version/Area_2/auditorium_1/Annotations/chair_89.txt", "/data/S3DIS/Stanford3dDataset_v1.2_Aligned_Version/Area_2/auditorium_1/Annotations/chair_156.txt", "/data/S3DIS/Stanford3dDataset_v1.2_Aligned_Version/Area_2/auditorium_1/Annotations/chair_183.txt", "/data/S3DIS/Stanford3dDataset_v1.2_Aligned_Version/Area_2/auditorium_1/Annotations/chair_143.txt", "/data/S3DIS/Stanford3dDataset_v1.2_Aligned_Version/Area_2/auditorium_1/Annotations/chair_91.txt", "/data/S3DIS/Stanford3dDataset_v1.2_Aligned_Version/Area_2/auditorium_1/Annotations/chair_180.txt", "/data/S3DIS/Stanford3dDataset_v1.2_Aligned_Version/Area_2/auditorium_1/Annotations/chair_166.txt", "/data/S3DIS/Stanford3dDataset_v1.2_Aligned_Version/Area_2/auditorium_1/Annotations/chair_168.txt", "/data/S3DIS/Stanford3dDataset_v1.2_Aligned_Version/Area_2/auditorium_1/Annotations/chair_146.txt", "/data/S3DIS/Stanford3dDataset_v1.2_Aligned_Version/Area_2/auditorium_1/Annotations/chair_157.txt", "/data/S3DIS/Stanford3dDataset_v1.2_Aligned_Version/Area_2/auditorium_1/Annotations/chair_90.txt", "/data/S3DIS/Stanford3dDataset_v1.2_Aligned_Version/Area_2/auditorium_1/Annotations/chair_171.txt", "/data/S3DIS/Stanford3dDataset_v1.2_Aligned_Version/Area_2/auditorium_1/Annotations/chair_174.txt", "/data/S3DIS/Stanford3dDataset_v1.2_Aligned_Version/Area_2/auditorium_1/Annotations/chair_110.txt", "/data/S3DIS/Stanford3dDataset_v1.2_Aligned_Version/Area_2/auditorium_1/Annotations/chair_169.txt", "/data/S3DIS/Stanford3dDataset_v1.2_Aligned_Version/Area_2/auditorium_1/Annotations/chair_100.txt", "/data/S3DIS/Stanford3dDataset_v1.2_Aligned_Version/Area_2/auditorium_1/Annotations/chair_148.txt", "/data/S3DIS/Stanford3dDataset_v1.2_Aligned_Version/Area_2/auditorium_1/Annotations/chair_147.txt", "/data/S3DIS/Stanford3dDataset_v1.2_Aligned_Version/Area_2/auditorium_1/Annotations/chair_127.txt"]}, {"id": 269, "parent": -1, "children": [259], "label": "chair area", "path": ["/data/S3DIS/Stanford3dDataset_v1.2_Aligned_Version/Area_2/auditorium_1/Annotations/chair_8.txt", "/data/S3DIS/Stanford3dDataset_v1.2_Aligned_Version/Area_2/auditorium_1/Annotations/chair_21.txt", "/data/S3DIS/Stanford3dDataset_v1.2_Aligned_Version/Area_2/auditorium_1/Annotations/chair_26.txt", "/data/S3DIS/Stanford3dDataset_v1.2_Aligned_Version/Area_2/auditorium_1/Annotations/chair_37.txt", "/data/S3DIS/Stanford3dDataset_v1.2_Aligned_Version/Area_2/auditorium_1/Annotations/chair_38.txt", "/data/S3DIS/Stanford3dDataset_v1.2_Aligned_Version/Area_2/auditorium_1/Annotations/chair_41.txt", "/data/S3DIS/Stanford3dDataset_v1.2_Aligned_Version/Area_2/auditorium_1/Annotations/chair_44.txt", "/data/S3DIS/Stanford3dDataset_v1.2_Aligned_Version/Area_2/auditorium_1/Annotations/chair_40.txt", "/data/S3DIS/Stanford3dDataset_v1.2_Aligned_Version/Area_2/auditorium_1/Annotations/chair_28.txt", "/data/S3DIS/Stanford3dDataset_v1.2_Aligned_Version/Area_2/auditorium_1/Annotations/chair_42.txt", "/data/S3DIS/Stanford3dDataset_v1.2_Aligned_Version/Area_2/auditorium_1/Annotations/chair_10.txt", "/data/S3DIS/Stanford3dDataset_v1.2_Aligned_Version/Area_2/auditorium_1/Annotations/chair_16.txt", "/data/S3DIS/Stanford3dDataset_v1.2_Aligned_Version/Area_2/auditorium_1/Annotations/chair_36.txt", "/data/S3DIS/Stanford3dDataset_v1.2_Aligned_Version/Area_2/auditorium_1/Annotations/chair_39.txt", "/data/S3DIS/Stanford3dDataset_v1.2_Aligned_Version/Area_2/auditorium_1/Annotations/chair_1.txt", "/data/S3DIS/Stanford3dDataset_v1.2_Aligned_Version/Area_2/auditorium_1/Annotations/chair_20.txt", "/data/S3DIS/Stanford3dDataset_v1.2_Aligned_Version/Area_2/auditorium_1/Annotations/chair_9.txt", "/data/S3DIS/Stanford3dDataset_v1.2_Aligned_Version/Area_2/auditorium_1/Annotations/chair_18.txt", "/data/S3DIS/Stanford3dDataset_v1.2_Aligned_Version/Area_2/auditorium_1/Annotations/chair_45.txt", "/data/S3DIS/Stanford3dDataset_v1.2_Aligned_Version/Area_2/auditorium_1/Annotations/chair_6.txt", "/data/S3DIS/Stanford3dDataset_v1.2_Aligned_Version/Area_2/auditorium_1/Annotations/chair_15.txt", "/data/S3DIS/Stanford3dDataset_v1.2_Aligned_Version/Area_2/auditorium_1/Annotations/chair_29.txt", "/data/S3DIS/Stanford3dDataset_v1.2_Aligned_Version/Area_2/auditorium_1/Annotations/chair_24.txt", "/data/S3DIS/Stanford3dDataset_v1.2_Aligned_Version/Area_2/auditorium_1/Annotations/chair_32.txt", "/data/S3DIS/Stanford3dDataset_v1.2_Aligned_Version/Area_2/auditorium_1/Annotations/chair_5.txt", "/data/S3DIS/Stanford3dDataset_v1.2_Aligned_Version/Area_2/auditorium_1/Annotations/chair_4.txt", "/data/S3DIS/Stanford3dDataset_v1.2_Aligned_Version/Area_2/auditorium_1/Annotations/chair_7.txt", "/data/S3DIS/Stanford3dDataset_v1.2_Aligned_Version/Area_2/auditorium_1/Annotations/chair_35.txt", "/data/S3DIS/Stanford3dDataset_v1.2_Aligned_Version/Area_2/auditorium_1/Annotations/chair_17.txt", "/data/S3DIS/Stanford3dDataset_v1.2_Aligned_Version/Area_2/auditorium_1/Annotations/chair_12.txt", "/data/S3DIS/Stanford3dDataset_v1.2_Aligned_Version/Area_2/auditorium_1/Annotations/chair_3.txt", "/data/S3DIS/Stanford3dDataset_v1.2_Aligned_Version/Area_2/auditorium_1/Annotations/chair_23.txt", "/data/S3DIS/Stanford3dDataset_v1.2_Aligned_Version/Area_2/auditorium_1/Annotations/chair_11.txt", "/data/S3DIS/Stanford3dDataset_v1.2_Aligned_Version/Area_2/auditorium_1/Annotations/chair_34.txt", "/data/S3DIS/Stanford3dDataset_v1.2_Aligned_Version/Area_2/auditorium_1/Annotations/chair_13.txt", "/data/S3DIS/Stanford3dDataset_v1.2_Aligned_Version/Area_2/auditorium_1/Annotations/chair_43.txt", "/data/S3DIS/Stanford3dDataset_v1.2_Aligned_Version/Area_2/auditorium_1/Annotations/chair_33.txt", "/data/S3DIS/Stanford3dDataset_v1.2_Aligned_Version/Area_2/auditorium_1/Annotations/chair_14.txt", "/data/S3DIS/Stanford3dDataset_v1.2_Aligned_Version/Area_2/auditorium_1/Annotations/chair_30.txt", "/data/S3DIS/Stanford3dDataset_v1.2_Aligned_Version/Area_2/auditorium_1/Annotations/chair_22.txt", "/data/S3DIS/Stanford3dDataset_v1.2_Aligned_Version/Area_2/auditorium_1/Annotations/chair_19.txt", "/data/S3DIS/Stanford3dDataset_v1.2_Aligned_Version/Area_2/auditorium_1/Annotations/chair_31.txt", "/data/S3DIS/Stanford3dDataset_v1.2_Aligned_Version/Area_2/auditorium_1/Annotations/chair_27.txt", "/data/S3DIS/Stanford3dDataset_v1.2_Aligned_Version/Area_2/auditorium_1/Annotations/chair_2.txt", "/data/S3DIS/Stanford3dDataset_v1.2_Aligned_Version/Area_2/auditorium_1/Annotations/chair_25.txt"]}, {"id": 270, "parent": -1, "children": [260], "label": "chair area", "path": ["/data/S3DIS/Stanford3dDataset_v1.2_Aligned_Version/Area_2/auditorium_1/Annotations/chair_74.txt", "/data/S3DIS/Stanford3dDataset_v1.2_Aligned_Version/Area_2/auditorium_1/Annotations/chair_56.txt", "/data/S3DIS/Stanford3dDataset_v1.2_Aligned_Version/Area_2/auditorium_1/Annotations/chair_51.txt", "/data/S3DIS/Stanford3dDataset_v1.2_Aligned_Version/Area_2/auditorium_1/Annotations/chair_60.txt", "/data/S3DIS/Stanford3dDataset_v1.2_Aligned_Version/Area_2/auditorium_1/Annotations/chair_61.txt", "/data/S3DIS/Stanford3dDataset_v1.2_Aligned_Version/Area_2/auditorium_1/Annotations/chair_66.txt", "/data/S3DIS/Stanford3dDataset_v1.2_Aligned_Version/Area_2/auditorium_1/Annotations/chair_79.txt", "/data/S3DIS/Stanford3dDataset_v1.2_Aligned_Version/Area_2/auditorium_1/Annotations/chair_69.txt", "/data/S3DIS/Stanford3dDataset_v1.2_Aligned_Version/Area_2/auditorium_1/Annotations/chair_76.txt", "/data/S3DIS/Stanford3dDataset_v1.2_Aligned_Version/Area_2/auditorium_1/Annotations/chair_78.txt", "/data/S3DIS/Stanford3dDataset_v1.2_Aligned_Version/Area_2/auditorium_1/Annotations/chair_64.txt", "/data/S3DIS/Stanford3dDataset_v1.2_Aligned_Version/Area_2/auditorium_1/Annotations/chair_65.txt", "/data/S3DIS/Stanford3dDataset_v1.2_Aligned_Version/Area_2/auditorium_1/Annotations/chair_63.txt", "/data/S3DIS/Stanford3dDataset_v1.2_Aligned_Version/Area_2/auditorium_1/Annotations/chair_77.txt", "/data/S3DIS/Stanford3dDataset_v1.2_Aligned_Version/Area_2/auditorium_1/Annotations/chair_49.txt", "/data/S3DIS/Stanford3dDataset_v1.2_Aligned_Version/Area_2/auditorium_1/Annotations/chair_83.txt", "/data/S3DIS/Stanford3dDataset_v1.2_Aligned_Version/Area_2/auditorium_1/Annotations/chair_55.txt", "/data/S3DIS/Stanford3dDataset_v1.2_Aligned_Version/Area_2/auditorium_1/Annotations/chair_58.txt", "/data/S3DIS/Stanford3dDataset_v1.2_Aligned_Version/Area_2/auditorium_1/Annotations/chair_72.txt", "/data/S3DIS/Stanford3dDataset_v1.2_Aligned_Version/Area_2/auditorium_1/Annotations/chair_53.txt", "/data/S3DIS/Stanford3dDataset_v1.2_Aligned_Version/Area_2/auditorium_1/Annotations/chair_46.txt", "/data/S3DIS/Stanford3dDataset_v1.2_Aligned_Version/Area_2/auditorium_1/Annotations/chair_68.txt", "/data/S3DIS/Stanford3dDataset_v1.2_Aligned_Version/Area_2/auditorium_1/Annotations/chair_67.txt", "/data/S3DIS/Stanford3dDataset_v1.2_Aligned_Version/Area_2/auditorium_1/Annotations/chair_71.txt", "/data/S3DIS/Stanford3dDataset_v1.2_Aligned_Version/Area_2/auditorium_1/Annotations/chair_75.txt", "/data/S3DIS/Stanford3dDataset_v1.2_Aligned_Version/Area_2/auditorium_1/Annotations/chair_48.txt", "/data/S3DIS/Stanford3dDataset_v1.2_Aligned_Version/Area_2/auditorium_1/Annotations/chair_50.txt", "/data/S3DIS/Stanford3dDataset_v1.2_Aligned_Version/Area_2/auditorium_1/Annotations/chair_80.txt", "/data/S3DIS/Stanford3dDataset_v1.2_Aligned_Version/Area_2/auditorium_1/Annotations/chair_82.txt", "/data/S3DIS/Stanford3dDataset_v1.2_Aligned_Version/Area_2/auditorium_1/Annotations/chair_81.txt", "/data/S3DIS/Stanford3dDataset_v1.2_Aligned_Version/Area_2/auditorium_1/Annotations/chair_52.txt", "/data/S3DIS/Stanford3dDataset_v1.2_Aligned_Version/Area_2/auditorium_1/Annotations/chair_57.txt", "/data/S3DIS/Stanford3dDataset_v1.2_Aligned_Version/Area_2/auditorium_1/Annotations/chair_73.txt", "/data/S3DIS/Stanford3dDataset_v1.2_Aligned_Version/Area_2/auditorium_1/Annotations/chair_47.txt", "/data/S3DIS/Stanford3dDataset_v1.2_Aligned_Version/Area_2/auditorium_1/Annotations/chair_54.txt", "/data/S3DIS/Stanford3dDataset_v1.2_Aligned_Version/Area_2/auditorium_1/Annotations/chair_62.txt", "/data/S3DIS/Stanford3dDataset_v1.2_Aligned_Version/Area_2/auditorium_1/Annotations/chair_70.txt", "/data/S3DIS/Stanford3dDataset_v1.2_Aligned_Version/Area_2/auditorium_1/Annotations/chair_59.txt"]}]