[{"id": 0, "parent": 93, "children": [], "label": "chair", "path": ["/data/S3DIS/Stanford3dDataset_v1.2_Aligned_Version/Area_2/conferenceRoom_1/Annotations/chair_8.txt"]}, {"id": 1, "parent": 92, "children": [], "label": "table", "path": ["/data/S3DIS/Stanford3dDataset_v1.2_Aligned_Version/Area_2/conferenceRoom_1/Annotations/table_8.txt"]}, {"id": 2, "parent": 80, "children": [], "label": "ceiling", "path": ["/data/S3DIS/Stanford3dDataset_v1.2_Aligned_Version/Area_2/conferenceRoom_1/Annotations/ceiling_2.txt"]}, {"id": 3, "parent": 94, "children": [], "label": "chair", "path": ["/data/S3DIS/Stanford3dDataset_v1.2_Aligned_Version/Area_2/conferenceRoom_1/Annotations/chair_21.txt"]}, {"id": 4, "parent": 81, "children": [], "label": "floor", "path": ["/data/S3DIS/Stanford3dDataset_v1.2_Aligned_Version/Area_2/conferenceRoom_1/Annotations/floor_1.txt"]}, {"id": 5, "parent": -1, "children": [], "label": "clutter", "path": ["/data/S3DIS/Stanford3dDataset_v1.2_Aligned_Version/Area_2/conferenceRoom_1/Annotations/clutter_13.txt"]}, {"id": 6, "parent": 89, "children": [], "label": "door", "path": ["/data/S3DIS/Stanford3dDataset_v1.2_Aligned_Version/Area_2/conferenceRoom_1/Annotations/door_1.txt"]}, {"id": 7, "parent": 82, "children": [], "label": "wall", "path": ["/data/S3DIS/Stanford3dDataset_v1.2_Aligned_Version/Area_2/conferenceRoom_1/Annotations/wall_6.txt"]}, {"id": 8, "parent": -1, "children": [], "label": "clutter", "path": ["/data/S3DIS/Stanford3dDataset_v1.2_Aligned_Version/Area_2/conferenceRoom_1/Annotations/clutter_25.txt"]}, {"id": 9, "parent": -1, "children": [], "label": "clutter", "path": ["/data/S3DIS/Stanford3dDataset_v1.2_Aligned_Version/Area_2/conferenceRoom_1/Annotations/clutter_5.txt"]}, {"id": 10, "parent": -1, "children": [], "label": "clutter", "path": ["/data/S3DIS/Stanford3dDataset_v1.2_Aligned_Version/Area_2/conferenceRoom_1/Annotations/clutter_16.txt"]}, {"id": 11, "parent": 90, "children": [], "label": "table", "path": ["/data/S3DIS/Stanford3dDataset_v1.2_Aligned_Version/Area_2/conferenceRoom_1/Annotations/table_2.txt"]}, {"id": 12, "parent": 80, "children": [], "label": "ceiling", "path": ["/data/S3DIS/Stanford3dDataset_v1.2_Aligned_Version/Area_2/conferenceRoom_1/Annotations/ceiling_1.txt"]}, {"id": 13, "parent": 88, "children": [], "label": "door", "path": ["/data/S3DIS/Stanford3dDataset_v1.2_Aligned_Version/Area_2/conferenceRoom_1/Annotations/door_2.txt"]}, {"id": 14, "parent": -1, "children": [], "label": "clutter", "path": ["/data/S3DIS/Stanford3dDataset_v1.2_Aligned_Version/Area_2/conferenceRoom_1/Annotations/clutter_9.txt"]}, {"id": 15, "parent": 93, "children": [], "label": "chair", "path": ["/data/S3DIS/Stanford3dDataset_v1.2_Aligned_Version/Area_2/conferenceRoom_1/Annotations/chair_10.txt"]}, {"id": 16, "parent": -1, "children": [], "label": "clutter", "path": ["/data/S3DIS/Stanford3dDataset_v1.2_Aligned_Version/Area_2/conferenceRoom_1/Annotations/clutter_2.txt"]}, {"id": 17, "parent": 82, "children": [], "label": "wall", "path": ["/data/S3DIS/Stanford3dDataset_v1.2_Aligned_Version/Area_2/conferenceRoom_1/Annotations/wall_2.txt"]}, {"id": 18, "parent": -1, "children": [], "label": "clutter", "path": ["/data/S3DIS/Stanford3dDataset_v1.2_Aligned_Version/Area_2/conferenceRoom_1/Annotations/clutter_20.txt"]}, {"id": 19, "parent": 93, "children": [], "label": "chair", "path": ["/data/S3DIS/Stanford3dDataset_v1.2_Aligned_Version/Area_2/conferenceRoom_1/Annotations/chair_16.txt"]}, {"id": 20, "parent": 87, "children": [], "label": "column", "path": ["/data/S3DIS/Stanford3dDataset_v1.2_Aligned_Version/Area_2/conferenceRoom_1/Annotations/column_4.txt"]}, {"id": 21, "parent": -1, "children": [], "label": "clutter", "path": ["/data/S3DIS/Stanford3dDataset_v1.2_Aligned_Version/Area_2/conferenceRoom_1/Annotations/clutter_1.txt"]}, {"id": 22, "parent": 86, "children": [], "label": "board", "path": ["/data/S3DIS/Stanford3dDataset_v1.2_Aligned_Version/Area_2/conferenceRoom_1/Annotations/board_2.txt"]}, {"id": 23, "parent": 84, "children": [], "label": "beam", "path": ["/data/S3DIS/Stanford3dDataset_v1.2_Aligned_Version/Area_2/conferenceRoom_1/Annotations/beam_1.txt"]}, {"id": 24, "parent": -1, "children": [], "label": "clutter", "path": ["/data/S3DIS/Stanford3dDataset_v1.2_Aligned_Version/Area_2/conferenceRoom_1/Annotations/clutter_12.txt"]}, {"id": 25, "parent": -1, "children": [], "label": "clutter", "path": ["/data/S3DIS/Stanford3dDataset_v1.2_Aligned_Version/Area_2/conferenceRoom_1/Annotations/clutter_7.txt"]}, {"id": 26, "parent": 93, "children": [], "label": "chair", "path": ["/data/S3DIS/Stanford3dDataset_v1.2_Aligned_Version/Area_2/conferenceRoom_1/Annotations/chair_1.txt"]}, {"id": 27, "parent": -1, "children": [], "label": "clutter", "path": ["/data/S3DIS/Stanford3dDataset_v1.2_Aligned_Version/Area_2/conferenceRoom_1/Annotations/clutter_8.txt"]}, {"id": 28, "parent": 87, "children": [], "label": "column", "path": ["/data/S3DIS/Stanford3dDataset_v1.2_Aligned_Version/Area_2/conferenceRoom_1/Annotations/column_5.txt"]}, {"id": 29, "parent": 94, "children": [], "label": "chair", "path": ["/data/S3DIS/Stanford3dDataset_v1.2_Aligned_Version/Area_2/conferenceRoom_1/Annotations/chair_20.txt"]}, {"id": 30, "parent": 93, "children": [], "label": "chair", "path": ["/data/S3DIS/Stanford3dDataset_v1.2_Aligned_Version/Area_2/conferenceRoom_1/Annotations/chair_9.txt"]}, {"id": 31, "parent": 82, "children": [], "label": "wall", "path": ["/data/S3DIS/Stanford3dDataset_v1.2_Aligned_Version/Area_2/conferenceRoom_1/Annotations/wall_5.txt"]}, {"id": 32, "parent": 90, "children": [], "label": "table", "path": ["/data/S3DIS/Stanford3dDataset_v1.2_Aligned_Version/Area_2/conferenceRoom_1/Annotations/table_4.txt"]}, {"id": 33, "parent": 93, "children": [], "label": "chair", "path": ["/data/S3DIS/Stanford3dDataset_v1.2_Aligned_Version/Area_2/conferenceRoom_1/Annotations/chair_18.txt"]}, {"id": 34, "parent": -1, "children": [], "label": "clutter", "path": ["/data/S3DIS/Stanford3dDataset_v1.2_Aligned_Version/Area_2/conferenceRoom_1/Annotations/clutter_6.txt"]}, {"id": 35, "parent": -1, "children": [], "label": "clutter", "path": ["/data/S3DIS/Stanford3dDataset_v1.2_Aligned_Version/Area_2/conferenceRoom_1/Annotations/clutter_19.txt"]}, {"id": 36, "parent": 93, "children": [], "label": "chair", "path": ["/data/S3DIS/Stanford3dDataset_v1.2_Aligned_Version/Area_2/conferenceRoom_1/Annotations/chair_6.txt"]}, {"id": 37, "parent": 94, "children": [], "label": "chair", "path": ["/data/S3DIS/Stanford3dDataset_v1.2_Aligned_Version/Area_2/conferenceRoom_1/Annotations/chair_15.txt"]}, {"id": 38, "parent": 90, "children": [], "label": "table", "path": ["/data/S3DIS/Stanford3dDataset_v1.2_Aligned_Version/Area_2/conferenceRoom_1/Annotations/table_7.txt"]}, {"id": 39, "parent": -1, "children": [], "label": "clutter", "path": ["/data/S3DIS/Stanford3dDataset_v1.2_Aligned_Version/Area_2/conferenceRoom_1/Annotations/clutter_10.txt"]}, {"id": 40, "parent": 85, "children": [], "label": "board", "path": ["/data/S3DIS/Stanford3dDataset_v1.2_Aligned_Version/Area_2/conferenceRoom_1/Annotations/board_1.txt"]}, {"id": 41, "parent": -1, "children": [], "label": "clutter", "path": ["/data/S3DIS/Stanford3dDataset_v1.2_Aligned_Version/Area_2/conferenceRoom_1/Annotations/clutter_18.txt"]}, {"id": 42, "parent": 83, "children": [], "label": "window", "path": ["/data/S3DIS/Stanford3dDataset_v1.2_Aligned_Version/Area_2/conferenceRoom_1/Annotations/window_2.txt"]}, {"id": 43, "parent": -1, "children": [], "label": "clutter", "path": ["/data/S3DIS/Stanford3dDataset_v1.2_Aligned_Version/Area_2/conferenceRoom_1/Annotations/clutter_4.txt"]}, {"id": 44, "parent": 90, "children": [], "label": "table", "path": ["/data/S3DIS/Stanford3dDataset_v1.2_Aligned_Version/Area_2/conferenceRoom_1/Annotations/table_5.txt"]}, {"id": 45, "parent": 93, "children": [], "label": "chair", "path": ["/data/S3DIS/Stanford3dDataset_v1.2_Aligned_Version/Area_2/conferenceRoom_1/Annotations/chair_5.txt"]}, {"id": 46, "parent": -1, "children": [], "label": "clutter", "path": ["/data/S3DIS/Stanford3dDataset_v1.2_Aligned_Version/Area_2/conferenceRoom_1/Annotations/clutter_11.txt"]}, {"id": 47, "parent": 91, "children": [], "label": "table", "path": ["/data/S3DIS/Stanford3dDataset_v1.2_Aligned_Version/Area_2/conferenceRoom_1/Annotations/table_6.txt"]}, {"id": 48, "parent": 83, "children": [], "label": "window", "path": ["/data/S3DIS/Stanford3dDataset_v1.2_Aligned_Version/Area_2/conferenceRoom_1/Annotations/window_3.txt"]}, {"id": 49, "parent": 87, "children": [], "label": "column", "path": ["/data/S3DIS/Stanford3dDataset_v1.2_Aligned_Version/Area_2/conferenceRoom_1/Annotations/column_8.txt"]}, {"id": 50, "parent": 83, "children": [], "label": "window", "path": ["/data/S3DIS/Stanford3dDataset_v1.2_Aligned_Version/Area_2/conferenceRoom_1/Annotations/window_1.txt"]}, {"id": 51, "parent": 95, "children": [], "label": "chair", "path": ["/data/S3DIS/Stanford3dDataset_v1.2_Aligned_Version/Area_2/conferenceRoom_1/Annotations/chair_4.txt"]}, {"id": 52, "parent": -1, "children": [], "label": "clutter", "path": ["/data/S3DIS/Stanford3dDataset_v1.2_Aligned_Version/Area_2/conferenceRoom_1/Annotations/clutter_21.txt"]}, {"id": 53, "parent": 82, "children": [], "label": "wall", "path": ["/data/S3DIS/Stanford3dDataset_v1.2_Aligned_Version/Area_2/conferenceRoom_1/Annotations/wall_1.txt"]}, {"id": 54, "parent": 93, "children": [], "label": "chair", "path": ["/data/S3DIS/Stanford3dDataset_v1.2_Aligned_Version/Area_2/conferenceRoom_1/Annotations/chair_7.txt"]}, {"id": 55, "parent": 87, "children": [], "label": "column", "path": ["/data/S3DIS/Stanford3dDataset_v1.2_Aligned_Version/Area_2/conferenceRoom_1/Annotations/column_1.txt"]}, {"id": 56, "parent": 93, "children": [], "label": "chair", "path": ["/data/S3DIS/Stanford3dDataset_v1.2_Aligned_Version/Area_2/conferenceRoom_1/Annotations/chair_17.txt"]}, {"id": 57, "parent": 87, "children": [], "label": "column", "path": ["/data/S3DIS/Stanford3dDataset_v1.2_Aligned_Version/Area_2/conferenceRoom_1/Annotations/column_7.txt"]}, {"id": 58, "parent": 93, "children": [], "label": "chair", "path": ["/data/S3DIS/Stanford3dDataset_v1.2_Aligned_Version/Area_2/conferenceRoom_1/Annotations/chair_12.txt"]}, {"id": 59, "parent": 93, "children": [], "label": "chair", "path": ["/data/S3DIS/Stanford3dDataset_v1.2_Aligned_Version/Area_2/conferenceRoom_1/Annotations/chair_3.txt"]}, {"id": 60, "parent": 87, "children": [], "label": "column", "path": ["/data/S3DIS/Stanford3dDataset_v1.2_Aligned_Version/Area_2/conferenceRoom_1/Annotations/column_3.txt"]}, {"id": 61, "parent": 90, "children": [], "label": "table", "path": ["/data/S3DIS/Stanford3dDataset_v1.2_Aligned_Version/Area_2/conferenceRoom_1/Annotations/table_3.txt"]}, {"id": 62, "parent": 93, "children": [], "label": "chair", "path": ["/data/S3DIS/Stanford3dDataset_v1.2_Aligned_Version/Area_2/conferenceRoom_1/Annotations/chair_11.txt"]}, {"id": 63, "parent": -1, "children": [], "label": "clutter", "path": ["/data/S3DIS/Stanford3dDataset_v1.2_Aligned_Version/Area_2/conferenceRoom_1/Annotations/clutter_23.txt"]}, {"id": 64, "parent": 93, "children": [], "label": "chair", "path": ["/data/S3DIS/Stanford3dDataset_v1.2_Aligned_Version/Area_2/conferenceRoom_1/Annotations/chair_13.txt"]}, {"id": 65, "parent": -1, "children": [], "label": "clutter", "path": ["/data/S3DIS/Stanford3dDataset_v1.2_Aligned_Version/Area_2/conferenceRoom_1/Annotations/clutter_14.txt"]}, {"id": 66, "parent": -1, "children": [], "label": "clutter", "path": ["/data/S3DIS/Stanford3dDataset_v1.2_Aligned_Version/Area_2/conferenceRoom_1/Annotations/clutter_22.txt"]}, {"id": 67, "parent": 93, "children": [], "label": "chair", "path": ["/data/S3DIS/Stanford3dDataset_v1.2_Aligned_Version/Area_2/conferenceRoom_1/Annotations/chair_14.txt"]}, {"id": 69, "parent": 90, "children": [], "label": "table", "path": ["/data/S3DIS/Stanford3dDataset_v1.2_Aligned_Version/Area_2/conferenceRoom_1/Annotations/table_1.txt"]}, {"id": 70, "parent": 82, "children": [], "label": "wall", "path": ["/data/S3DIS/Stanford3dDataset_v1.2_Aligned_Version/Area_2/conferenceRoom_1/Annotations/wall_4.txt"]}, {"id": 71, "parent": -1, "children": [], "label": "clutter", "path": ["/data/S3DIS/Stanford3dDataset_v1.2_Aligned_Version/Area_2/conferenceRoom_1/Annotations/clutter_15.txt"]}, {"id": 72, "parent": 93, "children": [], "label": "chair", "path": ["/data/S3DIS/Stanford3dDataset_v1.2_Aligned_Version/Area_2/conferenceRoom_1/Annotations/chair_19.txt"]}, {"id": 73, "parent": -1, "children": [], "label": "clutter", "path": ["/data/S3DIS/Stanford3dDataset_v1.2_Aligned_Version/Area_2/conferenceRoom_1/Annotations/clutter_3.txt"]}, {"id": 74, "parent": -1, "children": [], "label": "clutter", "path": ["/data/S3DIS/Stanford3dDataset_v1.2_Aligned_Version/Area_2/conferenceRoom_1/Annotations/clutter_24.txt"]}, {"id": 75, "parent": 87, "children": [], "label": "column", "path": ["/data/S3DIS/Stanford3dDataset_v1.2_Aligned_Version/Area_2/conferenceRoom_1/Annotations/column_6.txt"]}, {"id": 76, "parent": -1, "children": [], "label": "clutter", "path": ["/data/S3DIS/Stanford3dDataset_v1.2_Aligned_Version/Area_2/conferenceRoom_1/Annotations/clutter_17.txt"]}, {"id": 77, "parent": 87, "children": [], "label": "column", "path": ["/data/S3DIS/Stanford3dDataset_v1.2_Aligned_Version/Area_2/conferenceRoom_1/Annotations/column_2.txt"]}, {"id": 78, "parent": 93, "children": [], "label": "chair", "path": ["/data/S3DIS/Stanford3dDataset_v1.2_Aligned_Version/Area_2/conferenceRoom_1/Annotations/chair_2.txt"]}, {"id": 79, "parent": 82, "children": [], "label": "wall", "path": ["/data/S3DIS/Stanford3dDataset_v1.2_Aligned_Version/Area_2/conferenceRoom_1/Annotations/wall_3.txt"]}, {"id": 80, "parent": 96, "children": [2, 12], "label": "ceiling group", "path": ["/data/S3DIS/Stanford3dDataset_v1.2_Aligned_Version/Area_2/conferenceRoom_1/Annotations/ceiling_2.txt", "/data/S3DIS/Stanford3dDataset_v1.2_Aligned_Version/Area_2/conferenceRoom_1/Annotations/ceiling_1.txt"]}, {"id": 81, "parent": 96, "children": [4], "label": "floor group", "path": ["/data/S3DIS/Stanford3dDataset_v1.2_Aligned_Version/Area_2/conferenceRoom_1/Annotations/floor_1.txt"]}, {"id": 82, "parent": 96, "children": [7, 17, 31, 53, 70, 79], "label": "wall group", "path": ["/data/S3DIS/Stanford3dDataset_v1.2_Aligned_Version/Area_2/conferenceRoom_1/Annotations/wall_6.txt", "/data/S3DIS/Stanford3dDataset_v1.2_Aligned_Version/Area_2/conferenceRoom_1/Annotations/wall_2.txt", "/data/S3DIS/Stanford3dDataset_v1.2_Aligned_Version/Area_2/conferenceRoom_1/Annotations/wall_5.txt", "/data/S3DIS/Stanford3dDataset_v1.2_Aligned_Version/Area_2/conferenceRoom_1/Annotations/wall_1.txt", "/data/S3DIS/Stanford3dDataset_v1.2_Aligned_Version/Area_2/conferenceRoom_1/Annotations/wall_4.txt", "/data/S3DIS/Stanford3dDataset_v1.2_Aligned_Version/Area_2/conferenceRoom_1/Annotations/wall_3.txt"]}, {"id": 83, "parent": 96, "children": [42, 48, 50], "label": "window group", "path": ["/data/S3DIS/Stanford3dDataset_v1.2_Aligned_Version/Area_2/conferenceRoom_1/Annotations/window_2.txt", "/data/S3DIS/Stanford3dDataset_v1.2_Aligned_Version/Area_2/conferenceRoom_1/Annotations/window_3.txt", "/data/S3DIS/Stanford3dDataset_v1.2_Aligned_Version/Area_2/conferenceRoom_1/Annotations/window_1.txt"]}, {"id": 84, "parent": 96, "children": [23], "label": "beam group", "path": ["/data/S3DIS/Stanford3dDataset_v1.2_Aligned_Version/Area_2/conferenceRoom_1/Annotations/beam_1.txt"]}, {"id": 85, "parent": 96, "children": [40], "label": "board group", "path": ["/data/S3DIS/Stanford3dDataset_v1.2_Aligned_Version/Area_2/conferenceRoom_1/Annotations/board_1.txt"]}, {"id": 86, "parent": 96, "children": [22], "label": "board group", "path": ["/data/S3DIS/Stanford3dDataset_v1.2_Aligned_Version/Area_2/conferenceRoom_1/Annotations/board_2.txt"]}, {"id": 87, "parent": 96, "children": [20, 28, 49, 55, 57, 60, 75, 77], "label": "column group", "path": ["/data/S3DIS/Stanford3dDataset_v1.2_Aligned_Version/Area_2/conferenceRoom_1/Annotations/column_4.txt", "/data/S3DIS/Stanford3dDataset_v1.2_Aligned_Version/Area_2/conferenceRoom_1/Annotations/column_5.txt", "/data/S3DIS/Stanford3dDataset_v1.2_Aligned_Version/Area_2/conferenceRoom_1/Annotations/column_8.txt", "/data/S3DIS/Stanford3dDataset_v1.2_Aligned_Version/Area_2/conferenceRoom_1/Annotations/column_1.txt", "/data/S3DIS/Stanford3dDataset_v1.2_Aligned_Version/Area_2/conferenceRoom_1/Annotations/column_7.txt", "/data/S3DIS/Stanford3dDataset_v1.2_Aligned_Version/Area_2/conferenceRoom_1/Annotations/column_3.txt", "/data/S3DIS/Stanford3dDataset_v1.2_Aligned_Version/Area_2/conferenceRoom_1/Annotations/column_6.txt", "/data/S3DIS/Stanford3dDataset_v1.2_Aligned_Version/Area_2/conferenceRoom_1/Annotations/column_2.txt"]}, {"id": 88, "parent": 97, "children": [13], "label": "door group", "path": ["/data/S3DIS/Stanford3dDataset_v1.2_Aligned_Version/Area_2/conferenceRoom_1/Annotations/door_2.txt"]}, {"id": 89, "parent": 98, "children": [6], "label": "door group", "path": ["/data/S3DIS/Stanford3dDataset_v1.2_Aligned_Version/Area_2/conferenceRoom_1/Annotations/door_1.txt"]}, {"id": 90, "parent": 99, "children": [11, 32, 38, 44, 61, 69], "label": "table group", "path": ["/data/S3DIS/Stanford3dDataset_v1.2_Aligned_Version/Area_2/conferenceRoom_1/Annotations/table_2.txt", "/data/S3DIS/Stanford3dDataset_v1.2_Aligned_Version/Area_2/conferenceRoom_1/Annotations/table_4.txt", "/data/S3DIS/Stanford3dDataset_v1.2_Aligned_Version/Area_2/conferenceRoom_1/Annotations/table_7.txt", "/data/S3DIS/Stanford3dDataset_v1.2_Aligned_Version/Area_2/conferenceRoom_1/Annotations/table_5.txt", "/data/S3DIS/Stanford3dDataset_v1.2_Aligned_Version/Area_2/conferenceRoom_1/Annotations/table_3.txt", "/data/S3DIS/Stanford3dDataset_v1.2_Aligned_Version/Area_2/conferenceRoom_1/Annotations/table_1.txt"]}, {"id": 91, "parent": 101, "children": [47], "label": "table group", "path": ["/data/S3DIS/Stanford3dDataset_v1.2_Aligned_Version/Area_2/conferenceRoom_1/Annotations/table_6.txt"]}, {"id": 92, "parent": 100, "children": [1], "label": "table group", "path": ["/data/S3DIS/Stanford3dDataset_v1.2_Aligned_Version/Area_2/conferenceRoom_1/Annotations/table_8.txt"]}, {"id": 93, "parent": 99, "children": [0, 15, 19, 26, 30, 33, 36, 45, 54, 56, 58, 59, 62, 64, 67, 72, 78], "label": "chair group", "path": ["/data/S3DIS/Stanford3dDataset_v1.2_Aligned_Version/Area_2/conferenceRoom_1/Annotations/chair_8.txt", "/data/S3DIS/Stanford3dDataset_v1.2_Aligned_Version/Area_2/conferenceRoom_1/Annotations/chair_10.txt", "/data/S3DIS/Stanford3dDataset_v1.2_Aligned_Version/Area_2/conferenceRoom_1/Annotations/chair_16.txt", "/data/S3DIS/Stanford3dDataset_v1.2_Aligned_Version/Area_2/conferenceRoom_1/Annotations/chair_1.txt", "/data/S3DIS/Stanford3dDataset_v1.2_Aligned_Version/Area_2/conferenceRoom_1/Annotations/chair_9.txt", "/data/S3DIS/Stanford3dDataset_v1.2_Aligned_Version/Area_2/conferenceRoom_1/Annotations/chair_18.txt", "/data/S3DIS/Stanford3dDataset_v1.2_Aligned_Version/Area_2/conferenceRoom_1/Annotations/chair_6.txt", "/data/S3DIS/Stanford3dDataset_v1.2_Aligned_Version/Area_2/conferenceRoom_1/Annotations/chair_5.txt", "/data/S3DIS/Stanford3dDataset_v1.2_Aligned_Version/Area_2/conferenceRoom_1/Annotations/chair_7.txt", "/data/S3DIS/Stanford3dDataset_v1.2_Aligned_Version/Area_2/conferenceRoom_1/Annotations/chair_17.txt", "/data/S3DIS/Stanford3dDataset_v1.2_Aligned_Version/Area_2/conferenceRoom_1/Annotations/chair_12.txt", "/data/S3DIS/Stanford3dDataset_v1.2_Aligned_Version/Area_2/conferenceRoom_1/Annotations/chair_3.txt", "/data/S3DIS/Stanford3dDataset_v1.2_Aligned_Version/Area_2/conferenceRoom_1/Annotations/chair_11.txt", "/data/S3DIS/Stanford3dDataset_v1.2_Aligned_Version/Area_2/conferenceRoom_1/Annotations/chair_13.txt", "/data/S3DIS/Stanford3dDataset_v1.2_Aligned_Version/Area_2/conferenceRoom_1/Annotations/chair_14.txt", "/data/S3DIS/Stanford3dDataset_v1.2_Aligned_Version/Area_2/conferenceRoom_1/Annotations/chair_19.txt", "/data/S3DIS/Stanford3dDataset_v1.2_Aligned_Version/Area_2/conferenceRoom_1/Annotations/chair_2.txt"]}, {"id": 94, "parent": 100, "children": [3, 29, 37], "label": "chair group", "path": ["/data/S3DIS/Stanford3dDataset_v1.2_Aligned_Version/Area_2/conferenceRoom_1/Annotations/chair_21.txt", "/data/S3DIS/Stanford3dDataset_v1.2_Aligned_Version/Area_2/conferenceRoom_1/Annotations/chair_20.txt", "/data/S3DIS/Stanford3dDataset_v1.2_Aligned_Version/Area_2/conferenceRoom_1/Annotations/chair_15.txt"]}, {"id": 95, "parent": 101, "children": [51], "label": "chair group", "path": ["/data/S3DIS/Stanford3dDataset_v1.2_Aligned_Version/Area_2/conferenceRoom_1/Annotations/chair_4.txt"]}, {"id": 96, "parent": -1, "children": [80, 81, 82, 83, 84, 85, 86, 87], "label": "building area", "path": ["/data/S3DIS/Stanford3dDataset_v1.2_Aligned_Version/Area_2/conferenceRoom_1/Annotations/ceiling_2.txt", "/data/S3DIS/Stanford3dDataset_v1.2_Aligned_Version/Area_2/conferenceRoom_1/Annotations/ceiling_1.txt", "/data/S3DIS/Stanford3dDataset_v1.2_Aligned_Version/Area_2/conferenceRoom_1/Annotations/floor_1.txt", "/data/S3DIS/Stanford3dDataset_v1.2_Aligned_Version/Area_2/conferenceRoom_1/Annotations/wall_6.txt", "/data/S3DIS/Stanford3dDataset_v1.2_Aligned_Version/Area_2/conferenceRoom_1/Annotations/wall_2.txt", "/data/S3DIS/Stanford3dDataset_v1.2_Aligned_Version/Area_2/conferenceRoom_1/Annotations/wall_5.txt", "/data/S3DIS/Stanford3dDataset_v1.2_Aligned_Version/Area_2/conferenceRoom_1/Annotations/wall_1.txt", "/data/S3DIS/Stanford3dDataset_v1.2_Aligned_Version/Area_2/conferenceRoom_1/Annotations/wall_4.txt", "/data/S3DIS/Stanford3dDataset_v1.2_Aligned_Version/Area_2/conferenceRoom_1/Annotations/wall_3.txt", "/data/S3DIS/Stanford3dDataset_v1.2_Aligned_Version/Area_2/conferenceRoom_1/Annotations/window_2.txt", "/data/S3DIS/Stanford3dDataset_v1.2_Aligned_Version/Area_2/conferenceRoom_1/Annotations/window_3.txt", "/data/S3DIS/Stanford3dDataset_v1.2_Aligned_Version/Area_2/conferenceRoom_1/Annotations/window_1.txt", "/data/S3DIS/Stanford3dDataset_v1.2_Aligned_Version/Area_2/conferenceRoom_1/Annotations/beam_1.txt", "/data/S3DIS/Stanford3dDataset_v1.2_Aligned_Version/Area_2/conferenceRoom_1/Annotations/board_1.txt", "/data/S3DIS/Stanford3dDataset_v1.2_Aligned_Version/Area_2/conferenceRoom_1/Annotations/board_2.txt", "/data/S3DIS/Stanford3dDataset_v1.2_Aligned_Version/Area_2/conferenceRoom_1/Annotations/column_4.txt", "/data/S3DIS/Stanford3dDataset_v1.2_Aligned_Version/Area_2/conferenceRoom_1/Annotations/column_5.txt", "/data/S3DIS/Stanford3dDataset_v1.2_Aligned_Version/Area_2/conferenceRoom_1/Annotations/column_8.txt", "/data/S3DIS/Stanford3dDataset_v1.2_Aligned_Version/Area_2/conferenceRoom_1/Annotations/column_1.txt", "/data/S3DIS/Stanford3dDataset_v1.2_Aligned_Version/Area_2/conferenceRoom_1/Annotations/column_7.txt", "/data/S3DIS/Stanford3dDataset_v1.2_Aligned_Version/Area_2/conferenceRoom_1/Annotations/column_3.txt", "/data/S3DIS/Stanford3dDataset_v1.2_Aligned_Version/Area_2/conferenceRoom_1/Annotations/column_6.txt", "/data/S3DIS/Stanford3dDataset_v1.2_Aligned_Version/Area_2/conferenceRoom_1/Annotations/column_2.txt"]}, {"id": 97, "parent": -1, "children": [88], "label": "entrance area", "path": ["/data/S3DIS/Stanford3dDataset_v1.2_Aligned_Version/Area_2/conferenceRoom_1/Annotations/door_2.txt"]}, {"id": 98, "parent": -1, "children": [89], "label": "entrance area", "path": ["/data/S3DIS/Stanford3dDataset_v1.2_Aligned_Version/Area_2/conferenceRoom_1/Annotations/door_1.txt"]}, {"id": 99, "parent": -1, "children": [90, 93], "label": "office area", "path": ["/data/S3DIS/Stanford3dDataset_v1.2_Aligned_Version/Area_2/conferenceRoom_1/Annotations/table_2.txt", "/data/S3DIS/Stanford3dDataset_v1.2_Aligned_Version/Area_2/conferenceRoom_1/Annotations/table_4.txt", "/data/S3DIS/Stanford3dDataset_v1.2_Aligned_Version/Area_2/conferenceRoom_1/Annotations/table_7.txt", "/data/S3DIS/Stanford3dDataset_v1.2_Aligned_Version/Area_2/conferenceRoom_1/Annotations/table_5.txt", "/data/S3DIS/Stanford3dDataset_v1.2_Aligned_Version/Area_2/conferenceRoom_1/Annotations/table_3.txt", "/data/S3DIS/Stanford3dDataset_v1.2_Aligned_Version/Area_2/conferenceRoom_1/Annotations/table_1.txt", "/data/S3DIS/Stanford3dDataset_v1.2_Aligned_Version/Area_2/conferenceRoom_1/Annotations/chair_8.txt", "/data/S3DIS/Stanford3dDataset_v1.2_Aligned_Version/Area_2/conferenceRoom_1/Annotations/chair_10.txt", "/data/S3DIS/Stanford3dDataset_v1.2_Aligned_Version/Area_2/conferenceRoom_1/Annotations/chair_16.txt", "/data/S3DIS/Stanford3dDataset_v1.2_Aligned_Version/Area_2/conferenceRoom_1/Annotations/chair_1.txt", "/data/S3DIS/Stanford3dDataset_v1.2_Aligned_Version/Area_2/conferenceRoom_1/Annotations/chair_9.txt", "/data/S3DIS/Stanford3dDataset_v1.2_Aligned_Version/Area_2/conferenceRoom_1/Annotations/chair_18.txt", "/data/S3DIS/Stanford3dDataset_v1.2_Aligned_Version/Area_2/conferenceRoom_1/Annotations/chair_6.txt", "/data/S3DIS/Stanford3dDataset_v1.2_Aligned_Version/Area_2/conferenceRoom_1/Annotations/chair_5.txt", "/data/S3DIS/Stanford3dDataset_v1.2_Aligned_Version/Area_2/conferenceRoom_1/Annotations/chair_7.txt", "/data/S3DIS/Stanford3dDataset_v1.2_Aligned_Version/Area_2/conferenceRoom_1/Annotations/chair_17.txt", "/data/S3DIS/Stanford3dDataset_v1.2_Aligned_Version/Area_2/conferenceRoom_1/Annotations/chair_12.txt", "/data/S3DIS/Stanford3dDataset_v1.2_Aligned_Version/Area_2/conferenceRoom_1/Annotations/chair_3.txt", "/data/S3DIS/Stanford3dDataset_v1.2_Aligned_Version/Area_2/conferenceRoom_1/Annotations/chair_11.txt", "/data/S3DIS/Stanford3dDataset_v1.2_Aligned_Version/Area_2/conferenceRoom_1/Annotations/chair_13.txt", "/data/S3DIS/Stanford3dDataset_v1.2_Aligned_Version/Area_2/conferenceRoom_1/Annotations/chair_14.txt", "/data/S3DIS/Stanford3dDataset_v1.2_Aligned_Version/Area_2/conferenceRoom_1/Annotations/chair_19.txt", "/data/S3DIS/Stanford3dDataset_v1.2_Aligned_Version/Area_2/conferenceRoom_1/Annotations/chair_2.txt"]}, {"id": 100, "parent": -1, "children": [92, 94], "label": "office area", "path": ["/data/S3DIS/Stanford3dDataset_v1.2_Aligned_Version/Area_2/conferenceRoom_1/Annotations/table_8.txt", "/data/S3DIS/Stanford3dDataset_v1.2_Aligned_Version/Area_2/conferenceRoom_1/Annotations/chair_21.txt", "/data/S3DIS/Stanford3dDataset_v1.2_Aligned_Version/Area_2/conferenceRoom_1/Annotations/chair_20.txt", "/data/S3DIS/Stanford3dDataset_v1.2_Aligned_Version/Area_2/conferenceRoom_1/Annotations/chair_15.txt"]}, {"id": 101, "parent": -1, "children": [91, 95], "label": "office area", "path": ["/data/S3DIS/Stanford3dDataset_v1.2_Aligned_Version/Area_2/conferenceRoom_1/Annotations/table_6.txt", "/data/S3DIS/Stanford3dDataset_v1.2_Aligned_Version/Area_2/conferenceRoom_1/Annotations/chair_4.txt"]}]