[{"id": 0, "parent": -1, "children": [], "label": "floor", "path": ["/data/S3DIS/Stanford3dDataset_v1.2_Aligned_Version/Area_2/hallway_4/Annotations/floor_1.txt"]}, {"id": 1, "parent": -1, "children": [], "label": "ceiling", "path": ["/data/S3DIS/Stanford3dDataset_v1.2_Aligned_Version/Area_2/hallway_4/Annotations/ceiling_1.txt"]}, {"id": 2, "parent": -1, "children": [], "label": "clutter", "path": ["/data/S3DIS/Stanford3dDataset_v1.2_Aligned_Version/Area_2/hallway_4/Annotations/clutter_2.txt"]}, {"id": 3, "parent": -1, "children": [], "label": "wall", "path": ["/data/S3DIS/Stanford3dDataset_v1.2_Aligned_Version/Area_2/hallway_4/Annotations/wall_2.txt"]}, {"id": 4, "parent": -1, "children": [], "label": "clutter", "path": ["/data/S3DIS/Stanford3dDataset_v1.2_Aligned_Version/Area_2/hallway_4/Annotations/clutter_1.txt"]}, {"id": 5, "parent": -1, "children": [], "label": "beam", "path": ["/data/S3DIS/Stanford3dDataset_v1.2_Aligned_Version/Area_2/hallway_4/Annotations/beam_1.txt"]}, {"id": 6, "parent": -1, "children": [], "label": "clutter", "path": ["/data/S3DIS/Stanford3dDataset_v1.2_Aligned_Version/Area_2/hallway_4/Annotations/clutter_4.txt"]}, {"id": 7, "parent": -1, "children": [], "label": "wall", "path": ["/data/S3DIS/Stanford3dDataset_v1.2_Aligned_Version/Area_2/hallway_4/Annotations/wall_1.txt"]}, {"id": 9, "parent": -1, "children": [], "label": "clutter", "path": ["/data/S3DIS/Stanford3dDataset_v1.2_Aligned_Version/Area_2/hallway_4/Annotations/clutter_3.txt"]}, {"id": 10, "parent": -1, "children": [], "label": "wall", "path": ["/data/S3DIS/Stanford3dDataset_v1.2_Aligned_Version/Area_2/hallway_4/Annotations/wall_3.txt"]}]