[{"id": 0, "parent": 50, "children": [], "label": "ceiling", "path": ["/data/S3DIS/Stanford3dDataset_v1.2_Aligned_Version/Area_2/hallway_3/Annotations/ceiling_2.txt"]}, {"id": 1, "parent": 51, "children": [], "label": "floor", "path": ["/data/S3DIS/Stanford3dDataset_v1.2_Aligned_Version/Area_2/hallway_3/Annotations/floor_1.txt"]}, {"id": 2, "parent": -1, "children": [], "label": "clutter", "path": ["/data/S3DIS/Stanford3dDataset_v1.2_Aligned_Version/Area_2/hallway_3/Annotations/clutter_13.txt"]}, {"id": 3, "parent": 52, "children": [], "label": "door", "path": ["/data/S3DIS/Stanford3dDataset_v1.2_Aligned_Version/Area_2/hallway_3/Annotations/door_1.txt"]}, {"id": 4, "parent": 49, "children": [], "label": "wall", "path": ["/data/S3DIS/Stanford3dDataset_v1.2_Aligned_Version/Area_2/hallway_3/Annotations/wall_6.txt"]}, {"id": 5, "parent": 57, "children": [], "label": "bookcase", "path": ["/data/S3DIS/Stanford3dDataset_v1.2_Aligned_Version/Area_2/hallway_3/Annotations/bookcase_2.txt"]}, {"id": 6, "parent": -1, "children": [], "label": "clutter", "path": ["/data/S3DIS/Stanford3dDataset_v1.2_Aligned_Version/Area_2/hallway_3/Annotations/clutter_5.txt"]}, {"id": 7, "parent": 53, "children": [], "label": "door", "path": ["/data/S3DIS/Stanford3dDataset_v1.2_Aligned_Version/Area_2/hallway_3/Annotations/door_3.txt"]}, {"id": 8, "parent": -1, "children": [], "label": "clutter", "path": ["/data/S3DIS/Stanford3dDataset_v1.2_Aligned_Version/Area_2/hallway_3/Annotations/clutter_16.txt"]}, {"id": 9, "parent": 54, "children": [], "label": "door", "path": ["/data/S3DIS/Stanford3dDataset_v1.2_Aligned_Version/Area_2/hallway_3/Annotations/door_5.txt"]}, {"id": 10, "parent": 50, "children": [], "label": "ceiling", "path": ["/data/S3DIS/Stanford3dDataset_v1.2_Aligned_Version/Area_2/hallway_3/Annotations/ceiling_1.txt"]}, {"id": 11, "parent": 55, "children": [], "label": "door", "path": ["/data/S3DIS/Stanford3dDataset_v1.2_Aligned_Version/Area_2/hallway_3/Annotations/door_2.txt"]}, {"id": 12, "parent": -1, "children": [], "label": "clutter", "path": ["/data/S3DIS/Stanford3dDataset_v1.2_Aligned_Version/Area_2/hallway_3/Annotations/clutter_9.txt"]}, {"id": 13, "parent": -1, "children": [], "label": "clutter", "path": ["/data/S3DIS/Stanford3dDataset_v1.2_Aligned_Version/Area_2/hallway_3/Annotations/clutter_2.txt"]}, {"id": 14, "parent": 49, "children": [], "label": "wall", "path": ["/data/S3DIS/Stanford3dDataset_v1.2_Aligned_Version/Area_2/hallway_3/Annotations/wall_2.txt"]}, {"id": 15, "parent": -1, "children": [], "label": "clutter", "path": ["/data/S3DIS/Stanford3dDataset_v1.2_Aligned_Version/Area_2/hallway_3/Annotations/clutter_20.txt"]}, {"id": 16, "parent": -1, "children": [], "label": "clutter", "path": ["/data/S3DIS/Stanford3dDataset_v1.2_Aligned_Version/Area_2/hallway_3/Annotations/clutter_1.txt"]}, {"id": 17, "parent": 62, "children": [], "label": "board", "path": ["/data/S3DIS/Stanford3dDataset_v1.2_Aligned_Version/Area_2/hallway_3/Annotations/board_2.txt"]}, {"id": 18, "parent": -1, "children": [], "label": "clutter", "path": ["/data/S3DIS/Stanford3dDataset_v1.2_Aligned_Version/Area_2/hallway_3/Annotations/clutter_12.txt"]}, {"id": 19, "parent": -1, "children": [], "label": "clutter", "path": ["/data/S3DIS/Stanford3dDataset_v1.2_Aligned_Version/Area_2/hallway_3/Annotations/clutter_7.txt"]}, {"id": 20, "parent": 61, "children": [], "label": "chair", "path": ["/data/S3DIS/Stanford3dDataset_v1.2_Aligned_Version/Area_2/hallway_3/Annotations/chair_1.txt"]}, {"id": 21, "parent": -1, "children": [], "label": "clutter", "path": ["/data/S3DIS/Stanford3dDataset_v1.2_Aligned_Version/Area_2/hallway_3/Annotations/clutter_8.txt"]}, {"id": 22, "parent": 49, "children": [], "label": "wall", "path": ["/data/S3DIS/Stanford3dDataset_v1.2_Aligned_Version/Area_2/hallway_3/Annotations/wall_5.txt"]}, {"id": 23, "parent": -1, "children": [], "label": "clutter", "path": ["/data/S3DIS/Stanford3dDataset_v1.2_Aligned_Version/Area_2/hallway_3/Annotations/clutter_6.txt"]}, {"id": 24, "parent": -1, "children": [], "label": "clutter", "path": ["/data/S3DIS/Stanford3dDataset_v1.2_Aligned_Version/Area_2/hallway_3/Annotations/clutter_19.txt"]}, {"id": 25, "parent": -1, "children": [], "label": "clutter", "path": ["/data/S3DIS/Stanford3dDataset_v1.2_Aligned_Version/Area_2/hallway_3/Annotations/clutter_10.txt"]}, {"id": 26, "parent": 63, "children": [], "label": "board", "path": ["/data/S3DIS/Stanford3dDataset_v1.2_Aligned_Version/Area_2/hallway_3/Annotations/board_1.txt"]}, {"id": 27, "parent": -1, "children": [], "label": "clutter", "path": ["/data/S3DIS/Stanford3dDataset_v1.2_Aligned_Version/Area_2/hallway_3/Annotations/clutter_18.txt"]}, {"id": 28, "parent": -1, "children": [], "label": "clutter", "path": ["/data/S3DIS/Stanford3dDataset_v1.2_Aligned_Version/Area_2/hallway_3/Annotations/clutter_4.txt"]}, {"id": 29, "parent": -1, "children": [], "label": "clutter", "path": ["/data/S3DIS/Stanford3dDataset_v1.2_Aligned_Version/Area_2/hallway_3/Annotations/clutter_11.txt"]}, {"id": 30, "parent": 64, "children": [], "label": "chair", "path": ["/data/S3DIS/Stanford3dDataset_v1.2_Aligned_Version/Area_2/hallway_3/Annotations/chair_4.txt"]}, {"id": 31, "parent": 58, "children": [], "label": "bookcase", "path": ["/data/S3DIS/Stanford3dDataset_v1.2_Aligned_Version/Area_2/hallway_3/Annotations/bookcase_1.txt"]}, {"id": 32, "parent": -1, "children": [], "label": "clutter", "path": ["/data/S3DIS/Stanford3dDataset_v1.2_Aligned_Version/Area_2/hallway_3/Annotations/clutter_21.txt"]}, {"id": 33, "parent": 49, "children": [], "label": "wall", "path": ["/data/S3DIS/Stanford3dDataset_v1.2_Aligned_Version/Area_2/hallway_3/Annotations/wall_1.txt"]}, {"id": 34, "parent": 65, "children": [], "label": "chair", "path": ["/data/S3DIS/Stanford3dDataset_v1.2_Aligned_Version/Area_2/hallway_3/Annotations/chair_3.txt"]}, {"id": 35, "parent": -1, "children": [], "label": "clutter", "path": ["/data/S3DIS/Stanford3dDataset_v1.2_Aligned_Version/Area_2/hallway_3/Annotations/clutter_23.txt"]}, {"id": 36, "parent": -1, "children": [], "label": "clutter", "path": ["/data/S3DIS/Stanford3dDataset_v1.2_Aligned_Version/Area_2/hallway_3/Annotations/clutter_14.txt"]}, {"id": 37, "parent": -1, "children": [], "label": "clutter", "path": ["/data/S3DIS/Stanford3dDataset_v1.2_Aligned_Version/Area_2/hallway_3/Annotations/clutter_22.txt"]}, {"id": 38, "parent": 56, "children": [], "label": "door", "path": ["/data/S3DIS/Stanford3dDataset_v1.2_Aligned_Version/Area_2/hallway_3/Annotations/door_4.txt"]}, {"id": 40, "parent": 60, "children": [], "label": "table", "path": ["/data/S3DIS/Stanford3dDataset_v1.2_Aligned_Version/Area_2/hallway_3/Annotations/table_1.txt"]}, {"id": 41, "parent": 49, "children": [], "label": "wall", "path": ["/data/S3DIS/Stanford3dDataset_v1.2_Aligned_Version/Area_2/hallway_3/Annotations/wall_4.txt"]}, {"id": 42, "parent": -1, "children": [], "label": "clutter", "path": ["/data/S3DIS/Stanford3dDataset_v1.2_Aligned_Version/Area_2/hallway_3/Annotations/clutter_15.txt"]}, {"id": 43, "parent": -1, "children": [], "label": "clutter", "path": ["/data/S3DIS/Stanford3dDataset_v1.2_Aligned_Version/Area_2/hallway_3/Annotations/clutter_3.txt"]}, {"id": 44, "parent": -1, "children": [], "label": "clutter", "path": ["/data/S3DIS/Stanford3dDataset_v1.2_Aligned_Version/Area_2/hallway_3/Annotations/clutter_24.txt"]}, {"id": 45, "parent": -1, "children": [], "label": "clutter", "path": ["/data/S3DIS/Stanford3dDataset_v1.2_Aligned_Version/Area_2/hallway_3/Annotations/clutter_17.txt"]}, {"id": 46, "parent": 61, "children": [], "label": "chair", "path": ["/data/S3DIS/Stanford3dDataset_v1.2_Aligned_Version/Area_2/hallway_3/Annotations/chair_2.txt"]}, {"id": 47, "parent": 62, "children": [], "label": "board", "path": ["/data/S3DIS/Stanford3dDataset_v1.2_Aligned_Version/Area_2/hallway_3/Annotations/board_3.txt"]}, {"id": 48, "parent": 49, "children": [], "label": "wall", "path": ["/data/S3DIS/Stanford3dDataset_v1.2_Aligned_Version/Area_2/hallway_3/Annotations/wall_3.txt"]}, {"id": 49, "parent": 66, "children": [4, 14, 22, 33, 41, 48], "label": "wall group", "path": ["/data/S3DIS/Stanford3dDataset_v1.2_Aligned_Version/Area_2/hallway_3/Annotations/wall_6.txt", "/data/S3DIS/Stanford3dDataset_v1.2_Aligned_Version/Area_2/hallway_3/Annotations/wall_2.txt", "/data/S3DIS/Stanford3dDataset_v1.2_Aligned_Version/Area_2/hallway_3/Annotations/wall_5.txt", "/data/S3DIS/Stanford3dDataset_v1.2_Aligned_Version/Area_2/hallway_3/Annotations/wall_1.txt", "/data/S3DIS/Stanford3dDataset_v1.2_Aligned_Version/Area_2/hallway_3/Annotations/wall_4.txt", "/data/S3DIS/Stanford3dDataset_v1.2_Aligned_Version/Area_2/hallway_3/Annotations/wall_3.txt"]}, {"id": 50, "parent": 66, "children": [0, 10], "label": "ceiling group", "path": ["/data/S3DIS/Stanford3dDataset_v1.2_Aligned_Version/Area_2/hallway_3/Annotations/ceiling_2.txt", "/data/S3DIS/Stanford3dDataset_v1.2_Aligned_Version/Area_2/hallway_3/Annotations/ceiling_1.txt"]}, {"id": 51, "parent": 66, "children": [1], "label": "floor group", "path": ["/data/S3DIS/Stanford3dDataset_v1.2_Aligned_Version/Area_2/hallway_3/Annotations/floor_1.txt"]}, {"id": 52, "parent": 67, "children": [3], "label": "door group", "path": ["/data/S3DIS/Stanford3dDataset_v1.2_Aligned_Version/Area_2/hallway_3/Annotations/door_1.txt"]}, {"id": 53, "parent": 68, "children": [7], "label": "door group", "path": ["/data/S3DIS/Stanford3dDataset_v1.2_Aligned_Version/Area_2/hallway_3/Annotations/door_3.txt"]}, {"id": 54, "parent": 69, "children": [9], "label": "door group", "path": ["/data/S3DIS/Stanford3dDataset_v1.2_Aligned_Version/Area_2/hallway_3/Annotations/door_5.txt"]}, {"id": 55, "parent": 70, "children": [11], "label": "door group", "path": ["/data/S3DIS/Stanford3dDataset_v1.2_Aligned_Version/Area_2/hallway_3/Annotations/door_2.txt"]}, {"id": 56, "parent": 71, "children": [38], "label": "door group", "path": ["/data/S3DIS/Stanford3dDataset_v1.2_Aligned_Version/Area_2/hallway_3/Annotations/door_4.txt"]}, {"id": 57, "parent": 59, "children": [5], "label": "bookcase group", "path": ["/data/S3DIS/Stanford3dDataset_v1.2_Aligned_Version/Area_2/hallway_3/Annotations/bookcase_2.txt"]}, {"id": 58, "parent": 59, "children": [31], "label": "bookcase group", "path": ["/data/S3DIS/Stanford3dDataset_v1.2_Aligned_Version/Area_2/hallway_3/Annotations/bookcase_1.txt"]}, {"id": 59, "parent": -1, "children": [57, 58], "label": "case area", "path": ["/data/S3DIS/Stanford3dDataset_v1.2_Aligned_Version/Area_2/hallway_3/Annotations/bookcase_2.txt", "/data/S3DIS/Stanford3dDataset_v1.2_Aligned_Version/Area_2/hallway_3/Annotations/bookcase_1.txt"]}, {"id": 60, "parent": 72, "children": [40], "label": "table group", "path": ["/data/S3DIS/Stanford3dDataset_v1.2_Aligned_Version/Area_2/hallway_3/Annotations/table_1.txt"]}, {"id": 61, "parent": 72, "children": [20, 46], "label": "chair group", "path": ["/data/S3DIS/Stanford3dDataset_v1.2_Aligned_Version/Area_2/hallway_3/Annotations/chair_1.txt", "/data/S3DIS/Stanford3dDataset_v1.2_Aligned_Version/Area_2/hallway_3/Annotations/chair_2.txt"]}, {"id": 62, "parent": 73, "children": [17, 47], "label": "board group", "path": ["/data/S3DIS/Stanford3dDataset_v1.2_Aligned_Version/Area_2/hallway_3/Annotations/board_2.txt", "/data/S3DIS/Stanford3dDataset_v1.2_Aligned_Version/Area_2/hallway_3/Annotations/board_3.txt"]}, {"id": 63, "parent": 73, "children": [26], "label": "board group", "path": ["/data/S3DIS/Stanford3dDataset_v1.2_Aligned_Version/Area_2/hallway_3/Annotations/board_1.txt"]}, {"id": 64, "parent": 73, "children": [30], "label": "chair group", "path": ["/data/S3DIS/Stanford3dDataset_v1.2_Aligned_Version/Area_2/hallway_3/Annotations/chair_4.txt"]}, {"id": 65, "parent": 73, "children": [34], "label": "chair group", "path": ["/data/S3DIS/Stanford3dDataset_v1.2_Aligned_Version/Area_2/hallway_3/Annotations/chair_3.txt"]}, {"id": 66, "parent": -1, "children": [49, 50, 51], "label": "building area", "path": ["/data/S3DIS/Stanford3dDataset_v1.2_Aligned_Version/Area_2/hallway_3/Annotations/wall_6.txt", "/data/S3DIS/Stanford3dDataset_v1.2_Aligned_Version/Area_2/hallway_3/Annotations/wall_2.txt", "/data/S3DIS/Stanford3dDataset_v1.2_Aligned_Version/Area_2/hallway_3/Annotations/wall_5.txt", "/data/S3DIS/Stanford3dDataset_v1.2_Aligned_Version/Area_2/hallway_3/Annotations/wall_1.txt", "/data/S3DIS/Stanford3dDataset_v1.2_Aligned_Version/Area_2/hallway_3/Annotations/wall_4.txt", "/data/S3DIS/Stanford3dDataset_v1.2_Aligned_Version/Area_2/hallway_3/Annotations/wall_3.txt", "/data/S3DIS/Stanford3dDataset_v1.2_Aligned_Version/Area_2/hallway_3/Annotations/ceiling_2.txt", "/data/S3DIS/Stanford3dDataset_v1.2_Aligned_Version/Area_2/hallway_3/Annotations/ceiling_1.txt", "/data/S3DIS/Stanford3dDataset_v1.2_Aligned_Version/Area_2/hallway_3/Annotations/floor_1.txt"]}, {"id": 67, "parent": -1, "children": [52], "label": "entrance area", "path": ["/data/S3DIS/Stanford3dDataset_v1.2_Aligned_Version/Area_2/hallway_3/Annotations/door_1.txt"]}, {"id": 68, "parent": -1, "children": [53], "label": "entrance area", "path": ["/data/S3DIS/Stanford3dDataset_v1.2_Aligned_Version/Area_2/hallway_3/Annotations/door_3.txt"]}, {"id": 69, "parent": -1, "children": [54], "label": "entrance area", "path": ["/data/S3DIS/Stanford3dDataset_v1.2_Aligned_Version/Area_2/hallway_3/Annotations/door_5.txt"]}, {"id": 70, "parent": -1, "children": [55], "label": "entrance area", "path": ["/data/S3DIS/Stanford3dDataset_v1.2_Aligned_Version/Area_2/hallway_3/Annotations/door_2.txt"]}, {"id": 71, "parent": -1, "children": [56], "label": "entrance area", "path": ["/data/S3DIS/Stanford3dDataset_v1.2_Aligned_Version/Area_2/hallway_3/Annotations/door_4.txt"]}, {"id": 72, "parent": -1, "children": [60, 61], "label": "rest area", "path": ["/data/S3DIS/Stanford3dDataset_v1.2_Aligned_Version/Area_2/hallway_3/Annotations/table_1.txt", "/data/S3DIS/Stanford3dDataset_v1.2_Aligned_Version/Area_2/hallway_3/Annotations/chair_1.txt", "/data/S3DIS/Stanford3dDataset_v1.2_Aligned_Version/Area_2/hallway_3/Annotations/chair_2.txt"]}, {"id": 73, "parent": -1, "children": [62, 63, 64, 65], "label": "forum area", "path": ["/data/S3DIS/Stanford3dDataset_v1.2_Aligned_Version/Area_2/hallway_3/Annotations/board_2.txt", "/data/S3DIS/Stanford3dDataset_v1.2_Aligned_Version/Area_2/hallway_3/Annotations/board_3.txt", "/data/S3DIS/Stanford3dDataset_v1.2_Aligned_Version/Area_2/hallway_3/Annotations/board_1.txt", "/data/S3DIS/Stanford3dDataset_v1.2_Aligned_Version/Area_2/hallway_3/Annotations/chair_4.txt", "/data/S3DIS/Stanford3dDataset_v1.2_Aligned_Version/Area_2/hallway_3/Annotations/chair_3.txt"]}]