[{"id": 0, "parent": 68, "children": [], "label": "ceiling", "path": ["/data/S3DIS/Stanford3dDataset_v1.2_Aligned_Version/Area_2/hallway_10/Annotations/ceiling_2.txt"]}, {"id": 1, "parent": 70, "children": [], "label": "floor", "path": ["/data/S3DIS/Stanford3dDataset_v1.2_Aligned_Version/Area_2/hallway_10/Annotations/floor_1.txt"]}, {"id": 2, "parent": -1, "children": [], "label": "clutter", "path": ["/data/S3DIS/Stanford3dDataset_v1.2_Aligned_Version/Area_2/hallway_10/Annotations/clutter_13.txt"]}, {"id": 3, "parent": 73, "children": [], "label": "bookcase", "path": ["/data/S3DIS/Stanford3dDataset_v1.2_Aligned_Version/Area_2/hallway_10/Annotations/bookcase_7.txt"]}, {"id": 4, "parent": 77, "children": [], "label": "door", "path": ["/data/S3DIS/Stanford3dDataset_v1.2_Aligned_Version/Area_2/hallway_10/Annotations/door_1.txt"]}, {"id": 5, "parent": 67, "children": [], "label": "wall", "path": ["/data/S3DIS/Stanford3dDataset_v1.2_Aligned_Version/Area_2/hallway_10/Annotations/wall_6.txt"]}, {"id": 6, "parent": 70, "children": [], "label": "floor", "path": ["/data/S3DIS/Stanford3dDataset_v1.2_Aligned_Version/Area_2/hallway_10/Annotations/floor_2.txt"]}, {"id": 7, "parent": 74, "children": [], "label": "bookcase", "path": ["/data/S3DIS/Stanford3dDataset_v1.2_Aligned_Version/Area_2/hallway_10/Annotations/bookcase_2.txt"]}, {"id": 8, "parent": -1, "children": [], "label": "clutter", "path": ["/data/S3DIS/Stanford3dDataset_v1.2_Aligned_Version/Area_2/hallway_10/Annotations/clutter_5.txt"]}, {"id": 9, "parent": 76, "children": [], "label": "door", "path": ["/data/S3DIS/Stanford3dDataset_v1.2_Aligned_Version/Area_2/hallway_10/Annotations/door_3.txt"]}, {"id": 10, "parent": -1, "children": [], "label": "clutter", "path": ["/data/S3DIS/Stanford3dDataset_v1.2_Aligned_Version/Area_2/hallway_10/Annotations/clutter_16.txt"]}, {"id": 11, "parent": 82, "children": [], "label": "table", "path": ["/data/S3DIS/Stanford3dDataset_v1.2_Aligned_Version/Area_2/hallway_10/Annotations/table_2.txt"]}, {"id": 12, "parent": 78, "children": [], "label": "door", "path": ["/data/S3DIS/Stanford3dDataset_v1.2_Aligned_Version/Area_2/hallway_10/Annotations/door_5.txt"]}, {"id": 13, "parent": 69, "children": [], "label": "ceiling", "path": ["/data/S3DIS/Stanford3dDataset_v1.2_Aligned_Version/Area_2/hallway_10/Annotations/ceiling_1.txt"]}, {"id": 14, "parent": 72, "children": [], "label": "bookcase", "path": ["/data/S3DIS/Stanford3dDataset_v1.2_Aligned_Version/Area_2/hallway_10/Annotations/bookcase_3.txt"]}, {"id": 15, "parent": 76, "children": [], "label": "door", "path": ["/data/S3DIS/Stanford3dDataset_v1.2_Aligned_Version/Area_2/hallway_10/Annotations/door_2.txt"]}, {"id": 16, "parent": 67, "children": [], "label": "wall", "path": ["/data/S3DIS/Stanford3dDataset_v1.2_Aligned_Version/Area_2/hallway_10/Annotations/wall_10.txt"]}, {"id": 17, "parent": -1, "children": [], "label": "clutter", "path": ["/data/S3DIS/Stanford3dDataset_v1.2_Aligned_Version/Area_2/hallway_10/Annotations/clutter_9.txt"]}, {"id": 18, "parent": -1, "children": [], "label": "clutter", "path": ["/data/S3DIS/Stanford3dDataset_v1.2_Aligned_Version/Area_2/hallway_10/Annotations/clutter_2.txt"]}, {"id": 19, "parent": 67, "children": [], "label": "wall", "path": ["/data/S3DIS/Stanford3dDataset_v1.2_Aligned_Version/Area_2/hallway_10/Annotations/wall_2.txt"]}, {"id": 20, "parent": -1, "children": [], "label": "clutter", "path": ["/data/S3DIS/Stanford3dDataset_v1.2_Aligned_Version/Area_2/hallway_10/Annotations/clutter_20.txt"]}, {"id": 21, "parent": 74, "children": [], "label": "bookcase", "path": ["/data/S3DIS/Stanford3dDataset_v1.2_Aligned_Version/Area_2/hallway_10/Annotations/bookcase_8.txt"]}, {"id": 22, "parent": 67, "children": [], "label": "wall", "path": ["/data/S3DIS/Stanford3dDataset_v1.2_Aligned_Version/Area_2/hallway_10/Annotations/wall_13.txt"]}, {"id": 23, "parent": -1, "children": [], "label": "clutter", "path": ["/data/S3DIS/Stanford3dDataset_v1.2_Aligned_Version/Area_2/hallway_10/Annotations/clutter_1.txt"]}, {"id": 24, "parent": 68, "children": [], "label": "ceiling", "path": ["/data/S3DIS/Stanford3dDataset_v1.2_Aligned_Version/Area_2/hallway_10/Annotations/ceiling_3.txt"]}, {"id": 25, "parent": -1, "children": [], "label": "clutter", "path": ["/data/S3DIS/Stanford3dDataset_v1.2_Aligned_Version/Area_2/hallway_10/Annotations/clutter_12.txt"]}, {"id": 26, "parent": 67, "children": [], "label": "wall", "path": ["/data/S3DIS/Stanford3dDataset_v1.2_Aligned_Version/Area_2/hallway_10/Annotations/wall_12.txt"]}, {"id": 27, "parent": 67, "children": [], "label": "wall", "path": ["/data/S3DIS/Stanford3dDataset_v1.2_Aligned_Version/Area_2/hallway_10/Annotations/wall_11.txt"]}, {"id": 28, "parent": -1, "children": [], "label": "clutter", "path": ["/data/S3DIS/Stanford3dDataset_v1.2_Aligned_Version/Area_2/hallway_10/Annotations/clutter_7.txt"]}, {"id": 29, "parent": 83, "children": [], "label": "chair", "path": ["/data/S3DIS/Stanford3dDataset_v1.2_Aligned_Version/Area_2/hallway_10/Annotations/chair_1.txt"]}, {"id": 30, "parent": -1, "children": [], "label": "clutter", "path": ["/data/S3DIS/Stanford3dDataset_v1.2_Aligned_Version/Area_2/hallway_10/Annotations/clutter_8.txt"]}, {"id": 31, "parent": 81, "children": [], "label": "sofa", "path": ["/data/S3DIS/Stanford3dDataset_v1.2_Aligned_Version/Area_2/hallway_10/Annotations/sofa_2.txt"]}, {"id": 32, "parent": 67, "children": [], "label": "wall", "path": ["/data/S3DIS/Stanford3dDataset_v1.2_Aligned_Version/Area_2/hallway_10/Annotations/wall_7.txt"]}, {"id": 33, "parent": 79, "children": [], "label": "door", "path": ["/data/S3DIS/Stanford3dDataset_v1.2_Aligned_Version/Area_2/hallway_10/Annotations/door_6.txt"]}, {"id": 34, "parent": 71, "children": [], "label": "bookcase", "path": ["/data/S3DIS/Stanford3dDataset_v1.2_Aligned_Version/Area_2/hallway_10/Annotations/bookcase_4.txt"]}, {"id": 35, "parent": 67, "children": [], "label": "wall", "path": ["/data/S3DIS/Stanford3dDataset_v1.2_Aligned_Version/Area_2/hallway_10/Annotations/wall_5.txt"]}, {"id": 36, "parent": -1, "children": [], "label": "clutter", "path": ["/data/S3DIS/Stanford3dDataset_v1.2_Aligned_Version/Area_2/hallway_10/Annotations/clutter_6.txt"]}, {"id": 37, "parent": -1, "children": [], "label": "clutter", "path": ["/data/S3DIS/Stanford3dDataset_v1.2_Aligned_Version/Area_2/hallway_10/Annotations/clutter_19.txt"]}, {"id": 38, "parent": 81, "children": [], "label": "sofa", "path": ["/data/S3DIS/Stanford3dDataset_v1.2_Aligned_Version/Area_2/hallway_10/Annotations/sofa_1.txt"]}, {"id": 39, "parent": 67, "children": [], "label": "wall", "path": ["/data/S3DIS/Stanford3dDataset_v1.2_Aligned_Version/Area_2/hallway_10/Annotations/wall_15.txt"]}, {"id": 40, "parent": -1, "children": [], "label": "clutter", "path": ["/data/S3DIS/Stanford3dDataset_v1.2_Aligned_Version/Area_2/hallway_10/Annotations/clutter_10.txt"]}, {"id": 41, "parent": 70, "children": [], "label": "floor", "path": ["/data/S3DIS/Stanford3dDataset_v1.2_Aligned_Version/Area_2/hallway_10/Annotations/floor_3.txt"]}, {"id": 42, "parent": -1, "children": [], "label": "clutter", "path": ["/data/S3DIS/Stanford3dDataset_v1.2_Aligned_Version/Area_2/hallway_10/Annotations/clutter_18.txt"]}, {"id": 43, "parent": -1, "children": [], "label": "clutter", "path": ["/data/S3DIS/Stanford3dDataset_v1.2_Aligned_Version/Area_2/hallway_10/Annotations/clutter_4.txt"]}, {"id": 44, "parent": 70, "children": [], "label": "floor", "path": ["/data/S3DIS/Stanford3dDataset_v1.2_Aligned_Version/Area_2/hallway_10/Annotations/floor_4.txt"]}, {"id": 45, "parent": -1, "children": [], "label": "clutter", "path": ["/data/S3DIS/Stanford3dDataset_v1.2_Aligned_Version/Area_2/hallway_10/Annotations/clutter_11.txt"]}, {"id": 46, "parent": 67, "children": [], "label": "wall", "path": ["/data/S3DIS/Stanford3dDataset_v1.2_Aligned_Version/Area_2/hallway_10/Annotations/wall_9.txt"]}, {"id": 47, "parent": 75, "children": [], "label": "bookcase", "path": ["/data/S3DIS/Stanford3dDataset_v1.2_Aligned_Version/Area_2/hallway_10/Annotations/bookcase_1.txt"]}, {"id": 48, "parent": -1, "children": [], "label": "clutter", "path": ["/data/S3DIS/Stanford3dDataset_v1.2_Aligned_Version/Area_2/hallway_10/Annotations/clutter_21.txt"]}, {"id": 49, "parent": 67, "children": [], "label": "wall", "path": ["/data/S3DIS/Stanford3dDataset_v1.2_Aligned_Version/Area_2/hallway_10/Annotations/wall_1.txt"]}, {"id": 50, "parent": 67, "children": [], "label": "wall", "path": ["/data/S3DIS/Stanford3dDataset_v1.2_Aligned_Version/Area_2/hallway_10/Annotations/wall_14.txt"]}, {"id": 51, "parent": 68, "children": [], "label": "ceiling", "path": ["/data/S3DIS/Stanford3dDataset_v1.2_Aligned_Version/Area_2/hallway_10/Annotations/ceiling_4.txt"]}, {"id": 52, "parent": -1, "children": [], "label": "clutter", "path": ["/data/S3DIS/Stanford3dDataset_v1.2_Aligned_Version/Area_2/hallway_10/Annotations/clutter_23.txt"]}, {"id": 53, "parent": 71, "children": [], "label": "bookcase", "path": ["/data/S3DIS/Stanford3dDataset_v1.2_Aligned_Version/Area_2/hallway_10/Annotations/bookcase_6.txt"]}, {"id": 54, "parent": -1, "children": [], "label": "clutter", "path": ["/data/S3DIS/Stanford3dDataset_v1.2_Aligned_Version/Area_2/hallway_10/Annotations/clutter_14.txt"]}, {"id": 55, "parent": -1, "children": [], "label": "clutter", "path": ["/data/S3DIS/Stanford3dDataset_v1.2_Aligned_Version/Area_2/hallway_10/Annotations/clutter_22.txt"]}, {"id": 56, "parent": 80, "children": [], "label": "door", "path": ["/data/S3DIS/Stanford3dDataset_v1.2_Aligned_Version/Area_2/hallway_10/Annotations/door_4.txt"]}, {"id": 58, "parent": 84, "children": [], "label": "table", "path": ["/data/S3DIS/Stanford3dDataset_v1.2_Aligned_Version/Area_2/hallway_10/Annotations/table_1.txt"]}, {"id": 59, "parent": 67, "children": [], "label": "wall", "path": ["/data/S3DIS/Stanford3dDataset_v1.2_Aligned_Version/Area_2/hallway_10/Annotations/wall_4.txt"]}, {"id": 60, "parent": -1, "children": [], "label": "clutter", "path": ["/data/S3DIS/Stanford3dDataset_v1.2_Aligned_Version/Area_2/hallway_10/Annotations/clutter_15.txt"]}, {"id": 61, "parent": 67, "children": [], "label": "wall", "path": ["/data/S3DIS/Stanford3dDataset_v1.2_Aligned_Version/Area_2/hallway_10/Annotations/wall_8.txt"]}, {"id": 62, "parent": -1, "children": [], "label": "clutter", "path": ["/data/S3DIS/Stanford3dDataset_v1.2_Aligned_Version/Area_2/hallway_10/Annotations/clutter_3.txt"]}, {"id": 63, "parent": -1, "children": [], "label": "clutter", "path": ["/data/S3DIS/Stanford3dDataset_v1.2_Aligned_Version/Area_2/hallway_10/Annotations/clutter_17.txt"]}, {"id": 64, "parent": 83, "children": [], "label": "chair", "path": ["/data/S3DIS/Stanford3dDataset_v1.2_Aligned_Version/Area_2/hallway_10/Annotations/chair_2.txt"]}, {"id": 65, "parent": 71, "children": [], "label": "bookcase", "path": ["/data/S3DIS/Stanford3dDataset_v1.2_Aligned_Version/Area_2/hallway_10/Annotations/bookcase_5.txt"]}, {"id": 66, "parent": 67, "children": [], "label": "wall", "path": ["/data/S3DIS/Stanford3dDataset_v1.2_Aligned_Version/Area_2/hallway_10/Annotations/wall_3.txt"]}, {"id": 67, "parent": 87, "children": [5, 16, 19, 22, 26, 27, 32, 35, 39, 46, 49, 50, 59, 61, 66], "label": "wall group", "path": ["/data/S3DIS/Stanford3dDataset_v1.2_Aligned_Version/Area_2/hallway_10/Annotations/wall_6.txt", "/data/S3DIS/Stanford3dDataset_v1.2_Aligned_Version/Area_2/hallway_10/Annotations/wall_10.txt", "/data/S3DIS/Stanford3dDataset_v1.2_Aligned_Version/Area_2/hallway_10/Annotations/wall_2.txt", "/data/S3DIS/Stanford3dDataset_v1.2_Aligned_Version/Area_2/hallway_10/Annotations/wall_13.txt", "/data/S3DIS/Stanford3dDataset_v1.2_Aligned_Version/Area_2/hallway_10/Annotations/wall_12.txt", "/data/S3DIS/Stanford3dDataset_v1.2_Aligned_Version/Area_2/hallway_10/Annotations/wall_11.txt", "/data/S3DIS/Stanford3dDataset_v1.2_Aligned_Version/Area_2/hallway_10/Annotations/wall_7.txt", "/data/S3DIS/Stanford3dDataset_v1.2_Aligned_Version/Area_2/hallway_10/Annotations/wall_5.txt", "/data/S3DIS/Stanford3dDataset_v1.2_Aligned_Version/Area_2/hallway_10/Annotations/wall_15.txt", "/data/S3DIS/Stanford3dDataset_v1.2_Aligned_Version/Area_2/hallway_10/Annotations/wall_9.txt", "/data/S3DIS/Stanford3dDataset_v1.2_Aligned_Version/Area_2/hallway_10/Annotations/wall_1.txt", "/data/S3DIS/Stanford3dDataset_v1.2_Aligned_Version/Area_2/hallway_10/Annotations/wall_14.txt", "/data/S3DIS/Stanford3dDataset_v1.2_Aligned_Version/Area_2/hallway_10/Annotations/wall_4.txt", "/data/S3DIS/Stanford3dDataset_v1.2_Aligned_Version/Area_2/hallway_10/Annotations/wall_8.txt", "/data/S3DIS/Stanford3dDataset_v1.2_Aligned_Version/Area_2/hallway_10/Annotations/wall_3.txt"]}, {"id": 68, "parent": 87, "children": [0, 24, 51], "label": "ceiling group", "path": ["/data/S3DIS/Stanford3dDataset_v1.2_Aligned_Version/Area_2/hallway_10/Annotations/ceiling_2.txt", "/data/S3DIS/Stanford3dDataset_v1.2_Aligned_Version/Area_2/hallway_10/Annotations/ceiling_3.txt", "/data/S3DIS/Stanford3dDataset_v1.2_Aligned_Version/Area_2/hallway_10/Annotations/ceiling_4.txt"]}, {"id": 69, "parent": 87, "children": [13], "label": "ceiling group", "path": ["/data/S3DIS/Stanford3dDataset_v1.2_Aligned_Version/Area_2/hallway_10/Annotations/ceiling_1.txt"]}, {"id": 70, "parent": 87, "children": [1, 6, 41, 44], "label": "floor group", "path": ["/data/S3DIS/Stanford3dDataset_v1.2_Aligned_Version/Area_2/hallway_10/Annotations/floor_1.txt", "/data/S3DIS/Stanford3dDataset_v1.2_Aligned_Version/Area_2/hallway_10/Annotations/floor_2.txt", "/data/S3DIS/Stanford3dDataset_v1.2_Aligned_Version/Area_2/hallway_10/Annotations/floor_3.txt", "/data/S3DIS/Stanford3dDataset_v1.2_Aligned_Version/Area_2/hallway_10/Annotations/floor_4.txt"]}, {"id": 71, "parent": 88, "children": [34, 53, 65], "label": "bookcase group", "path": ["/data/S3DIS/Stanford3dDataset_v1.2_Aligned_Version/Area_2/hallway_10/Annotations/bookcase_4.txt", "/data/S3DIS/Stanford3dDataset_v1.2_Aligned_Version/Area_2/hallway_10/Annotations/bookcase_6.txt", "/data/S3DIS/Stanford3dDataset_v1.2_Aligned_Version/Area_2/hallway_10/Annotations/bookcase_5.txt"]}, {"id": 72, "parent": 89, "children": [14], "label": "bookcase group", "path": ["/data/S3DIS/Stanford3dDataset_v1.2_Aligned_Version/Area_2/hallway_10/Annotations/bookcase_3.txt"]}, {"id": 73, "parent": 90, "children": [3], "label": "bookcase group", "path": ["/data/S3DIS/Stanford3dDataset_v1.2_Aligned_Version/Area_2/hallway_10/Annotations/bookcase_7.txt"]}, {"id": 74, "parent": 91, "children": [7, 21], "label": "bookcase group", "path": ["/data/S3DIS/Stanford3dDataset_v1.2_Aligned_Version/Area_2/hallway_10/Annotations/bookcase_2.txt", "/data/S3DIS/Stanford3dDataset_v1.2_Aligned_Version/Area_2/hallway_10/Annotations/bookcase_8.txt"]}, {"id": 75, "parent": 92, "children": [47], "label": "bookcase group", "path": ["/data/S3DIS/Stanford3dDataset_v1.2_Aligned_Version/Area_2/hallway_10/Annotations/bookcase_1.txt"]}, {"id": 76, "parent": 93, "children": [9, 15], "label": "door group", "path": ["/data/S3DIS/Stanford3dDataset_v1.2_Aligned_Version/Area_2/hallway_10/Annotations/door_3.txt", "/data/S3DIS/Stanford3dDataset_v1.2_Aligned_Version/Area_2/hallway_10/Annotations/door_2.txt"]}, {"id": 77, "parent": 94, "children": [4], "label": "door group", "path": ["/data/S3DIS/Stanford3dDataset_v1.2_Aligned_Version/Area_2/hallway_10/Annotations/door_1.txt"]}, {"id": 78, "parent": 95, "children": [12], "label": "door group", "path": ["/data/S3DIS/Stanford3dDataset_v1.2_Aligned_Version/Area_2/hallway_10/Annotations/door_5.txt"]}, {"id": 79, "parent": 96, "children": [33], "label": "door group", "path": ["/data/S3DIS/Stanford3dDataset_v1.2_Aligned_Version/Area_2/hallway_10/Annotations/door_6.txt"]}, {"id": 80, "parent": 97, "children": [56], "label": "door group", "path": ["/data/S3DIS/Stanford3dDataset_v1.2_Aligned_Version/Area_2/hallway_10/Annotations/door_4.txt"]}, {"id": 81, "parent": 86, "children": [31, 38], "label": "sofa group", "path": ["/data/S3DIS/Stanford3dDataset_v1.2_Aligned_Version/Area_2/hallway_10/Annotations/sofa_2.txt", "/data/S3DIS/Stanford3dDataset_v1.2_Aligned_Version/Area_2/hallway_10/Annotations/sofa_1.txt"]}, {"id": 82, "parent": 86, "children": [11], "label": "table group", "path": ["/data/S3DIS/Stanford3dDataset_v1.2_Aligned_Version/Area_2/hallway_10/Annotations/table_2.txt"]}, {"id": 83, "parent": 85, "children": [29, 64], "label": "chair group", "path": ["/data/S3DIS/Stanford3dDataset_v1.2_Aligned_Version/Area_2/hallway_10/Annotations/chair_1.txt", "/data/S3DIS/Stanford3dDataset_v1.2_Aligned_Version/Area_2/hallway_10/Annotations/chair_2.txt"]}, {"id": 84, "parent": 85, "children": [58], "label": "table group", "path": ["/data/S3DIS/Stanford3dDataset_v1.2_Aligned_Version/Area_2/hallway_10/Annotations/table_1.txt"]}, {"id": 85, "parent": -1, "children": [83, 84], "label": "rest area", "path": ["/data/S3DIS/Stanford3dDataset_v1.2_Aligned_Version/Area_2/hallway_10/Annotations/chair_1.txt", "/data/S3DIS/Stanford3dDataset_v1.2_Aligned_Version/Area_2/hallway_10/Annotations/chair_2.txt", "/data/S3DIS/Stanford3dDataset_v1.2_Aligned_Version/Area_2/hallway_10/Annotations/table_1.txt"]}, {"id": 86, "parent": -1, "children": [81, 82], "label": "rest area", "path": ["/data/S3DIS/Stanford3dDataset_v1.2_Aligned_Version/Area_2/hallway_10/Annotations/sofa_2.txt", "/data/S3DIS/Stanford3dDataset_v1.2_Aligned_Version/Area_2/hallway_10/Annotations/sofa_1.txt", "/data/S3DIS/Stanford3dDataset_v1.2_Aligned_Version/Area_2/hallway_10/Annotations/table_2.txt"]}, {"id": 87, "parent": -1, "children": [67, 68, 69, 70], "label": "building area", "path": ["/data/S3DIS/Stanford3dDataset_v1.2_Aligned_Version/Area_2/hallway_10/Annotations/wall_6.txt", "/data/S3DIS/Stanford3dDataset_v1.2_Aligned_Version/Area_2/hallway_10/Annotations/wall_10.txt", "/data/S3DIS/Stanford3dDataset_v1.2_Aligned_Version/Area_2/hallway_10/Annotations/wall_2.txt", "/data/S3DIS/Stanford3dDataset_v1.2_Aligned_Version/Area_2/hallway_10/Annotations/wall_13.txt", "/data/S3DIS/Stanford3dDataset_v1.2_Aligned_Version/Area_2/hallway_10/Annotations/wall_12.txt", "/data/S3DIS/Stanford3dDataset_v1.2_Aligned_Version/Area_2/hallway_10/Annotations/wall_11.txt", "/data/S3DIS/Stanford3dDataset_v1.2_Aligned_Version/Area_2/hallway_10/Annotations/wall_7.txt", "/data/S3DIS/Stanford3dDataset_v1.2_Aligned_Version/Area_2/hallway_10/Annotations/wall_5.txt", "/data/S3DIS/Stanford3dDataset_v1.2_Aligned_Version/Area_2/hallway_10/Annotations/wall_15.txt", "/data/S3DIS/Stanford3dDataset_v1.2_Aligned_Version/Area_2/hallway_10/Annotations/wall_9.txt", "/data/S3DIS/Stanford3dDataset_v1.2_Aligned_Version/Area_2/hallway_10/Annotations/wall_1.txt", "/data/S3DIS/Stanford3dDataset_v1.2_Aligned_Version/Area_2/hallway_10/Annotations/wall_14.txt", "/data/S3DIS/Stanford3dDataset_v1.2_Aligned_Version/Area_2/hallway_10/Annotations/wall_4.txt", "/data/S3DIS/Stanford3dDataset_v1.2_Aligned_Version/Area_2/hallway_10/Annotations/wall_8.txt", "/data/S3DIS/Stanford3dDataset_v1.2_Aligned_Version/Area_2/hallway_10/Annotations/wall_3.txt", "/data/S3DIS/Stanford3dDataset_v1.2_Aligned_Version/Area_2/hallway_10/Annotations/ceiling_2.txt", "/data/S3DIS/Stanford3dDataset_v1.2_Aligned_Version/Area_2/hallway_10/Annotations/ceiling_3.txt", "/data/S3DIS/Stanford3dDataset_v1.2_Aligned_Version/Area_2/hallway_10/Annotations/ceiling_4.txt", "/data/S3DIS/Stanford3dDataset_v1.2_Aligned_Version/Area_2/hallway_10/Annotations/ceiling_1.txt", "/data/S3DIS/Stanford3dDataset_v1.2_Aligned_Version/Area_2/hallway_10/Annotations/floor_1.txt", "/data/S3DIS/Stanford3dDataset_v1.2_Aligned_Version/Area_2/hallway_10/Annotations/floor_2.txt", "/data/S3DIS/Stanford3dDataset_v1.2_Aligned_Version/Area_2/hallway_10/Annotations/floor_3.txt", "/data/S3DIS/Stanford3dDataset_v1.2_Aligned_Version/Area_2/hallway_10/Annotations/floor_4.txt"]}, {"id": 88, "parent": -1, "children": [71], "label": "case area", "path": ["/data/S3DIS/Stanford3dDataset_v1.2_Aligned_Version/Area_2/hallway_10/Annotations/bookcase_4.txt", "/data/S3DIS/Stanford3dDataset_v1.2_Aligned_Version/Area_2/hallway_10/Annotations/bookcase_6.txt", "/data/S3DIS/Stanford3dDataset_v1.2_Aligned_Version/Area_2/hallway_10/Annotations/bookcase_5.txt"]}, {"id": 89, "parent": -1, "children": [72], "label": "case area", "path": ["/data/S3DIS/Stanford3dDataset_v1.2_Aligned_Version/Area_2/hallway_10/Annotations/bookcase_3.txt"]}, {"id": 90, "parent": -1, "children": [73], "label": "case area", "path": ["/data/S3DIS/Stanford3dDataset_v1.2_Aligned_Version/Area_2/hallway_10/Annotations/bookcase_7.txt"]}, {"id": 91, "parent": -1, "children": [74], "label": "case area", "path": ["/data/S3DIS/Stanford3dDataset_v1.2_Aligned_Version/Area_2/hallway_10/Annotations/bookcase_2.txt", "/data/S3DIS/Stanford3dDataset_v1.2_Aligned_Version/Area_2/hallway_10/Annotations/bookcase_8.txt"]}, {"id": 92, "parent": -1, "children": [75], "label": "case area", "path": ["/data/S3DIS/Stanford3dDataset_v1.2_Aligned_Version/Area_2/hallway_10/Annotations/bookcase_1.txt"]}, {"id": 93, "parent": -1, "children": [76], "label": "entrance area", "path": ["/data/S3DIS/Stanford3dDataset_v1.2_Aligned_Version/Area_2/hallway_10/Annotations/door_3.txt", "/data/S3DIS/Stanford3dDataset_v1.2_Aligned_Version/Area_2/hallway_10/Annotations/door_2.txt"]}, {"id": 94, "parent": -1, "children": [77], "label": "entrance area", "path": ["/data/S3DIS/Stanford3dDataset_v1.2_Aligned_Version/Area_2/hallway_10/Annotations/door_1.txt"]}, {"id": 95, "parent": -1, "children": [78], "label": "entrance area", "path": ["/data/S3DIS/Stanford3dDataset_v1.2_Aligned_Version/Area_2/hallway_10/Annotations/door_5.txt"]}, {"id": 96, "parent": -1, "children": [79], "label": "entrance area", "path": ["/data/S3DIS/Stanford3dDataset_v1.2_Aligned_Version/Area_2/hallway_10/Annotations/door_6.txt"]}, {"id": 97, "parent": -1, "children": [80], "label": "entrance area", "path": ["/data/S3DIS/Stanford3dDataset_v1.2_Aligned_Version/Area_2/hallway_10/Annotations/door_4.txt"]}]