[{"id": 0, "parent": 24, "children": [], "label": "floor", "path": ["/data/S3DIS/Stanford3dDataset_v1.2_Aligned_Version/Area_2/office_6/Annotations/floor_1.txt"]}, {"id": 1, "parent": 27, "children": [], "label": "door", "path": ["/data/S3DIS/Stanford3dDataset_v1.2_Aligned_Version/Area_2/office_6/Annotations/door_1.txt"]}, {"id": 2, "parent": 28, "children": [], "label": "bookcase", "path": ["/data/S3DIS/Stanford3dDataset_v1.2_Aligned_Version/Area_2/office_6/Annotations/bookcase_2.txt"]}, {"id": 3, "parent": -1, "children": [], "label": "clutter", "path": ["/data/S3DIS/Stanford3dDataset_v1.2_Aligned_Version/Area_2/office_6/Annotations/clutter_5.txt"]}, {"id": 4, "parent": 25, "children": [], "label": "ceiling", "path": ["/data/S3DIS/Stanford3dDataset_v1.2_Aligned_Version/Area_2/office_6/Annotations/ceiling_1.txt"]}, {"id": 5, "parent": -1, "children": [], "label": "clutter", "path": ["/data/S3DIS/Stanford3dDataset_v1.2_Aligned_Version/Area_2/office_6/Annotations/clutter_9.txt"]}, {"id": 6, "parent": -1, "children": [], "label": "clutter", "path": ["/data/S3DIS/Stanford3dDataset_v1.2_Aligned_Version/Area_2/office_6/Annotations/clutter_2.txt"]}, {"id": 7, "parent": 26, "children": [], "label": "wall", "path": ["/data/S3DIS/Stanford3dDataset_v1.2_Aligned_Version/Area_2/office_6/Annotations/wall_2.txt"]}, {"id": 8, "parent": -1, "children": [], "label": "clutter", "path": ["/data/S3DIS/Stanford3dDataset_v1.2_Aligned_Version/Area_2/office_6/Annotations/clutter_1.txt"]}, {"id": 9, "parent": 31, "children": [], "label": "board", "path": ["/data/S3DIS/Stanford3dDataset_v1.2_Aligned_Version/Area_2/office_6/Annotations/board_2.txt"]}, {"id": 10, "parent": -1, "children": [], "label": "clutter", "path": ["/data/S3DIS/Stanford3dDataset_v1.2_Aligned_Version/Area_2/office_6/Annotations/clutter_12.txt"]}, {"id": 11, "parent": -1, "children": [], "label": "clutter", "path": ["/data/S3DIS/Stanford3dDataset_v1.2_Aligned_Version/Area_2/office_6/Annotations/clutter_7.txt"]}, {"id": 12, "parent": -1, "children": [], "label": "clutter", "path": ["/data/S3DIS/Stanford3dDataset_v1.2_Aligned_Version/Area_2/office_6/Annotations/clutter_8.txt"]}, {"id": 13, "parent": -1, "children": [], "label": "clutter", "path": ["/data/S3DIS/Stanford3dDataset_v1.2_Aligned_Version/Area_2/office_6/Annotations/clutter_6.txt"]}, {"id": 14, "parent": -1, "children": [], "label": "clutter", "path": ["/data/S3DIS/Stanford3dDataset_v1.2_Aligned_Version/Area_2/office_6/Annotations/clutter_10.txt"]}, {"id": 15, "parent": 30, "children": [], "label": "board", "path": ["/data/S3DIS/Stanford3dDataset_v1.2_Aligned_Version/Area_2/office_6/Annotations/board_1.txt"]}, {"id": 16, "parent": -1, "children": [], "label": "clutter", "path": ["/data/S3DIS/Stanford3dDataset_v1.2_Aligned_Version/Area_2/office_6/Annotations/clutter_4.txt"]}, {"id": 17, "parent": -1, "children": [], "label": "clutter", "path": ["/data/S3DIS/Stanford3dDataset_v1.2_Aligned_Version/Area_2/office_6/Annotations/clutter_11.txt"]}, {"id": 18, "parent": 29, "children": [], "label": "bookcase", "path": ["/data/S3DIS/Stanford3dDataset_v1.2_Aligned_Version/Area_2/office_6/Annotations/bookcase_1.txt"]}, {"id": 19, "parent": 26, "children": [], "label": "wall", "path": ["/data/S3DIS/Stanford3dDataset_v1.2_Aligned_Version/Area_2/office_6/Annotations/wall_1.txt"]}, {"id": 21, "parent": 26, "children": [], "label": "wall", "path": ["/data/S3DIS/Stanford3dDataset_v1.2_Aligned_Version/Area_2/office_6/Annotations/wall_4.txt"]}, {"id": 22, "parent": -1, "children": [], "label": "clutter", "path": ["/data/S3DIS/Stanford3dDataset_v1.2_Aligned_Version/Area_2/office_6/Annotations/clutter_3.txt"]}, {"id": 23, "parent": 26, "children": [], "label": "wall", "path": ["/data/S3DIS/Stanford3dDataset_v1.2_Aligned_Version/Area_2/office_6/Annotations/wall_3.txt"]}, {"id": 24, "parent": 32, "children": [0], "label": "floor group", "path": ["/data/S3DIS/Stanford3dDataset_v1.2_Aligned_Version/Area_2/office_6/Annotations/floor_1.txt"]}, {"id": 25, "parent": 32, "children": [4], "label": "ceiling group", "path": ["/data/S3DIS/Stanford3dDataset_v1.2_Aligned_Version/Area_2/office_6/Annotations/ceiling_1.txt"]}, {"id": 26, "parent": 32, "children": [7, 19, 21, 23], "label": "wall group", "path": ["/data/S3DIS/Stanford3dDataset_v1.2_Aligned_Version/Area_2/office_6/Annotations/wall_2.txt", "/data/S3DIS/Stanford3dDataset_v1.2_Aligned_Version/Area_2/office_6/Annotations/wall_1.txt", "/data/S3DIS/Stanford3dDataset_v1.2_Aligned_Version/Area_2/office_6/Annotations/wall_4.txt", "/data/S3DIS/Stanford3dDataset_v1.2_Aligned_Version/Area_2/office_6/Annotations/wall_3.txt"]}, {"id": 27, "parent": 33, "children": [1], "label": "door group", "path": ["/data/S3DIS/Stanford3dDataset_v1.2_Aligned_Version/Area_2/office_6/Annotations/door_1.txt"]}, {"id": 28, "parent": 34, "children": [2], "label": "bookcase group", "path": ["/data/S3DIS/Stanford3dDataset_v1.2_Aligned_Version/Area_2/office_6/Annotations/bookcase_2.txt"]}, {"id": 29, "parent": 35, "children": [18], "label": "bookcase  group", "path": ["/data/S3DIS/Stanford3dDataset_v1.2_Aligned_Version/Area_2/office_6/Annotations/bookcase_1.txt"]}, {"id": 30, "parent": 32, "children": [15], "label": "board group", "path": ["/data/S3DIS/Stanford3dDataset_v1.2_Aligned_Version/Area_2/office_6/Annotations/board_1.txt"]}, {"id": 31, "parent": 32, "children": [9], "label": "board group", "path": ["/data/S3DIS/Stanford3dDataset_v1.2_Aligned_Version/Area_2/office_6/Annotations/board_2.txt"]}, {"id": 32, "parent": -1, "children": [24, 25, 26, 30, 31], "label": "building area", "path": ["/data/S3DIS/Stanford3dDataset_v1.2_Aligned_Version/Area_2/office_6/Annotations/floor_1.txt", "/data/S3DIS/Stanford3dDataset_v1.2_Aligned_Version/Area_2/office_6/Annotations/ceiling_1.txt", "/data/S3DIS/Stanford3dDataset_v1.2_Aligned_Version/Area_2/office_6/Annotations/wall_2.txt", "/data/S3DIS/Stanford3dDataset_v1.2_Aligned_Version/Area_2/office_6/Annotations/wall_1.txt", "/data/S3DIS/Stanford3dDataset_v1.2_Aligned_Version/Area_2/office_6/Annotations/wall_4.txt", "/data/S3DIS/Stanford3dDataset_v1.2_Aligned_Version/Area_2/office_6/Annotations/wall_3.txt", "/data/S3DIS/Stanford3dDataset_v1.2_Aligned_Version/Area_2/office_6/Annotations/board_1.txt", "/data/S3DIS/Stanford3dDataset_v1.2_Aligned_Version/Area_2/office_6/Annotations/board_2.txt"]}, {"id": 33, "parent": -1, "children": [27], "label": "entrance area", "path": ["/data/S3DIS/Stanford3dDataset_v1.2_Aligned_Version/Area_2/office_6/Annotations/door_1.txt"]}, {"id": 34, "parent": -1, "children": [28], "label": "case area", "path": ["/data/S3DIS/Stanford3dDataset_v1.2_Aligned_Version/Area_2/office_6/Annotations/bookcase_2.txt"]}, {"id": 35, "parent": -1, "children": [29], "label": "case area", "path": ["/data/S3DIS/Stanford3dDataset_v1.2_Aligned_Version/Area_2/office_6/Annotations/bookcase_1.txt"]}]