[
  {
    "id": 0,
    "parent": 51,
    "children": [],
    "label": "ceiling",
    "path": [
      "/data/S3DIS/Stanford3dDataset_v1.2_Aligned_Version/Area_2/office_4/Annotations/ceiling_2.txt"
    ]
  },
  {
    "id": 1,
    "parent": 52,
    "children": [],
    "label": "floor",
    "path": [
      "/data/S3DIS/Stanford3dDataset_v1.2_Aligned_Version/Area_2/office_4/Annotations/floor_1.txt"
    ]
  },
  {
    "id": 2,
    "parent": -1,
    "children": [],
    "label": "clutter",
    "path": [
      "/data/S3DIS/Stanford3dDataset_v1.2_Aligned_Version/Area_2/office_4/Annotations/clutter_13.txt"
    ]
  },
  {
    "id": 3,
    "parent": 61,
    "children": [],
    "label": "door",
    "path": [
      "/data/S3DIS/Stanford3dDataset_v1.2_Aligned_Version/Area_2/office_4/Annotations/door_1.txt"
    ]
  },
  {
    "id": 4,
    "parent": 53,
    "children": [],
    "label": "wall",
    "path": [
      "/data/S3DIS/Stanford3dDataset_v1.2_Aligned_Version/Area_2/office_4/Annotations/wall_6.txt"
    ]
  },
  {
    "id": 5,
    "parent": 52,
    "children": [],
    "label": "floor",
    "path": [
      "/data/S3DIS/Stanford3dDataset_v1.2_Aligned_Version/Area_2/office_4/Annotations/floor_2.txt"
    ]
  },
  {
    "id": 6,
    "parent": 54,
    "children": [],
    "label": "bookcase",
    "path": [
      "/data/S3DIS/Stanford3dDataset_v1.2_Aligned_Version/Area_2/office_4/Annotations/bookcase_2.txt"
    ]
  },
  {
    "id": 7,
    "parent": -1,
    "children": [],
    "label": "clutter",
    "path": [
      "/data/S3DIS/Stanford3dDataset_v1.2_Aligned_Version/Area_2/office_4/Annotations/clutter_5.txt"
    ]
  },
  {
    "id": 8,
    "parent": 57,
    "children": [],
    "label": "table",
    "path": [
      "/data/S3DIS/Stanford3dDataset_v1.2_Aligned_Version/Area_2/office_4/Annotations/table_2.txt"
    ]
  },
  {
    "id": 9,
    "parent": 51,
    "children": [],
    "label": "ceiling",
    "path": [
      "/data/S3DIS/Stanford3dDataset_v1.2_Aligned_Version/Area_2/office_4/Annotations/ceiling_1.txt"
    ]
  },
  {
    "id": 10,
    "parent": 55,
    "children": [],
    "label": "bookcase",
    "path": [
      "/data/S3DIS/Stanford3dDataset_v1.2_Aligned_Version/Area_2/office_4/Annotations/bookcase_3.txt"
    ]
  },
  {
    "id": 11,
    "parent": -1,
    "children": [],
    "label": "clutter",
    "path": [
      "/data/S3DIS/Stanford3dDataset_v1.2_Aligned_Version/Area_2/office_4/Annotations/clutter_9.txt"
    ]
  },
  {
    "id": 12,
    "parent": -1,
    "children": [],
    "label": "clutter",
    "path": [
      "/data/S3DIS/Stanford3dDataset_v1.2_Aligned_Version/Area_2/office_4/Annotations/clutter_2.txt"
    ]
  },
  {
    "id": 13,
    "parent": 53,
    "children": [],
    "label": "wall",
    "path": [
      "/data/S3DIS/Stanford3dDataset_v1.2_Aligned_Version/Area_2/office_4/Annotations/wall_2.txt"
    ]
  },
  {
    "id": 14,
    "parent": 63,
    "children": [],
    "label": "column",
    "path": [
      "/data/S3DIS/Stanford3dDataset_v1.2_Aligned_Version/Area_2/office_4/Annotations/column_4.txt"
    ]
  },
  {
    "id": 15,
    "parent": -1,
    "children": [],
    "label": "clutter",
    "path": [
      "/data/S3DIS/Stanford3dDataset_v1.2_Aligned_Version/Area_2/office_4/Annotations/clutter_1.txt"
    ]
  },
  {
    "id": 16,
    "parent": -1,
    "children": [],
    "label": "clutter",
    "path": [
      "/data/S3DIS/Stanford3dDataset_v1.2_Aligned_Version/Area_2/office_4/Annotations/clutter_12.txt"
    ]
  },
  {
    "id": 17,
    "parent": -1,
    "children": [],
    "label": "clutter",
    "path": [
      "/data/S3DIS/Stanford3dDataset_v1.2_Aligned_Version/Area_2/office_4/Annotations/clutter_7.txt"
    ]
  },
  {
    "id": 18,
    "parent": 60,
    "children": [],
    "label": "chair",
    "path": [
      "/data/S3DIS/Stanford3dDataset_v1.2_Aligned_Version/Area_2/office_4/Annotations/chair_1.txt"
    ]
  },
  {
    "id": 19,
    "parent": -1,
    "children": [],
    "label": "clutter",
    "path": [
      "/data/S3DIS/Stanford3dDataset_v1.2_Aligned_Version/Area_2/office_4/Annotations/clutter_8.txt"
    ]
  },
  {
    "id": 20,
    "parent": 53,
    "children": [],
    "label": "wall",
    "path": [
      "/data/S3DIS/Stanford3dDataset_v1.2_Aligned_Version/Area_2/office_4/Annotations/wall_7.txt"
    ]
  },
  {
    "id": 21,
    "parent": 56,
    "children": [],
    "label": "bookcase",
    "path": [
      "/data/S3DIS/Stanford3dDataset_v1.2_Aligned_Version/Area_2/office_4/Annotations/bookcase_4.txt"
    ]
  },
  {
    "id": 22,
    "parent": 53,
    "children": [],
    "label": "wall",
    "path": [
      "/data/S3DIS/Stanford3dDataset_v1.2_Aligned_Version/Area_2/office_4/Annotations/wall_5.txt"
    ]
  },
  {
    "id": 23,
    "parent": -1,
    "children": [],
    "label": "clutter",
    "path": [
      "/data/S3DIS/Stanford3dDataset_v1.2_Aligned_Version/Area_2/office_4/Annotations/clutter_6.txt"
    ]
  },
  {
    "id": 24,
    "parent": 59,
    "children": [],
    "label": "chair",
    "path": [
      "/data/S3DIS/Stanford3dDataset_v1.2_Aligned_Version/Area_2/office_4/Annotations/chair_6.txt"
    ]
  },
  {
    "id": 25,
    "parent": -1,
    "children": [],
    "label": "clutter",
    "path": [
      "/data/S3DIS/Stanford3dDataset_v1.2_Aligned_Version/Area_2/office_4/Annotations/clutter_10.txt"
    ]
  },
  {
    "id": 26,
    "parent": 65,
    "children": [],
    "label": "board",
    "path": [
      "/data/S3DIS/Stanford3dDataset_v1.2_Aligned_Version/Area_2/office_4/Annotations/board_1.txt"
    ]
  },
  {
    "id": 27,
    "parent": 62,
    "children": [],
    "label": "window",
    "path": [
      "/data/S3DIS/Stanford3dDataset_v1.2_Aligned_Version/Area_2/office_4/Annotations/window_2.txt"
    ]
  },
  {
    "id": 28,
    "parent": -1,
    "children": [],
    "label": "clutter",
    "path": [
      "/data/S3DIS/Stanford3dDataset_v1.2_Aligned_Version/Area_2/office_4/Annotations/clutter_4.txt"
    ]
  },
  {
    "id": 29,
    "parent": 59,
    "children": [],
    "label": "chair",
    "path": [
      "/data/S3DIS/Stanford3dDataset_v1.2_Aligned_Version/Area_2/office_4/Annotations/chair_5.txt"
    ]
  },
  {
    "id": 30,
    "parent": -1,
    "children": [],
    "label": "clutter",
    "path": [
      "/data/S3DIS/Stanford3dDataset_v1.2_Aligned_Version/Area_2/office_4/Annotations/clutter_11.txt"
    ]
  },
  {
    "id": 31,
    "parent": 62,
    "children": [],
    "label": "window",
    "path": [
      "/data/S3DIS/Stanford3dDataset_v1.2_Aligned_Version/Area_2/office_4/Annotations/window_3.txt"
    ]
  },
  {
    "id": 32,
    "parent": 62,
    "children": [],
    "label": "window",
    "path": [
      "/data/S3DIS/Stanford3dDataset_v1.2_Aligned_Version/Area_2/office_4/Annotations/window_1.txt"
    ]
  },
  {
    "id": 33,
    "parent": 59,
    "children": [],
    "label": "chair",
    "path": [
      "/data/S3DIS/Stanford3dDataset_v1.2_Aligned_Version/Area_2/office_4/Annotations/chair_4.txt"
    ]
  },
  {
    "id": 34,
    "parent": 64,
    "children": [],
    "label": "bookcase",
    "path": [
      "/data/S3DIS/Stanford3dDataset_v1.2_Aligned_Version/Area_2/office_4/Annotations/bookcase_1.txt"
    ]
  },
  {
    "id": 35,
    "parent": 53,
    "children": [],
    "label": "wall",
    "path": [
      "/data/S3DIS/Stanford3dDataset_v1.2_Aligned_Version/Area_2/office_4/Annotations/wall_1.txt"
    ]
  },
  {
    "id": 36,
    "parent": 59,
    "children": [],
    "label": "chair",
    "path": [
      "/data/S3DIS/Stanford3dDataset_v1.2_Aligned_Version/Area_2/office_4/Annotations/chair_7.txt"
    ]
  },
  {
    "id": 37,
    "parent": 63,
    "children": [],
    "label": "column",
    "path": [
      "/data/S3DIS/Stanford3dDataset_v1.2_Aligned_Version/Area_2/office_4/Annotations/column_1.txt"
    ]
  },
  {
    "id": 38,
    "parent": 60,
    "children": [],
    "label": "chair",
    "path": [
      "/data/S3DIS/Stanford3dDataset_v1.2_Aligned_Version/Area_2/office_4/Annotations/chair_3.txt"
    ]
  },
  {
    "id": 39,
    "parent": 63,
    "children": [],
    "label": "column",
    "path": [
      "/data/S3DIS/Stanford3dDataset_v1.2_Aligned_Version/Area_2/office_4/Annotations/column_3.txt"
    ]
  },
  {
    "id": 40,
    "parent": 58,
    "children": [],
    "label": "table",
    "path": [
      "/data/S3DIS/Stanford3dDataset_v1.2_Aligned_Version/Area_2/office_4/Annotations/table_3.txt"
    ]
  },
  {
    "id": 41,
    "parent": -1,
    "children": [],
    "label": "clutter",
    "path": [
      "/data/S3DIS/Stanford3dDataset_v1.2_Aligned_Version/Area_2/office_4/Annotations/clutter_14.txt"
    ]
  },
  {
    "id": 43,
    "parent": 57,
    "children": [],
    "label": "table",
    "path": [
      "/data/S3DIS/Stanford3dDataset_v1.2_Aligned_Version/Area_2/office_4/Annotations/table_1.txt"
    ]
  },
  {
    "id": 44,
    "parent": 53,
    "children": [],
    "label": "wall",
    "path": [
      "/data/S3DIS/Stanford3dDataset_v1.2_Aligned_Version/Area_2/office_4/Annotations/wall_4.txt"
    ]
  },
  {
    "id": 45,
    "parent": -1,
    "children": [],
    "label": "clutter",
    "path": [
      "/data/S3DIS/Stanford3dDataset_v1.2_Aligned_Version/Area_2/office_4/Annotations/clutter_15.txt"
    ]
  },
  {
    "id": 46,
    "parent": 53,
    "children": [],
    "label": "wall",
    "path": [
      "/data/S3DIS/Stanford3dDataset_v1.2_Aligned_Version/Area_2/office_4/Annotations/wall_8.txt"
    ]
  },
  {
    "id": 47,
    "parent": -1,
    "children": [],
    "label": "clutter",
    "path": [
      "/data/S3DIS/Stanford3dDataset_v1.2_Aligned_Version/Area_2/office_4/Annotations/clutter_3.txt"
    ]
  },
  {
    "id": 48,
    "parent": 63,
    "children": [],
    "label": "column",
    "path": [
      "/data/S3DIS/Stanford3dDataset_v1.2_Aligned_Version/Area_2/office_4/Annotations/column_2.txt"
    ]
  },
  {
    "id": 49,
    "parent": 60,
    "children": [],
    "label": "chair",
    "path": [
      "/data/S3DIS/Stanford3dDataset_v1.2_Aligned_Version/Area_2/office_4/Annotations/chair_2.txt"
    ]
  },
  {
    "id": 50,
    "parent": 53,
    "children": [],
    "label": "wall",
    "path": [
      "/data/S3DIS/Stanford3dDataset_v1.2_Aligned_Version/Area_2/office_4/Annotations/wall_3.txt"
    ]
  },
  {
    "id": 51,
    "parent": 66,
    "children": [
      0,
      9
    ],
    "label": "ceiling group",
    "path": [
      "/data/S3DIS/Stanford3dDataset_v1.2_Aligned_Version/Area_2/office_4/Annotations/ceiling_2.txt",
      "/data/S3DIS/Stanford3dDataset_v1.2_Aligned_Version/Area_2/office_4/Annotations/ceiling_1.txt"
    ]
  },
  {
    "id": 52,
    "parent": 66,
    "children": [
      1,
      5
    ],
    "label": "floor group",
    "path": [
      "/data/S3DIS/Stanford3dDataset_v1.2_Aligned_Version/Area_2/office_4/Annotations/floor_1.txt",
      "/data/S3DIS/Stanford3dDataset_v1.2_Aligned_Version/Area_2/office_4/Annotations/floor_2.txt"
    ]
  },
  {
    "id": 53,
    "parent": 66,
    "children": [
      4,
      13,
      20,
      22,
      35,
      44,
      46,
      50
    ],
    "label": "wall group",
    "path": [
      "/data/S3DIS/Stanford3dDataset_v1.2_Aligned_Version/Area_2/office_4/Annotations/wall_6.txt",
      "/data/S3DIS/Stanford3dDataset_v1.2_Aligned_Version/Area_2/office_4/Annotations/wall_2.txt",
      "/data/S3DIS/Stanford3dDataset_v1.2_Aligned_Version/Area_2/office_4/Annotations/wall_7.txt",
      "/data/S3DIS/Stanford3dDataset_v1.2_Aligned_Version/Area_2/office_4/Annotations/wall_5.txt",
      "/data/S3DIS/Stanford3dDataset_v1.2_Aligned_Version/Area_2/office_4/Annotations/wall_1.txt",
      "/data/S3DIS/Stanford3dDataset_v1.2_Aligned_Version/Area_2/office_4/Annotations/wall_4.txt",
      "/data/S3DIS/Stanford3dDataset_v1.2_Aligned_Version/Area_2/office_4/Annotations/wall_8.txt",
      "/data/S3DIS/Stanford3dDataset_v1.2_Aligned_Version/Area_2/office_4/Annotations/wall_3.txt"
    ]
  },
  {
    "id": 54,
    "parent": 70,
    "children": [
      6
    ],
    "label": "bookcase group",
    "path": [
      "/data/S3DIS/Stanford3dDataset_v1.2_Aligned_Version/Area_2/office_4/Annotations/bookcase_2.txt"
    ]
  },
  {
    "id": 55,
    "parent": 71,
    "children": [
      10
    ],
    "label": "bookcase group",
    "path": [
      "/data/S3DIS/Stanford3dDataset_v1.2_Aligned_Version/Area_2/office_4/Annotations/bookcase_3.txt"
    ]
  },
  {
    "id": 56,
    "parent": 73,
    "children": [
      21
    ],
    "label": "bookcase group",
    "path": [
      "/data/S3DIS/Stanford3dDataset_v1.2_Aligned_Version/Area_2/office_4/Annotations/bookcase_4.txt"
    ]
  },
  {
    "id": 57,
    "parent": 68,
    "children": [
      8,
      43
    ],
    "label": "table group",
    "path": [
      "/data/S3DIS/Stanford3dDataset_v1.2_Aligned_Version/Area_2/office_4/Annotations/table_2.txt",
      "/data/S3DIS/Stanford3dDataset_v1.2_Aligned_Version/Area_2/office_4/Annotations/table_1.txt"
    ]
  },
  {
    "id": 58,
    "parent": 69,
    "children": [
      40
    ],
    "label": "table group",
    "path": [
      "/data/S3DIS/Stanford3dDataset_v1.2_Aligned_Version/Area_2/office_4/Annotations/table_3.txt"
    ]
  },
  {
    "id": 59,
    "parent": 69,
    "children": [
      24,
      29,
      33,
      36
    ],
    "label": "chair group",
    "path": [
      "/data/S3DIS/Stanford3dDataset_v1.2_Aligned_Version/Area_2/office_4/Annotations/chair_6.txt",
      "/data/S3DIS/Stanford3dDataset_v1.2_Aligned_Version/Area_2/office_4/Annotations/chair_5.txt",
      "/data/S3DIS/Stanford3dDataset_v1.2_Aligned_Version/Area_2/office_4/Annotations/chair_4.txt",
      "/data/S3DIS/Stanford3dDataset_v1.2_Aligned_Version/Area_2/office_4/Annotations/chair_7.txt"
    ]
  },
  {
    "id": 60,
    "parent": 68,
    "children": [
      18,
      38,
      49
    ],
    "label": "chair group",
    "path": [
      "/data/S3DIS/Stanford3dDataset_v1.2_Aligned_Version/Area_2/office_4/Annotations/chair_1.txt",
      "/data/S3DIS/Stanford3dDataset_v1.2_Aligned_Version/Area_2/office_4/Annotations/chair_3.txt",
      "/data/S3DIS/Stanford3dDataset_v1.2_Aligned_Version/Area_2/office_4/Annotations/chair_2.txt"
    ]
  },
  {
    "id": 61,
    "parent": 67,
    "children": [
      3
    ],
    "label": "door group",
    "path": [
      "/data/S3DIS/Stanford3dDataset_v1.2_Aligned_Version/Area_2/office_4/Annotations/door_1.txt"
    ]
  },
  {
    "id": 62,
    "parent": 66,
    "children": [
      27,
      31,
      32
    ],
    "label": "window group",
    "path": [
      "/data/S3DIS/Stanford3dDataset_v1.2_Aligned_Version/Area_2/office_4/Annotations/window_2.txt",
      "/data/S3DIS/Stanford3dDataset_v1.2_Aligned_Version/Area_2/office_4/Annotations/window_3.txt",
      "/data/S3DIS/Stanford3dDataset_v1.2_Aligned_Version/Area_2/office_4/Annotations/window_1.txt"
    ]
  },
  {
    "id": 63,
    "parent": 66,
    "children": [
      14,
      37,
      39,
      48
    ],
    "label": "cloumn group",
    "path": [
      "/data/S3DIS/Stanford3dDataset_v1.2_Aligned_Version/Area_2/office_4/Annotations/column_4.txt",
      "/data/S3DIS/Stanford3dDataset_v1.2_Aligned_Version/Area_2/office_4/Annotations/column_1.txt",
      "/data/S3DIS/Stanford3dDataset_v1.2_Aligned_Version/Area_2/office_4/Annotations/column_3.txt",
      "/data/S3DIS/Stanford3dDataset_v1.2_Aligned_Version/Area_2/office_4/Annotations/column_2.txt"
    ]
  },
  {
    "id": 64,
    "parent": 72,
    "children": [
      34
    ],
    "label": "bookcase group",
    "path": [
      "/data/S3DIS/Stanford3dDataset_v1.2_Aligned_Version/Area_2/office_4/Annotations/bookcase_1.txt"
    ]
  },
  {
    "id": 65,
    "parent": 66,
    "children": [
      26
    ],
    "label": "board group",
    "path": [
      "/data/S3DIS/Stanford3dDataset_v1.2_Aligned_Version/Area_2/office_4/Annotations/board_1.txt"
    ]
  },
  {
    "id": 66,
    "parent": -1,
    "children": [
      51,
      52,
      53,
      62,
      63,
      65
    ],
    "label": "building area",
    "path": [
      "/data/S3DIS/Stanford3dDataset_v1.2_Aligned_Version/Area_2/office_4/Annotations/ceiling_2.txt",
      "/data/S3DIS/Stanford3dDataset_v1.2_Aligned_Version/Area_2/office_4/Annotations/ceiling_1.txt",
      "/data/S3DIS/Stanford3dDataset_v1.2_Aligned_Version/Area_2/office_4/Annotations/floor_1.txt",
      "/data/S3DIS/Stanford3dDataset_v1.2_Aligned_Version/Area_2/office_4/Annotations/floor_2.txt",
      "/data/S3DIS/Stanford3dDataset_v1.2_Aligned_Version/Area_2/office_4/Annotations/wall_6.txt",
      "/data/S3DIS/Stanford3dDataset_v1.2_Aligned_Version/Area_2/office_4/Annotations/wall_2.txt",
      "/data/S3DIS/Stanford3dDataset_v1.2_Aligned_Version/Area_2/office_4/Annotations/wall_7.txt",
      "/data/S3DIS/Stanford3dDataset_v1.2_Aligned_Version/Area_2/office_4/Annotations/wall_5.txt",
      "/data/S3DIS/Stanford3dDataset_v1.2_Aligned_Version/Area_2/office_4/Annotations/wall_1.txt",
      "/data/S3DIS/Stanford3dDataset_v1.2_Aligned_Version/Area_2/office_4/Annotations/wall_4.txt",
      "/data/S3DIS/Stanford3dDataset_v1.2_Aligned_Version/Area_2/office_4/Annotations/wall_8.txt",
      "/data/S3DIS/Stanford3dDataset_v1.2_Aligned_Version/Area_2/office_4/Annotations/wall_3.txt",
      "/data/S3DIS/Stanford3dDataset_v1.2_Aligned_Version/Area_2/office_4/Annotations/window_2.txt",
      "/data/S3DIS/Stanford3dDataset_v1.2_Aligned_Version/Area_2/office_4/Annotations/window_3.txt",
      "/data/S3DIS/Stanford3dDataset_v1.2_Aligned_Version/Area_2/office_4/Annotations/window_1.txt",
      "/data/S3DIS/Stanford3dDataset_v1.2_Aligned_Version/Area_2/office_4/Annotations/column_4.txt",
      "/data/S3DIS/Stanford3dDataset_v1.2_Aligned_Version/Area_2/office_4/Annotations/column_1.txt",
      "/data/S3DIS/Stanford3dDataset_v1.2_Aligned_Version/Area_2/office_4/Annotations/column_3.txt",
      "/data/S3DIS/Stanford3dDataset_v1.2_Aligned_Version/Area_2/office_4/Annotations/column_2.txt",
      "/data/S3DIS/Stanford3dDataset_v1.2_Aligned_Version/Area_2/office_4/Annotations/board_1.txt"
    ]
  },
  {
    "id": 67,
    "parent": -1,
    "children": [
      61
    ],
    "label": "entrance area",
    "path": [
      "/data/S3DIS/Stanford3dDataset_v1.2_Aligned_Version/Area_2/office_4/Annotations/door_1.txt"
    ]
  },
  {
    "id": 68,
    "parent": -1,
    "children": [
      57,
      60
    ],
    "label": "office area",
    "path": [
      "/data/S3DIS/Stanford3dDataset_v1.2_Aligned_Version/Area_2/office_4/Annotations/table_2.txt",
      "/data/S3DIS/Stanford3dDataset_v1.2_Aligned_Version/Area_2/office_4/Annotations/table_1.txt",
      "/data/S3DIS/Stanford3dDataset_v1.2_Aligned_Version/Area_2/office_4/Annotations/chair_1.txt",
      "/data/S3DIS/Stanford3dDataset_v1.2_Aligned_Version/Area_2/office_4/Annotations/chair_3.txt",
      "/data/S3DIS/Stanford3dDataset_v1.2_Aligned_Version/Area_2/office_4/Annotations/chair_2.txt"
    ]
  },
  {
    "id": 69,
    "parent": -1,
    "children": [
      58,
      59
    ],
    "label": "office area",
    "path": [
      "/data/S3DIS/Stanford3dDataset_v1.2_Aligned_Version/Area_2/office_4/Annotations/table_3.txt",
      "/data/S3DIS/Stanford3dDataset_v1.2_Aligned_Version/Area_2/office_4/Annotations/chair_6.txt",
      "/data/S3DIS/Stanford3dDataset_v1.2_Aligned_Version/Area_2/office_4/Annotations/chair_5.txt",
      "/data/S3DIS/Stanford3dDataset_v1.2_Aligned_Version/Area_2/office_4/Annotations/chair_4.txt",
      "/data/S3DIS/Stanford3dDataset_v1.2_Aligned_Version/Area_2/office_4/Annotations/chair_7.txt"
    ]
  },
  {
    "id": 70,
    "parent": -1,
    "children": [
      54
    ],
    "label": "case area",
    "path": [
      "/data/S3DIS/Stanford3dDataset_v1.2_Aligned_Version/Area_2/office_4/Annotations/bookcase_2.txt"
    ]
  },
  {
    "id": 71,
    "parent": -1,
    "children": [
      55
    ],
    "label": "case area",
    "path": [
      "/data/S3DIS/Stanford3dDataset_v1.2_Aligned_Version/Area_2/office_4/Annotations/bookcase_3.txt"
    ]
  },
  {
    "id": 72,
    "parent": -1,
    "children": [
      64
    ],
    "label": "case area",
    "path": [
      "/data/S3DIS/Stanford3dDataset_v1.2_Aligned_Version/Area_2/office_4/Annotations/bookcase_1.txt"
    ]
  },
  {
    "id": 73,
    "parent": -1,
    "children": [
      56
    ],
    "label": "case area",
    "path": [
      "/data/S3DIS/Stanford3dDataset_v1.2_Aligned_Version/Area_2/office_4/Annotations/bookcase_4.txt"
    ]
  }
]