[
  {
    "id": 0,
    "parent": 34,
    "children": [],
    "label": "ceiling",
    "path": [
      "/data/S3DIS/Stanford3dDataset_v1.2_Aligned_Version/Area_2/office_3/Annotations/ceiling_2.txt"
    ]
  },
  {
    "id": 1,
    "parent": 35,
    "children": [],
    "label": "floor",
    "path": [
      "/data/S3DIS/Stanford3dDataset_v1.2_Aligned_Version/Area_2/office_3/Annotations/floor_1.txt"
    ]
  },
  {
    "id": 2,
    "parent": -1,
    "children": [],
    "label": "clutter",
    "path": [
      "/data/S3DIS/Stanford3dDataset_v1.2_Aligned_Version/Area_2/office_3/Annotations/clutter_13.txt"
    ]
  },
  {
    "id": 3,
    "parent": 36,
    "children": [],
    "label": "door",
    "path": [
      "/data/S3DIS/Stanford3dDataset_v1.2_Aligned_Version/Area_2/office_3/Annotations/door_1.txt"
    ]
  },
  {
    "id": 4,
    "parent": 37,
    "children": [],
    "label": "wall",
    "path": [
      "/data/S3DIS/Stanford3dDataset_v1.2_Aligned_Version/Area_2/office_3/Annotations/wall_6.txt"
    ]
  },
  {
    "id": 5,
    "parent": -1,
    "children": [],
    "label": "clutter",
    "path": [
      "/data/S3DIS/Stanford3dDataset_v1.2_Aligned_Version/Area_2/office_3/Annotations/clutter_5.txt"
    ]
  },
  {
    "id": 6,
    "parent": 38,
    "children": [],
    "label": "table",
    "path": [
      "/data/S3DIS/Stanford3dDataset_v1.2_Aligned_Version/Area_2/office_3/Annotations/table_2.txt"
    ]
  },
  {
    "id": 7,
    "parent": 34,
    "children": [],
    "label": "ceiling",
    "path": [
      "/data/S3DIS/Stanford3dDataset_v1.2_Aligned_Version/Area_2/office_3/Annotations/ceiling_1.txt"
    ]
  },
  {
    "id": 8,
    "parent": -1,
    "children": [],
    "label": "clutter",
    "path": [
      "/data/S3DIS/Stanford3dDataset_v1.2_Aligned_Version/Area_2/office_3/Annotations/clutter_9.txt"
    ]
  },
  {
    "id": 9,
    "parent": -1,
    "children": [],
    "label": "clutter",
    "path": [
      "/data/S3DIS/Stanford3dDataset_v1.2_Aligned_Version/Area_2/office_3/Annotations/clutter_2.txt"
    ]
  },
  {
    "id": 10,
    "parent": 37,
    "children": [],
    "label": "wall",
    "path": [
      "/data/S3DIS/Stanford3dDataset_v1.2_Aligned_Version/Area_2/office_3/Annotations/wall_2.txt"
    ]
  },
  {
    "id": 11,
    "parent": -1,
    "children": [],
    "label": "clutter",
    "path": [
      "/data/S3DIS/Stanford3dDataset_v1.2_Aligned_Version/Area_2/office_3/Annotations/clutter_1.txt"
    ]
  },
  {
    "id": 12,
    "parent": -1,
    "children": [],
    "label": "clutter",
    "path": [
      "/data/S3DIS/Stanford3dDataset_v1.2_Aligned_Version/Area_2/office_3/Annotations/clutter_12.txt"
    ]
  },
  {
    "id": 13,
    "parent": -1,
    "children": [],
    "label": "clutter",
    "path": [
      "/data/S3DIS/Stanford3dDataset_v1.2_Aligned_Version/Area_2/office_3/Annotations/clutter_7.txt"
    ]
  },
  {
    "id": 14,
    "parent": 39,
    "children": [],
    "label": "chair",
    "path": [
      "/data/S3DIS/Stanford3dDataset_v1.2_Aligned_Version/Area_2/office_3/Annotations/chair_1.txt"
    ]
  },
  {
    "id": 15,
    "parent": -1,
    "children": [],
    "label": "clutter",
    "path": [
      "/data/S3DIS/Stanford3dDataset_v1.2_Aligned_Version/Area_2/office_3/Annotations/clutter_8.txt"
    ]
  },
  {
    "id": 16,
    "parent": 37,
    "children": [],
    "label": "wall",
    "path": [
      "/data/S3DIS/Stanford3dDataset_v1.2_Aligned_Version/Area_2/office_3/Annotations/wall_7.txt"
    ]
  },
  {
    "id": 17,
    "parent": 37,
    "children": [],
    "label": "wall",
    "path": [
      "/data/S3DIS/Stanford3dDataset_v1.2_Aligned_Version/Area_2/office_3/Annotations/wall_5.txt"
    ]
  },
  {
    "id": 18,
    "parent": -1,
    "children": [],
    "label": "clutter",
    "path": [
      "/data/S3DIS/Stanford3dDataset_v1.2_Aligned_Version/Area_2/office_3/Annotations/clutter_6.txt"
    ]
  },
  {
    "id": 19,
    "parent": -1,
    "children": [],
    "label": "clutter",
    "path": [
      "/data/S3DIS/Stanford3dDataset_v1.2_Aligned_Version/Area_2/office_3/Annotations/clutter_10.txt"
    ]
  },
  {
    "id": 20,
    "parent": -1,
    "children": [],
    "label": "clutter",
    "path": [
      "/data/S3DIS/Stanford3dDataset_v1.2_Aligned_Version/Area_2/office_3/Annotations/clutter_4.txt"
    ]
  },
  {
    "id": 21,
    "parent": -1,
    "children": [],
    "label": "clutter",
    "path": [
      "/data/S3DIS/Stanford3dDataset_v1.2_Aligned_Version/Area_2/office_3/Annotations/clutter_11.txt"
    ]
  },
  {
    "id": 22,
    "parent": 40,
    "children": [],
    "label": "bookcase",
    "path": [
      "/data/S3DIS/Stanford3dDataset_v1.2_Aligned_Version/Area_2/office_3/Annotations/bookcase_1.txt"
    ]
  },
  {
    "id": 23,
    "parent": 37,
    "children": [],
    "label": "wall",
    "path": [
      "/data/S3DIS/Stanford3dDataset_v1.2_Aligned_Version/Area_2/office_3/Annotations/wall_1.txt"
    ]
  },
  {
    "id": 24,
    "parent": 39,
    "children": [],
    "label": "chair",
    "path": [
      "/data/S3DIS/Stanford3dDataset_v1.2_Aligned_Version/Area_2/office_3/Annotations/chair_3.txt"
    ]
  },
  {
    "id": 25,
    "parent": 38,
    "children": [],
    "label": "table",
    "path": [
      "/data/S3DIS/Stanford3dDataset_v1.2_Aligned_Version/Area_2/office_3/Annotations/table_3.txt"
    ]
  },
  {
    "id": 26,
    "parent": -1,
    "children": [],
    "label": "clutter",
    "path": [
      "/data/S3DIS/Stanford3dDataset_v1.2_Aligned_Version/Area_2/office_3/Annotations/clutter_14.txt"
    ]
  },
  {
    "id": 28,
    "parent": 38,
    "children": [],
    "label": "table",
    "path": [
      "/data/S3DIS/Stanford3dDataset_v1.2_Aligned_Version/Area_2/office_3/Annotations/table_1.txt"
    ]
  },
  {
    "id": 29,
    "parent": 37,
    "children": [],
    "label": "wall",
    "path": [
      "/data/S3DIS/Stanford3dDataset_v1.2_Aligned_Version/Area_2/office_3/Annotations/wall_4.txt"
    ]
  },
  {
    "id": 30,
    "parent": -1,
    "children": [],
    "label": "clutter",
    "path": [
      "/data/S3DIS/Stanford3dDataset_v1.2_Aligned_Version/Area_2/office_3/Annotations/clutter_15.txt"
    ]
  },
  {
    "id": 31,
    "parent": -1,
    "children": [],
    "label": "clutter",
    "path": [
      "/data/S3DIS/Stanford3dDataset_v1.2_Aligned_Version/Area_2/office_3/Annotations/clutter_3.txt"
    ]
  },
  {
    "id": 32,
    "parent": 39,
    "children": [],
    "label": "chair",
    "path": [
      "/data/S3DIS/Stanford3dDataset_v1.2_Aligned_Version/Area_2/office_3/Annotations/chair_2.txt"
    ]
  },
  {
    "id": 33,
    "parent": 37,
    "children": [],
    "label": "wall",
    "path": [
      "/data/S3DIS/Stanford3dDataset_v1.2_Aligned_Version/Area_2/office_3/Annotations/wall_3.txt"
    ]
  },
  {
    "id": 34,
    "parent": 41,
    "children": [
      0,
      7
    ],
    "label": "ceiling group",
    "path": [
      "/data/S3DIS/Stanford3dDataset_v1.2_Aligned_Version/Area_2/office_3/Annotations/ceiling_2.txt",
      "/data/S3DIS/Stanford3dDataset_v1.2_Aligned_Version/Area_2/office_3/Annotations/ceiling_1.txt"
    ]
  },
  {
    "id": 35,
    "parent": 41,
    "children": [
      1
    ],
    "label": "floor group",
    "path": [
      "/data/S3DIS/Stanford3dDataset_v1.2_Aligned_Version/Area_2/office_3/Annotations/floor_1.txt"
    ]
  },
  {
    "id": 36,
    "parent": 42,
    "children": [
      3
    ],
    "label": "door group",
    "path": [
      "/data/S3DIS/Stanford3dDataset_v1.2_Aligned_Version/Area_2/office_3/Annotations/door_1.txt"
    ]
  },
  {
    "id": 37,
    "parent": 41,
    "children": [
      4,
      10,
      16,
      17,
      23,
      29,
      33
    ],
    "label": "wall group",
    "path": [
      "/data/S3DIS/Stanford3dDataset_v1.2_Aligned_Version/Area_2/office_3/Annotations/wall_6.txt",
      "/data/S3DIS/Stanford3dDataset_v1.2_Aligned_Version/Area_2/office_3/Annotations/wall_2.txt",
      "/data/S3DIS/Stanford3dDataset_v1.2_Aligned_Version/Area_2/office_3/Annotations/wall_7.txt",
      "/data/S3DIS/Stanford3dDataset_v1.2_Aligned_Version/Area_2/office_3/Annotations/wall_5.txt",
      "/data/S3DIS/Stanford3dDataset_v1.2_Aligned_Version/Area_2/office_3/Annotations/wall_1.txt",
      "/data/S3DIS/Stanford3dDataset_v1.2_Aligned_Version/Area_2/office_3/Annotations/wall_4.txt",
      "/data/S3DIS/Stanford3dDataset_v1.2_Aligned_Version/Area_2/office_3/Annotations/wall_3.txt"
    ]
  },
  {
    "id": 38,
    "parent": 43,
    "children": [
      6,
      25,
      28
    ],
    "label": "table group",
    "path": [
      "/data/S3DIS/Stanford3dDataset_v1.2_Aligned_Version/Area_2/office_3/Annotations/table_2.txt",
      "/data/S3DIS/Stanford3dDataset_v1.2_Aligned_Version/Area_2/office_3/Annotations/table_3.txt",
      "/data/S3DIS/Stanford3dDataset_v1.2_Aligned_Version/Area_2/office_3/Annotations/table_1.txt"
    ]
  },
  {
    "id": 39,
    "parent": 43,
    "children": [
      14,
      24,
      32
    ],
    "label": "chair group",
    "path": [
      "/data/S3DIS/Stanford3dDataset_v1.2_Aligned_Version/Area_2/office_3/Annotations/chair_1.txt",
      "/data/S3DIS/Stanford3dDataset_v1.2_Aligned_Version/Area_2/office_3/Annotations/chair_3.txt",
      "/data/S3DIS/Stanford3dDataset_v1.2_Aligned_Version/Area_2/office_3/Annotations/chair_2.txt"
    ]
  },
  {
    "id": 40,
    "parent": 44,
    "children": [
      22
    ],
    "label": "bookcase group",
    "path": [
      "/data/S3DIS/Stanford3dDataset_v1.2_Aligned_Version/Area_2/office_3/Annotations/bookcase_1.txt"
    ]
  },
  {
    "id": 41,
    "parent": -1,
    "children": [
      34,
      35,
      37
    ],
    "label": "building area",
    "path": [
      "/data/S3DIS/Stanford3dDataset_v1.2_Aligned_Version/Area_2/office_3/Annotations/ceiling_2.txt",
      "/data/S3DIS/Stanford3dDataset_v1.2_Aligned_Version/Area_2/office_3/Annotations/ceiling_1.txt",
      "/data/S3DIS/Stanford3dDataset_v1.2_Aligned_Version/Area_2/office_3/Annotations/floor_1.txt",
      "/data/S3DIS/Stanford3dDataset_v1.2_Aligned_Version/Area_2/office_3/Annotations/wall_6.txt",
      "/data/S3DIS/Stanford3dDataset_v1.2_Aligned_Version/Area_2/office_3/Annotations/wall_2.txt",
      "/data/S3DIS/Stanford3dDataset_v1.2_Aligned_Version/Area_2/office_3/Annotations/wall_7.txt",
      "/data/S3DIS/Stanford3dDataset_v1.2_Aligned_Version/Area_2/office_3/Annotations/wall_5.txt",
      "/data/S3DIS/Stanford3dDataset_v1.2_Aligned_Version/Area_2/office_3/Annotations/wall_1.txt",
      "/data/S3DIS/Stanford3dDataset_v1.2_Aligned_Version/Area_2/office_3/Annotations/wall_4.txt",
      "/data/S3DIS/Stanford3dDataset_v1.2_Aligned_Version/Area_2/office_3/Annotations/wall_3.txt"
    ]
  },
  {
    "id": 42,
    "parent": -1,
    "children": [
      36
    ],
    "label": "entrance area",
    "path": [
      "/data/S3DIS/Stanford3dDataset_v1.2_Aligned_Version/Area_2/office_3/Annotations/door_1.txt"
    ]
  },
  {
    "id": 43,
    "parent": -1,
    "children": [
      38,
      39
    ],
    "label": "office area",
    "path": [
      "/data/S3DIS/Stanford3dDataset_v1.2_Aligned_Version/Area_2/office_3/Annotations/table_2.txt",
      "/data/S3DIS/Stanford3dDataset_v1.2_Aligned_Version/Area_2/office_3/Annotations/table_3.txt",
      "/data/S3DIS/Stanford3dDataset_v1.2_Aligned_Version/Area_2/office_3/Annotations/table_1.txt",
      "/data/S3DIS/Stanford3dDataset_v1.2_Aligned_Version/Area_2/office_3/Annotations/chair_1.txt",
      "/data/S3DIS/Stanford3dDataset_v1.2_Aligned_Version/Area_2/office_3/Annotations/chair_3.txt",
      "/data/S3DIS/Stanford3dDataset_v1.2_Aligned_Version/Area_2/office_3/Annotations/chair_2.txt"
    ]
  },
  {
    "id": 44,
    "parent": -1,
    "children": [
      40
    ],
    "label": "case area",
    "path": [
      "/data/S3DIS/Stanford3dDataset_v1.2_Aligned_Version/Area_2/office_3/Annotations/bookcase_1.txt"
    ]
  }
]