[
  {
    "id": 0,
    "parent": 20,
    "children": [],
    "label": "ceiling",
    "path": [
      "/data/S3DIS/Stanford3dDataset_v1.2_Aligned_Version/Area_2/office_10/Annotations/ceiling_2.txt"
    ]
  },
  {
    "id": 1,
    "parent": 21,
    "children": [],
    "label": "floor",
    "path": [
      "/data/S3DIS/Stanford3dDataset_v1.2_Aligned_Version/Area_2/office_10/Annotations/floor_1.txt"
    ]
  },
  {
    "id": 2,
    "parent": 23,
    "children": [],
    "label": "door",
    "path": [
      "/data/S3DIS/Stanford3dDataset_v1.2_Aligned_Version/Area_2/office_10/Annotations/door_1.txt"
    ]
  },
  {
    "id": 3,
    "parent": -1,
    "children": [],
    "label": "clutter",
    "path": [
      "/data/S3DIS/Stanford3dDataset_v1.2_Aligned_Version/Area_2/office_10/Annotations/clutter_5.txt"
    ]
  },
  {
    "id": 4,
    "parent": 20,
    "children": [],
    "label": "ceiling",
    "path": [
      "/data/S3DIS/Stanford3dDataset_v1.2_Aligned_Version/Area_2/office_10/Annotations/ceiling_1.txt"
    ]
  },
  {
    "id": 5,
    "parent": -1,
    "children": [],
    "label": "clutter",
    "path": [
      "/data/S3DIS/Stanford3dDataset_v1.2_Aligned_Version/Area_2/office_10/Annotations/clutter_2.txt"
    ]
  },
  {
    "id": 6,
    "parent": 22,
    "children": [],
    "label": "wall",
    "path": [
      "/data/S3DIS/Stanford3dDataset_v1.2_Aligned_Version/Area_2/office_10/Annotations/wall_2.txt"
    ]
  },
  {
    "id": 7,
    "parent": -1,
    "children": [],
    "label": "clutter",
    "path": [
      "/data/S3DIS/Stanford3dDataset_v1.2_Aligned_Version/Area_2/office_10/Annotations/clutter_1.txt"
    ]
  },
  {
    "id": 8,
    "parent": 25,
    "children": [],
    "label": "chair",
    "path": [
      "/data/S3DIS/Stanford3dDataset_v1.2_Aligned_Version/Area_2/office_10/Annotations/chair_1.txt"
    ]
  },
  {
    "id": 9,
    "parent": 22,
    "children": [],
    "label": "wall",
    "path": [
      "/data/S3DIS/Stanford3dDataset_v1.2_Aligned_Version/Area_2/office_10/Annotations/wall_5.txt"
    ]
  },
  {
    "id": 10,
    "parent": -1,
    "children": [],
    "label": "clutter",
    "path": [
      "/data/S3DIS/Stanford3dDataset_v1.2_Aligned_Version/Area_2/office_10/Annotations/clutter_6.txt"
    ]
  },
  {
    "id": 11,
    "parent": -1,
    "children": [],
    "label": "clutter",
    "path": [
      "/data/S3DIS/Stanford3dDataset_v1.2_Aligned_Version/Area_2/office_10/Annotations/clutter_4.txt"
    ]
  },
  {
    "id": 12,
    "parent": 22,
    "children": [],
    "label": "wall",
    "path": [
      "/data/S3DIS/Stanford3dDataset_v1.2_Aligned_Version/Area_2/office_10/Annotations/wall_1.txt"
    ]
  },
  {
    "id": 13,
    "parent": 25,
    "children": [],
    "label": "chair",
    "path": [
      "/data/S3DIS/Stanford3dDataset_v1.2_Aligned_Version/Area_2/office_10/Annotations/chair_3.txt"
    ]
  },
  {
    "id": 15,
    "parent": 24,
    "children": [],
    "label": "table",
    "path": [
      "/data/S3DIS/Stanford3dDataset_v1.2_Aligned_Version/Area_2/office_10/Annotations/table_1.txt"
    ]
  },
  {
    "id": 16,
    "parent": 22,
    "children": [],
    "label": "wall",
    "path": [
      "/data/S3DIS/Stanford3dDataset_v1.2_Aligned_Version/Area_2/office_10/Annotations/wall_4.txt"
    ]
  },
  {
    "id": 17,
    "parent": -1,
    "children": [],
    "label": "clutter",
    "path": [
      "/data/S3DIS/Stanford3dDataset_v1.2_Aligned_Version/Area_2/office_10/Annotations/clutter_3.txt"
    ]
  },
  {
    "id": 18,
    "parent": 25,
    "children": [],
    "label": "chair",
    "path": [
      "/data/S3DIS/Stanford3dDataset_v1.2_Aligned_Version/Area_2/office_10/Annotations/chair_2.txt"
    ]
  },
  {
    "id": 19,
    "parent": 22,
    "children": [],
    "label": "wall",
    "path": [
      "/data/S3DIS/Stanford3dDataset_v1.2_Aligned_Version/Area_2/office_10/Annotations/wall_3.txt"
    ]
  },
  {
    "id": 20,
    "parent": 26,
    "children": [
      0,
      4
    ],
    "label": "ceiling group",
    "path": [
      "/data/S3DIS/Stanford3dDataset_v1.2_Aligned_Version/Area_2/office_10/Annotations/ceiling_2.txt",
      "/data/S3DIS/Stanford3dDataset_v1.2_Aligned_Version/Area_2/office_10/Annotations/ceiling_1.txt"
    ]
  },
  {
    "id": 21,
    "parent": 26,
    "children": [
      1
    ],
    "label": "floor group",
    "path": [
      "/data/S3DIS/Stanford3dDataset_v1.2_Aligned_Version/Area_2/office_10/Annotations/floor_1.txt"
    ]
  },
  {
    "id": 22,
    "parent": 26,
    "children": [
      6,
      9,
      12,
      16,
      19
    ],
    "label": "wall group",
    "path": [
      "/data/S3DIS/Stanford3dDataset_v1.2_Aligned_Version/Area_2/office_10/Annotations/wall_2.txt",
      "/data/S3DIS/Stanford3dDataset_v1.2_Aligned_Version/Area_2/office_10/Annotations/wall_5.txt",
      "/data/S3DIS/Stanford3dDataset_v1.2_Aligned_Version/Area_2/office_10/Annotations/wall_1.txt",
      "/data/S3DIS/Stanford3dDataset_v1.2_Aligned_Version/Area_2/office_10/Annotations/wall_4.txt",
      "/data/S3DIS/Stanford3dDataset_v1.2_Aligned_Version/Area_2/office_10/Annotations/wall_3.txt"
    ]
  },
  {
    "id": 23,
    "parent": 27,
    "children": [
      2
    ],
    "label": "door group",
    "path": [
      "/data/S3DIS/Stanford3dDataset_v1.2_Aligned_Version/Area_2/office_10/Annotations/door_1.txt"
    ]
  },
  {
    "id": 24,
    "parent": 28,
    "children": [
      15
    ],
    "label": "table group",
    "path": [
      "/data/S3DIS/Stanford3dDataset_v1.2_Aligned_Version/Area_2/office_10/Annotations/table_1.txt"
    ]
  },
  {
    "id": 25,
    "parent": 28,
    "children": [
      8,
      13,
      18
    ],
    "label": "chair group",
    "path": [
      "/data/S3DIS/Stanford3dDataset_v1.2_Aligned_Version/Area_2/office_10/Annotations/chair_1.txt",
      "/data/S3DIS/Stanford3dDataset_v1.2_Aligned_Version/Area_2/office_10/Annotations/chair_3.txt",
      "/data/S3DIS/Stanford3dDataset_v1.2_Aligned_Version/Area_2/office_10/Annotations/chair_2.txt"
    ]
  },
  {
    "id": 26,
    "parent": -1,
    "children": [
      20,
      21,
      22
    ],
    "label": "building area",
    "path": [
      "/data/S3DIS/Stanford3dDataset_v1.2_Aligned_Version/Area_2/office_10/Annotations/ceiling_2.txt",
      "/data/S3DIS/Stanford3dDataset_v1.2_Aligned_Version/Area_2/office_10/Annotations/ceiling_1.txt",
      "/data/S3DIS/Stanford3dDataset_v1.2_Aligned_Version/Area_2/office_10/Annotations/floor_1.txt",
      "/data/S3DIS/Stanford3dDataset_v1.2_Aligned_Version/Area_2/office_10/Annotations/wall_2.txt",
      "/data/S3DIS/Stanford3dDataset_v1.2_Aligned_Version/Area_2/office_10/Annotations/wall_5.txt",
      "/data/S3DIS/Stanford3dDataset_v1.2_Aligned_Version/Area_2/office_10/Annotations/wall_1.txt",
      "/data/S3DIS/Stanford3dDataset_v1.2_Aligned_Version/Area_2/office_10/Annotations/wall_4.txt",
      "/data/S3DIS/Stanford3dDataset_v1.2_Aligned_Version/Area_2/office_10/Annotations/wall_3.txt"
    ]
  },
  {
    "id": 27,
    "parent": -1,
    "children": [
      23
    ],
    "label": "entrance area",
    "path": [
      "/data/S3DIS/Stanford3dDataset_v1.2_Aligned_Version/Area_2/office_10/Annotations/door_1.txt"
    ]
  },
  {
    "id": 28,
    "parent": -1,
    "children": [
      24,
      25
    ],
    "label": "office area",
    "path": [
      "/data/S3DIS/Stanford3dDataset_v1.2_Aligned_Version/Area_2/office_10/Annotations/table_1.txt",
      "/data/S3DIS/Stanford3dDataset_v1.2_Aligned_Version/Area_2/office_10/Annotations/chair_1.txt",
      "/data/S3DIS/Stanford3dDataset_v1.2_Aligned_Version/Area_2/office_10/Annotations/chair_3.txt",
      "/data/S3DIS/Stanford3dDataset_v1.2_Aligned_Version/Area_2/office_10/Annotations/chair_2.txt"
    ]
  }
]