[{"id": 0, "parent": -1, "children": [], "label": "ceiling", "path": ["/data/S3DIS/Stanford3dDataset_v1.2_Aligned_Version/Area_2/storage_7/Annotations/ceiling_2.txt"]}, {"id": 1, "parent": -1, "children": [], "label": "floor", "path": ["/data/S3DIS/Stanford3dDataset_v1.2_Aligned_Version/Area_2/storage_7/Annotations/floor_1.txt"]}, {"id": 2, "parent": -1, "children": [], "label": "door", "path": ["/data/S3DIS/Stanford3dDataset_v1.2_Aligned_Version/Area_2/storage_7/Annotations/door_1.txt"]}, {"id": 3, "parent": -1, "children": [], "label": "wall", "path": ["/data/S3DIS/Stanford3dDataset_v1.2_Aligned_Version/Area_2/storage_7/Annotations/wall_6.txt"]}, {"id": 4, "parent": -1, "children": [], "label": "ceiling", "path": ["/data/S3DIS/Stanford3dDataset_v1.2_Aligned_Version/Area_2/storage_7/Annotations/ceiling_1.txt"]}, {"id": 5, "parent": -1, "children": [], "label": "door", "path": ["/data/S3DIS/Stanford3dDataset_v1.2_Aligned_Version/Area_2/storage_7/Annotations/door_2.txt"]}, {"id": 6, "parent": -1, "children": [], "label": "wall", "path": ["/data/S3DIS/Stanford3dDataset_v1.2_Aligned_Version/Area_2/storage_7/Annotations/wall_2.txt"]}, {"id": 7, "parent": -1, "children": [], "label": "clutter", "path": ["/data/S3DIS/Stanford3dDataset_v1.2_Aligned_Version/Area_2/storage_7/Annotations/clutter_1.txt"]}, {"id": 8, "parent": -1, "children": [], "label": "ceiling", "path": ["/data/S3DIS/Stanford3dDataset_v1.2_Aligned_Version/Area_2/storage_7/Annotations/ceiling_3.txt"]}, {"id": 9, "parent": -1, "children": [], "label": "chair", "path": ["/data/S3DIS/Stanford3dDataset_v1.2_Aligned_Version/Area_2/storage_7/Annotations/chair_1.txt"]}, {"id": 10, "parent": -1, "children": [], "label": "wall", "path": ["/data/S3DIS/Stanford3dDataset_v1.2_Aligned_Version/Area_2/storage_7/Annotations/wall_7.txt"]}, {"id": 11, "parent": -1, "children": [], "label": "wall", "path": ["/data/S3DIS/Stanford3dDataset_v1.2_Aligned_Version/Area_2/storage_7/Annotations/wall_5.txt"]}, {"id": 12, "parent": -1, "children": [], "label": "wall", "path": ["/data/S3DIS/Stanford3dDataset_v1.2_Aligned_Version/Area_2/storage_7/Annotations/wall_1.txt"]}, {"id": 14, "parent": -1, "children": [], "label": "wall", "path": ["/data/S3DIS/Stanford3dDataset_v1.2_Aligned_Version/Area_2/storage_7/Annotations/wall_4.txt"]}, {"id": 15, "parent": -1, "children": [], "label": "chair", "path": ["/data/S3DIS/Stanford3dDataset_v1.2_Aligned_Version/Area_2/storage_7/Annotations/chair_2.txt"]}, {"id": 16, "parent": -1, "children": [], "label": "wall", "path": ["/data/S3DIS/Stanford3dDataset_v1.2_Aligned_Version/Area_2/storage_7/Annotations/wall_3.txt"]}]